anon_id,label,split,duracion_s,silencio_pct,c0_voz_db,c0_silencio_db,c0_snr_db,c0_ceros_pct,c0_saturado_pct,c0_dc,c0_valores_distintos,c0_pico,c0_voz_graves_pct,c0_voz_agudos_pct,c0_voz_centroide_hz,c0_silencio_graves_pct,c0_silencio_agudos_pct,c0_silencio_centroide_hz,c0_silencio_inclinacion_db,c1_voz_db,c1_silencio_db,c1_snr_db,c1_ceros_pct,c1_saturado_pct,c1_dc,c1_valores_distintos,c1_pico,c1_voz_graves_pct,c1_voz_agudos_pct,c1_voz_centroide_hz,c1_silencio_graves_pct,c1_silencio_agudos_pct,c1_silencio_centroide_hz,c1_silencio_inclinacion_db,c0_eco_db,agente_pct,agente_turnos_min,agente_turno_mediana_s,agente_latencia_mediana_s,agente_interrupciones_min,llamante_latencia_mediana_s
call_0181ce113ebe,synthetic,train,170.22,21.806999765009987,-26.600468,-72.243645,45.643177,0.1377294508669547,0.0012865409801898421,4.23778345670309,252,32124,39.090237,0.0130983,460.00746054594924,8.080294,13.995866,1938.3460210588025,0.6227188,-21.758286,-59.14479,37.386505,5.032681279233834,0.0,-1.8632387498531313,248,30076,19.624512,0.0038072434,627.2955207303673,48.523678,0.11520999,651.5312597036559,14.493446,0.0,42.1219598167078,6.6972153683468445,4.039999999999992,1.8400000000000034,0.0,3.2600000000000193
call_018c9d3823ac,synthetic,train,128.22,15.769770706598035,-12.709552,-72.243645,59.534092,0.15207715133531155,0.11822014585232452,2.719946186242396,255,32124,25.627607,0.020891815,517.5044961147486,8.488966,13.81285,1928.1585202473398,0.6134796,-21.734207,-59.114338,37.38013,5.090875370919881,0.0,-2.160383520511621,250,28028,21.473082,0.0034687219,614.9890862075333,53.087196,0.08450543,567.4080014529172,16.612106,0.0,45.437529246607404,6.551240056153486,2.07,1.4599999999999937,0.0,0.9200000000000017
call_01bf49059daf,synthetic,train,215.9,19.444187123668367,-15.656721,-72.243645,56.58692,0.19443782753692235,0.002555192150449714,3.1188420565076425,255,32124,22.358145,0.006456567,598.6453120574153,8.086793,14.027129,1941.0096092221925,0.5534897,-22.371334,-57.804127,35.432793,4.334504525964745,0.0,-1.8206183418249189,247,28028,23.802078,0.0034536119,592.0519891848437,47.534138,0.07744403,592.5792919618599,17.680176,0.0,40.194534506716096,6.66975451597962,2.719999999999997,1.6399999999999864,0.0,3.969999999999999
call_01c3806808d6,synthetic,train,149.12,24.946268106223176,-16.755564,-72.243645,55.488083,0.3084687784569169,0.0,4.7701482027896995,248,29052,6.475759,0.00570785,849.5033769146957,8.32441,13.753204,1927.9444370684828,0.6811905,-22.247646,-58.056244,35.808598,4.503375347363399,0.0,-1.901300965665236,241,25980,23.376743,0.0035859183,601.5313412894826,43.443394,0.101325445,699.4308621685772,15.115738,0.0,49.061158798283245,9.254291845493562,1.8800000000000001,2.019999999999996,0.0,2.6599999999999966
call_0294f969f98b,synthetic,val,108.78,23.49696635410921,-13.625841,-72.243645,58.617805,0.6435837245696401,0.04505813953488372,4.382225592939879,251,32124,50.426235,0.028043298,516.0700294984281,85.14396,0.051133312,329.64243544421004,6.4817886,-21.682817,-59.263336,37.58052,5.414221439749609,0.0,-2.2594916344916345,246,27004,20.099113,0.0035639084,607.2764169812482,50.613728,0.08052193,552.7959656884841,16.70916,0.0,51.204265489979804,11.031439602868174,2.449999999999999,1.7000000000000028,0.0,1.7399999999999949
call_02c249d2f89d,synthetic,train,145.94,21.926733589146224,-15.150119,-72.243645,57.093525,0.15507873077629208,0.008029942764352408,3.6512470878443195,255,32124,69.28518,0.0066912365,270.5796440492184,8.147864,13.776992,1932.3737612617535,0.64183044,-22.525154,-58.94483,36.419678,4.781268676830769,0.0,-1.9165864396327257,245,28028,21.246643,0.0033539445,588.1755927174881,46.348633,0.10223787,666.0815061149121,15.171333,0.0,50.17130327531857,9.45594079758805,2.9799999999999995,1.6400000000000006,0.8222557215293956,2.3000000000000114
call_02d28871d7b3,synthetic,train,146.66,23.48280035456157,-13.502514,-72.243645,58.74113,0.15715794555003468,0.008938393839383938,4.070936178917224,255,32124,39.086143,0.0032922565,513.6863123890813,19.749779,12.017783,1709.8133413950736,1.5106125,-21.572357,-60.725285,39.152927,5.928810717228213,0.0,-2.163579026319378,248,30076,21.123856,0.003642423,606.567878573203,51.514404,0.10464535,546.8793119033126,17.32737,0.0,44.06109368607664,5.727533069684986,3.4699999999999998,1.5699999999999967,0.0,3.0799999999999983
call_03680846967f,synthetic,train,173.84,13.897837091578463,-25.900913,-72.243645,46.34273,0.12779387417218543,0.0016600265604249668,3.2098164979291304,255,32124,38.628395,0.007633341,472.0456852171157,11.329984,13.293102,1858.4643365931718,0.92417145,-22.0472,-59.461708,37.41451,5.166597682119205,0.0,-2.1117349286700415,244,28028,21.576801,0.0035672835,584.5055539977086,48.143246,0.07910045,567.0348137026048,18.378784,0.0,37.827887712839434,4.486884491486424,3.980000000000004,1.6500000000000057,0.34514496088357105,2.019999999999996
call_04d682ac0cef,human,train,185.46,8.788889787555268,-14.79535,-72.243645,57.448296,0.47546376889393327,0.005709500609013398,1.7389814515259354,240,32124,29.423365,0.0121951355,416.20463668007795,23.094334,3.1000845,849.6397567334383,9.274277,-22.346191,-59.71027,37.36408,6.639621469489796,0.0,-2.276299471584169,240,24956,20.756117,0.0036195663,600.571879683477,56.343853,0.10402638,573.3889854757147,15.448204,0.0,64.27261943276176,10.35263668715626,2.609999999999985,1.0999999999999996,0.0,1.0299999999999976
call_05d6615469e1,synthetic,train,168.76,16.674567433041005,-23.566505,-72.243645,48.67714,0.10660980810234541,0.0,3.010959350557004,210,19836,36.828613,0.00510887,516.4065546379029,8.3404875,13.688944,1922.1347426229597,0.7611847,-21.972696,-60.058346,38.085648,5.250533049040511,0.0008212877792378449,-1.7907027731689973,253,32124,20.111748,0.0036650747,604.2427641103773,51.639812,0.1077448,617.8813357913897,15.283447,0.0,36.07489926522874,6.755155250059256,2.16,1.5600000000000023,1.066603460535672,2.3799999999999883
call_0615c3630150,human,train,146.14,8.525985356507459,-25.994251,-72.243645,46.249393,0.40028491457578824,0.0,3.2035787600930616,245,29052,7.7533426,0.20190819,853.1771739007528,2.5540895,0.8241009,1142.4482948865343,8.93988,-21.820631,-58.32611,36.505478,4.8937088052649,0.0,-1.9855173121664158,246,29052,19.272758,0.003622052,624.1779155484274,44.71332,0.0871265,631.0188974366986,16.179024,0.0,60.81839332147258,7.39017380593951,4.01,0.990000000000002,0.8211304228821678,-0.8100000000000023
call_064d8dd77899,synthetic,train,140.38,20.900413164268414,-15.710607,-44.182266,28.47166,0.1035276073619632,0.0,-1.1136308590967374,251,31100,21.041565,0.026857281,631.9626721070148,20.58117,0.058152605,712.4422699477964,20.937561,-22.48163,-59.385193,36.903564,5.204072937968643,0.0,-2.242577290212281,244,27004,22.589432,0.0034972746,606.254065658555,50.73253,0.08825526,555.2933970355895,17.39592,-0.102207184,55.02208291779455,7.265992306596382,5.079999999999998,1.8599999999999994,0.0,2.3599999999999994
call_06b5a78ea12e,synthetic,train,133.1,13.32832456799399,-22.019442,-72.243645,50.224205,0.22406989853438558,0.0,3.0669271224643126,235,23932,32.106735,0.005505871,594.4928681781273,7.9120746,14.027422,1943.4501225596555,0.56669617,-22.246479,-59.66808,37.4216,5.088077790304397,0.0,-2.0711570247933886,247,29052,23.180386,0.0037999004,598.0544183247177,48.111683,0.09832595,599.9943234845466,17.120651,0.0,44.1322314049587,7.212622088655147,2.460000000000008,1.740000000000002,0.0,-1.1400000000000041
call_0847d7417bb1,synthetic,val,115.4,19.930675909878683,-17.238308,-72.243645,55.005337,0.35054347826086957,0.0013971684053651267,4.176265164644714,254,32124,20.647694,0.006686377,646.2669228927466,7.800788,9.238061,1843.3930415172383,1.664505,-22.292744,-58.56012,36.267376,4.989673913043478,0.0,-1.8771100519930677,241,25980,19.725561,0.00320622,610.8362061430071,48.910595,0.089313254,586.911553937681,16.604889,0.0,46.63778162911616,6.759098786828423,4.200000000000003,1.460000000000008,0.0,1.999999999999993
call_092aef8d1243,human,train,134.76,7.598508459483526,-25.679256,-71.45214,45.772884,0.4870724382919505,0.0,3.3914811516770555,229,27004,5.3499513,0.07792591,789.1548151038072,32.57636,2.9267468,849.4933710645737,9.297615,-22.673605,-59.56733,36.893723,5.915671769330306,0.0,-2.1232598693974474,239,23932,25.223684,0.0035398735,582.5484647497964,51.35401,0.10573626,568.2400890036358,16.299316,-0.7915039,65.40516473731078,11.130899376669635,3.460000000000008,1.1999999999999993,3.116651825467498,-1.3299999999999965
call_098d8081babe,synthetic,train,147.9,23.651115618661258,-12.965665,-72.243645,59.27798,0.2019010863350486,0.008610792192881744,3.9252839756592293,249,32124,25.76179,0.030886056,812.4588077570658,8.052438,13.918611,1935.3811187777196,0.6194153,-22.484482,-60.656986,38.172504,5.891223556317896,0.0,-2.0913176132521976,247,27004,20.163162,0.0037578933,607.4159185797203,52.787006,0.09817463,547.2798315164238,17.389496,0.0,45.62542258282623,6.896551724137931,3.6400000000000006,1.4099999999999966,0.8113590263691682,3.280000000000001
call_099dffdf8486,synthetic,train,101.4,20.74938362919132,-14.974776,-72.243645,57.268867,0.5958923235047737,0.009669479606188467,2.460310650887574,254,32124,68.513626,0.0055146376,262.63037160984305,8.202734,13.887057,1938.520036304445,0.6029358,-22.419655,-58.0999,35.680244,4.540188570511945,0.0,-1.8430917159763314,236,22908,21.630049,0.0038787047,611.146456041097,47.166786,0.11124434,656.5657176974662,14.495522,0.0,41.28205128205128,8.284023668639053,2.789999999999999,1.4700000000000024,0.5917159763313609,2.3299999999999983
call_0a9c546208d1,human,train,117.38,12.676669790424263,-19.723255,-72.243645,52.52039,0.5468795940826116,0.0,-3.920403816663827,239,31100,32.007915,0.25378415,460.5357221758929,9.515503,33.20117,2355.5733436435717,-2.417839,-21.752855,-58.47386,36.72101,5.016843219449088,0.0,-1.9981981598227978,242,25980,21.60895,0.0034910615,599.0549967014127,48.697205,0.08390085,604.0677086856526,17.229279,0.0,60.657692963026086,10.223206679161697,2.95,1.2399999999999949,0.0,1.2999999999999972
call_0ab7d2a0c0f5,human,train,128.52,15.577342047930284,-25.99649,-72.03184,46.035347,0.37275224775224775,0.0,3.716526610644258,231,21884,19.98039,0.16429648,568.0373168575812,31.42193,4.30393,943.6710193474854,8.328186,-20.923439,-58.305252,37.381813,4.745254745254746,0.0,-2.168448490507314,246,29052,20.914562,0.0034627933,605.3492436961604,51.129658,0.07314419,542.3136352873677,18.189278,-0.21180725,54.10830999066293,8.870214752567692,3.9000000000000057,1.3799999999999955,1.4005602240896355,1.3200000000000038
call_0cf2f4a71328,synthetic,val,159.0,18.0376572327044,-21.152142,-72.243645,51.091503,0.22576806907282548,0.0,3.464676100628931,236,24956,31.111326,0.008140619,558.7862465397537,8.761408,13.532039,1906.3324700639917,0.9089432,-23.276606,-58.510452,35.23385,4.712363634778742,0.0,-1.8418867924528302,235,22908,24.347658,0.0037013765,579.2226163834271,47.987446,0.09491112,628.1097710997728,15.950516,0.0,41.44654088050316,7.169811320754717,2.8400000000000034,1.3499999999999979,1.1320754716981132,2.6000000000000014
call_0e101713ee94,synthetic,train,209.34,11.99000429922614,-26.002716,-72.243645,46.24093,0.08416376575580556,0.000825842937886701,3.5998137002006305,254,32124,40.043465,0.011641204,441.75594892832265,8.423226,13.575369,1919.4651216398622,0.7951431,-22.0368,-58.036125,35.999325,4.381495923784481,0.0,-1.8658904175026274,243,27004,21.096304,0.0033401616,606.0567023074526,43.298187,0.033086207,540.6782837148188,20.114807,0.0,45.01767459635042,8.025222126683865,2.240000000000009,1.3400000000000034,0.8598452278589854,1.859999999999994
call_0e1e2f29bfdc,human,val,129.44,11.341258498145859,-24.108278,-72.243645,48.13537,0.802104886709071,0.0,5.205465852904821,226,18812,22.442326,0.06676177,652.8496791191968,23.580421,7.6526027,1291.142719135801,4.006714,-22.694342,-57.661102,34.96676,4.6312616547883625,0.0,-1.9979372682323857,242,27004,20.503685,0.003540736,626.198375403742,50.078617,0.0921162,611.2024329212124,16.081718,0.0,61.34116192830654,12.515451174289247,2.3599999999999923,1.259999999999998,1.3906056860321385,0.6899999999999986
call_10aa0d1d33f0,human,val,136.16,17.61163337250294,-19.61147,-72.243645,52.632175,0.1188490408673895,0.0,5.732840041128084,236,27004,62.78311,0.013582111,281.1966334847203,36.59443,7.8320384,1236.5514991148661,3.505577,-22.10906,-59.6382,37.529137,5.02606338615513,0.0,-1.939930963572268,238,25980,21.283417,0.0034905486,602.6286554642851,50.984035,0.103245296,588.2140441921482,15.885353,0.0,56.94770857814337,8.372502937720329,2.719999999999999,1.4700000000000024,0.881316098707403,1.019999999999996
call_10ceaf16fbbf,synthetic,train,161.3,21.99628022318661,-13.07836,-72.243645,59.165283,0.21913754227733934,0.06183155080213904,2.7047954122752635,241,32124,64.41527,0.013460731,348.64959944273767,7.93733,14.020756,1943.782504900073,0.5500107,-22.501657,-59.826836,37.32518,5.709554678692221,0.0,-2.1519226596404217,248,28028,20.88554,0.00382019,594.9765464635849,51.096367,0.094740085,583.8337559695648,16.536797,0.0,47.737135771853694,6.695598264104153,3.6700000000000013,1.9100000000000001,0.3719776813391196,3.5600000000000023
call_11d3230256a1,human,train,123.16,14.745047093212083,-19.6296,-72.243645,52.614044,0.5692455947136563,0.009071810542398777,3.227212569015914,252,32124,42.186317,0.17964801,514.7823419275328,23.69353,6.6522775,1340.938389096564,4.736885,-21.234095,-58.599213,37.36512,6.222466960352422,0.0,-2.1471216303994805,240,27004,17.311014,0.003479063,618.8169351020846,50.17633,0.110004775,636.3996234567342,14.533257,0.0,56.36570315037349,8.281909710945111,2.8799999999999955,1.6000000000000014,0.48717115946735956,1.0600000000000023
call_120d6007bcc1,synthetic,val,157.28,12.678026449643948,-14.6487255,-72.243645,57.594917,0.05015045135406219,0.023947268588770866,2.172078458799593,241,32124,56.069847,0.026037365,485.3249201510192,8.108889,13.88009,1939.0624233334877,0.6055374,-21.904919,-58.054176,36.149258,4.356193580742226,0.0,-1.811444557477111,249,27004,19.547989,0.0035878425,606.1581397230266,50.050663,0.08549227,604.8147233485752,16.915565,0.0,45.95625635808748,9.155645981688709,2.259999999999991,1.3000000000000114,0.38148524923702953,1.4800000000000004
call_1612f093f8b5,human,train,131.16,6.442512961268679,-24.655823,-50.053925,25.398102,0.8284023668639053,0.0003481900212221818,0.42451585849344314,247,32124,26.42686,0.14596029,608.2487886686749,68.54219,0.3742872,332.5933480486922,21.88414,-21.140999,-58.297596,37.156597,5.201183431952662,0.0,-1.9501334248246416,250,30076,20.72034,0.0033463286,610.988342649484,45.668243,0.08960448,605.2269803907363,16.52819,0.58354187,54.3458371454712,10.064043915827996,2.3900000000000006,-0.129999999999999,3.6596523330283626,-1.3999999999999986
call_16581bcbc272,human,train,102.54,16.120294519212013,-15.407307,-72.243645,56.836338,0.3569321980066244,0.09627625716104392,3.056499902477082,241,32124,16.441175,0.16978839,712.4526814057656,15.0496235,44.716446,2347.0649388224538,0.56534576,-23.369473,-58.59861,35.229137,4.959240157897125,0.0,-1.8920079968792667,235,22908,20.179865,0.0034645435,623.8628367039679,41.393215,0.114621356,753.3284445663581,14.0390625,0.0,46.98654183733181,8.191925102399063,3.360000000000001,1.3999999999999986,1.1702750146284375,0.2799999999999976
call_1761edbd6952,human,train,163.94,1.4700500182993779,-26.267097,-72.243645,45.976547,3.2157676348547715,0.0003335705390499911,2.2212669269244847,247,32124,10.279673,0.23092996,635.8932134480826,18.955698,1.1068919,693.6912046732969,16.586304,-22.319067,-59.80514,37.486076,14.419087136929459,0.0,-2.1705928998414055,245,27004,20.908997,0.0033694385,601.0496678694102,47.456898,0.11667055,639.279895359244,15.635971,0.0,51.06746370623396,6.221788459192387,4.579999999999984,-0.7199999999999989,4.391850677076979,-4.640000000000001
call_181a5049ecae,synthetic,val,142.42,21.20497472265131,-17.498516,-72.243645,54.74513,0.3046345006850137,0.0016567263088137839,4.413270608060666,240,32124,32.358986,0.006075601,590.9590147485143,8.279502,13.979814,1939.1009281170877,0.5739746,-22.432625,-59.838516,37.40589,5.744181522427473,0.0,-2.1838646257548096,245,29052,20.425962,0.0037948906,614.1854230568559,15.904584,0.015986826,565.5003970176829,23.478462,0.0,49.880634742311464,7.58320460609465,2.92,1.4399999999999977,0.0,2.880000000000024
call_185e958a253b,human,val,135.2,11.501479289940828,-17.591599,-72.243645,54.652046,0.19292604501607716,0.02150902344897191,3.4979437869822485,254,32124,15.826063,0.038127936,761.4959392158922,18.274553,6.9201875,1298.3240955484837,5.84256,-21.87971,-59.04886,37.16915,4.909163987138264,0.0,-2.2379548816568047,246,28028,20.192678,0.003462566,608.1780953438275,57.382072,0.076000355,506.58723792197134,18.20816,0.0,58.136094674556226,10.207100591715978,3.0200000000000102,1.120000000000001,0.44378698224852076,-0.240000000000002
call_186e9d6ee732,synthetic,train,117.22,19.877154069271455,-17.87802,-42.29888,24.420862,0.09549356223175966,0.0,-1.778583006312916,254,32124,46.384495,0.021297697,433.7252328305592,51.233902,0.06684078,554.6718737023051,14.703064,-21.80418,-59.64267,37.83849,5.299892703862661,0.0,-2.2730261474151168,250,29052,21.248041,0.0036510509,612.8575290845249,69.46322,0.041337524,384.62561151249764,17.673515,-0.37900543,57.15748165842007,10.237160894045385,2.6099999999999994,1.7000000000000028,0.0,1.7600000000000016
call_189410107163,synthetic,train,195.84,16.42156862745098,-16.278828,-39.406612,23.127785,0.28257151741293535,0.0030322488584474884,-1.2278799019607842,255,32124,23.148098,0.0060499394,580.2321972842983,17.02404,0.016820341,657.6824636078952,24.704727,-22.44609,-58.421803,35.97571,4.792832711442786,0.0,-1.8532398897058824,234,23932,21.320793,0.003405321,603.4778767189102,45.96284,0.09011409,619.2199640046957,16.799255,0.6786499,41.97303921568629,5.514705882352941,3.3800000000000026,1.0800000000000125,0.9191176470588235,-0.8699999999999974
call_18bd3c505fd5,synthetic,train,140.96,16.8416572077185,-19.588497,-72.243645,52.655148,0.3117101937657961,0.0,4.095441969353008,227,23932,23.871569,0.021110246,584.2793598893546,7.5880127,12.078156,1806.9166049885625,2.1415634,-22.424524,-59.0959,36.67138,5.209035383319292,0.0,-2.1192075766174803,233,21884,24.334616,0.0035486696,580.3775048196566,46.283733,0.07945274,588.036914277587,17.489738,0.0,51.83030646992054,6.81044267877412,4.039999999999995,1.4800000000000004,0.851305334846765,2.3399999999999963
call_198ef413fe4a,human,val,127.68,11.591380795739347,-15.699251,-72.243645,56.544395,1.0177450823064382,0.03539253539253539,3.72749843358396,255,32124,6.985288,0.03978255,587.4799754052992,18.787529,5.8064194,1310.733398351547,6.0693436,-22.044847,-58.77559,36.730743,5.237375315669897,0.00017680308203132597,-2.194825932017544,255,32124,19.364395,0.003614742,603.7130770213156,51.73921,0.07116258,540.1564439146105,19.091812,0.0,55.372807017543856,9.868421052631579,2.780000000000001,1.3699999999999983,0.0,0.9699999999999989
call_1a2f3635b411,synthetic,train,140.08,18.075385494003427,-27.563263,-72.243645,44.68038,0.4428317535545023,0.00036168981481481485,4.477905482581382,251,32124,50.92444,0.008668569,379.64158797267515,7.930319,13.883045,1941.0063477772399,0.6244354,-22.847033,-59.260597,36.413567,5.65067140600316,0.0,-2.116701170759566,239,27004,21.91319,0.003538492,590.8038909784801,48.971134,0.085253425,544.1530776898226,17.75351,0.0,50.285551113649326,5.139920045688179,4.829999999999998,1.2999999999999972,0.0,2.5900000000000034
call_1ad99899456c,synthetic,train,178.06,14.61298157924295,-13.635717,-72.243645,58.607925,0.3761547663084469,0.011748789518655654,2.855262271144558,255,32124,8.854125,0.01000746,805.1484343304481,18.65776,12.178108,1716.674679861678,0.6877594,-22.358587,-60.187336,37.82875,5.866188826810275,0.0,-2.047813237111086,249,27004,22.087166,0.0034498274,583.004169618144,54.313717,0.104929745,543.886830039027,16.055,0.0,39.750645849713564,6.73930135909244,2.789999999999999,1.4800000000000075,0.6739301359092441,2.0699999999999967
call_1ba56b3cce45,synthetic,train,162.4,14.741302339901477,-27.391493,-72.243645,44.85215,0.2511500164474543,0.0004524068041983351,3.699799876847291,249,32124,46.519463,0.011498925,400.14527313658306,11.1810255,10.414674,1713.9400999874647,2.6272812,-22.069576,-58.04901,35.979435,4.3342958139923455,0.0007126567844925884,-1.7813916256157636,254,32124,20.1226,0.0035831553,604.2001144969397,49.941517,0.07311913,565.3518176073597,17.303833,0.0,43.20197044334971,8.497536945812808,2.9199999999999875,1.3399999999999999,0.3694581280788177,2.6500000000000057
call_1bf0aa4d4324,human,train,163.7,12.974954184483812,-19.225994,-72.243645,53.01765,0.3790018832391714,0.0,-4.6235003054367745,241,31100,35.398197,0.18980964,413.9353052852548,23.40396,22.568096,1708.7697876132238,1.529892,-22.955248,-58.185883,35.230637,4.782838983050848,0.0,-1.9146670739156995,244,29052,19.307789,0.0035747546,611.8987255217178,47.09076,0.08488044,621.2185433709667,16.506409,0.0,52.596212583995126,8.063530849114235,3.740000000000008,1.5,0.0,1.4600000000000009
call_1c1c0cce9fb5,human,val,144.78,12.757373255974583,-22.034857,-61.696186,39.66133,0.25581851774148795,0.0,0.637460284569692,226,18812,46.550884,0.03588121,463.4894255971249,1.1027808,5.1531644,1542.0885109214348,4.63385,-22.014317,-60.208504,38.194187,5.682148875549029,0.0,-2.1601602431275038,245,28028,20.539734,0.0034306045,620.4577675095904,54.569435,0.091532335,539.0484498562635,17.534775,-0.5174484,58.37822903715984,11.189390799834232,2.8999999999999986,1.2999999999999972,0.8288437629506838,-0.7399999999999878
call_1cc930924760,synthetic,train,117.46,48.595160054486634,-17.659172,-35.271618,17.612446,0.2128596112027225,0.00037855844942459116,-1.8221905329473864,249,32124,20.447435,0.027557323,646.1839781115731,18.802023,0.017272968,638.8851877886635,25.345093,-22.48617,-59.76662,37.28045,5.4167515258223675,0.0,-1.898339860378001,237,24956,17.603895,0.003243364,622.7593230519236,53.42189,0.083753385,535.680814658182,17.966446,-1.8663368,16.090584028605484,4.086497531074408,1.43,-0.28000000000000025,2.043248765537204,-0.7800000000000011
call_1ee2936b46a7,synthetic,train,105.82,15.876015876015876,-22.396591,-72.243645,49.847054,0.25967261904761907,0.0,3.775189000189,250,31100,30.428314,0.024918769,569.4182733424741,8.071478,13.822055,1933.86444426464,0.62364197,-21.755915,-59.716316,37.960403,5.26860119047619,0.0,-2.0936637686637685,241,27004,22.054937,0.003396305,604.0427373869537,49.84882,0.09350442,558.5995766804754,17.45282,0.0,48.95104895104896,7.371007371007372,2.96,1.4299999999999997,1.134001134001134,1.62
call_224586045e67,human,train,142.98,11.847898307455589,-27.59232,-69.02255,41.430233,0.1416754598918249,0.0,-1.2226814939152328,200,11388,24.401377,0.026003549,570.2949370628662,12.326631,3.551433,1273.7228995448706,7.3088303,-22.075136,-59.481766,37.40663,5.202883685923214,0.0,-2.083826409288012,243,27004,20.497972,0.0035014744,624.598331719664,55.441463,0.093900315,530.6076871615085,17.457039,-1.3184738,48.636172891313485,7.553503986571548,3.1199999999999943,1.5,1.2589173310952582,0.6399999999999935
call_22d0f235a47e,human,train,205.3,24.33505845104725,-23.698626,-72.243645,48.54502,0.13635942844132415,0.0,2.6012615684364344,223,20860,21.9255,0.8006795,544.0139847012621,7.4564886,25.26913,2220.4111184381272,-0.9012451,-23.060593,-58.459087,35.398495,4.594437035721166,0.0,-1.8598392596200681,243,27004,20.832859,0.0034407512,596.648890988658,47.608257,0.1057774,642.7746031238763,14.937897,0.0,49.86848514369221,9.936678032148075,2.5699999999999945,1.539999999999992,0.5845104724792985,1.9600000000000009
call_22eacbc23d18,human,train,160.02,15.22926821647294,-24.580734,-72.243645,47.66291,0.28416231105001566,0.0,4.416616672915885,226,18812,24.038885,0.041732367,683.2315965136964,45.312244,3.396156,924.429465034835,5.425003,-22.082483,-59.657597,37.57511,5.398570981591002,0.0,-2.1512748406449194,243,27004,23.08725,0.003517442,597.1540598501834,54.042915,0.094811,559.1655976447017,16.65651,0.0,54.6431696037995,6.374203224596925,3.780000000000001,1.4599999999999937,0.7499062617172852,1.3099999999999987
call_23991b635849,human,train,201.32,10.560364096960063,-20.931559,-72.243645,51.312088,0.37393947589677856,0.0,1.951261672958474,243,29052,17.929907,0.17963457,821.2938479874952,34.475067,0.9263843,638.5518287390355,7.526642,-23.047356,-58.99204,35.944683,5.099335022724467,0.0,-1.8943249552950527,246,28028,22.63371,0.0033774467,593.3584223968862,53.043537,0.10544403,610.0456858039088,14.901924,0.0,56.90443075700376,8.642956487184582,3.1599999999999966,1.6200000000000045,0.2980329823167097,0.9399999999999977
call_24e1989c4d6d,synthetic,train,155.72,23.91463845363473,-19.66882,-37.27517,17.60635,0.21851577106528955,0.0021306742518670033,-1.1562483945543283,255,32124,35.099064,0.02415983,546.2584648103949,38.73147,0.013744641,635.4522503652803,23.819977,-22.250835,-58.103035,35.8522,4.443154011660887,0.0,-1.8511101656819933,242,24956,22.943094,0.003414448,606.0818737447917,49.528866,0.075518034,576.7933774179971,17.833992,-0.64469147,45.86437194965322,9.632674030310813,2.1400000000000006,0.7199999999999989,0.7706139224248651,-0.5600000000000023
call_253156878935,synthetic,train,138.18,23.143725575336518,-11.74333,-72.243645,60.500313,0.259537210756723,0.25603070175438597,5.000180923433203,241,32124,65.77941,0.011612944,276.33675291461003,8.169931,13.921135,1936.3036958342607,0.6305008,-22.157818,-60.58789,38.430073,6.053783614759225,0.0,-2.0871182515559417,255,30076,20.88374,0.0034701321,604.2116735585778,52.54086,0.09960257,545.2389656172708,16.744759,0.0,52.19279201042118,10.421189752496744,2.129999999999999,1.4000000000000021,0.8684324793747287,2.719999999999999
call_26be2ced1f65,synthetic,train,210.16,19.727707460982106,-12.795592,-72.243645,59.44805,0.14260819228287677,0.008746819338422392,3.908990768937952,255,32124,19.026274,0.029589172,853.9672040170108,4.2758,0.021679606,1057.3573827693915,12.248795,-22.245068,-59.006176,36.76111,5.016009503192856,0.0,-2.081753188047202,246,28028,22.842464,0.0035018576,599.9888006393785,49.65182,0.0873599,570.345202056419,16.96241,0.0,50.7898743814237,7.9939094023601065,3.219999999999999,1.309999999999988,0.5709935287400076,3.4000000000000057
call_2741c273bfcc,synthetic,train,190.68,22.991464757709252,-23.490389,-72.243645,48.753258,0.4918439443318193,0.0,3.667754877281309,214,16764,35.48643,0.0051608654,535.6707842061916,8.300695,13.823746,1933.1545846883273,0.58351135,-23.525475,-59.255142,35.729668,5.385477345240234,0.0,-2.0290984896161106,239,24956,24.856186,0.0035690279,581.52778986405,50.590572,0.07589018,538.4548548403104,18.488823,0.0,36.668764422068364,5.978602894902455,2.5200000000000102,1.620000000000001,0.6293266205160478,5.120000000000001
call_290aacdf95ca,synthetic,train,134.12,22.44258872651357,-11.738434,-72.243645,60.50521,0.23795681063122923,0.11414116485686081,2.3941507605129733,247,32124,68.3436,0.0059426045,274.1457267127651,8.062033,13.917354,1935.8415229948087,0.671669,-22.794506,-59.261967,36.46746,5.381644518272425,0.0,-2.15959215627796,242,27004,23.227549,0.003306498,579.1538062107193,43.79408,0.10405918,651.9604331492241,15.12043,0.0,53.89203698180735,7.157769161944526,3.999999999999999,1.9299999999999997,0.4473605726215329,2.289999999999999
call_29a23dea3118,synthetic,train,162.9,15.383747697974218,-16.753653,-43.904305,27.150652,0.15063771629231698,0.001282713194949958,-1.1453713934929404,254,32124,18.903652,0.013363273,817.3073290658788,82.011475,0.0096481005,230.5603523188714,30.18422,-21.36162,-59.0959,37.734283,4.912684992592814,0.0,-1.865193370165746,247,29052,23.237585,0.0036694095,604.1866323071314,51.646328,0.089976706,566.8610417232946,17.365074,0.16203308,51.27071823204419,8.103130755064456,3.2999999999999985,1.4499999999999957,0.3683241252302025,1.9599999999999937
call_29e423c5b8aa,human,train,161.54,9.186501795220998,-18.930227,-62.875828,43.945602,0.47170208643940736,0.011379185762362774,0.5671474557385168,241,32124,6.98295,0.13053888,1040.4392090543536,14.788684,2.5878825,1047.607368860246,9.957535,-23.075111,-59.87688,36.80177,5.610727853165879,0.0,-2.2804839358672773,243,23932,21.66643,0.0035204657,600.2902268332115,58.453922,0.087721005,500.68563584674393,17.541077,-2.0459023,61.06227559737524,9.657050885229665,3.35,1.1499999999999986,0.3714250340472948,-2.299999999999997
call_29f2b21b3d8a,synthetic,train,140.12,15.101341707108192,-19.375118,-72.243645,52.868526,0.3443998109640832,0.0,3.246677847559235,236,25980,24.458723,0.016024807,569.8554165583033,7.963185,13.993853,1939.1023581721972,0.6016159,-22.54761,-61.03946,38.49185,6.272448015122873,0.0,-2.144404795889238,235,23932,21.816229,0.0034494014,600.1142065021725,50.412655,0.111441255,559.0285126152008,16.461845,0.0,44.64744504710247,4.2820439623180135,5.629999999999999,1.5100000000000033,0.42820439623180134,2.6799999999999926
call_29fddbedd6a4,human,train,187.52,14.953071672354948,-16.843645,-72.03184,55.188194,0.5590228245363765,0.0011135857461024498,3.017363481228669,254,32124,17.65775,0.020343374,504.37536247953034,19.59736,6.21842,1218.812941910121,6.5478516,-22.303953,-59.13948,36.835526,5.319632667617689,0.0,-2.09407263225256,244,28028,22.925797,0.003381935,603.5057956037489,13.653475,0.019440869,608.0632962605131,21.590988,-0.21180725,52.13310580204778,8.639078498293516,3.1000000000000014,1.6200000000000045,0.3199658703071672,1.3400000000000034
call_2a34be1bd407,human,train,162.74,18.802921838515424,-23.231003,-72.243645,49.01264,0.5547408281896576,0.0,2.23877657613371,226,18812,11.157325,0.23526202,614.6828448372531,8.373829,8.355162,2044.5911407322346,1.3471451,-22.513718,-59.5425,37.02878,5.686297738144355,0.0,-2.145505100159764,244,28028,21.30961,0.00346605,611.2970541787297,52.26501,0.0902281,535.3282761221004,17.754257,0.0,52.19368317561757,8.848469952070788,3.580000000000009,1.4200000000000017,0.36868624800294947,0.9600000000000009
call_2cd6a0b37e59,synthetic,train,114.32,20.591213261021693,-13.006645,-72.243645,59.237,0.3626824696392823,0.09610066371681417,3.623670398880336,243,32124,63.904186,0.018180337,360.63504943140134,8.018907,13.871045,1940.309646034756,0.5630951,-22.475811,-58.201363,35.72555,4.843377460585496,0.0,-1.892053009097271,249,31100,22.108797,0.003203109,594.6782883700942,49.50362,0.073476925,573.19909914588,17.751114,0.0,55.615815255423385,9.972008397480757,2.5,1.6600000000000001,0.0,1.6199999999999974
call_2d2c74bdeb7b,human,train,149.2,10.348441689008043,-19.6891,-71.45214,51.76304,0.3497437641172613,0.0,-6.000556300268096,243,25980,37.73028,0.10075359,412.9516966362618,1.761098,40.737144,2939.7284627465706,-9.713066,-23.098026,-58.284492,35.186466,4.821120637310859,0.0,-1.8615113941018766,234,22908,21.45944,0.0037321956,596.4056983039558,50.02932,0.079770364,585.8100395868621,17.571472,0.0,55.46916890080427,9.249329758713138,2.8400000000000003,1.4299999999999962,0.4021447721179625,1.3299999999999983
call_2d4374d86df7,synthetic,val,172.18,30.87466604715995,-17.752573,-35.13969,17.387117,0.06489841986455981,0.0024007618417577845,-0.9391770240446045,255,32124,28.904604,0.010878568,621.7953009992044,20.323158,0.012875023,606.2083885643966,26.503777,-22.110394,-59.353012,37.24262,5.101344996237773,0.0,-2.0656318968521314,243,27004,22.0674,0.0036743893,602.7116464928995,48.98754,0.0999947,601.2720249705245,15.876884,-0.59290695,36.310837495644115,3.83319781623882,3.180000000000007,1.2000000000000002,0.3484725287489836,-1.2500000000000142
call_30c4f6565eec,synthetic,train,128.02,17.075359318856428,-16.92473,-72.243645,55.318916,0.2281577547904551,0.0013276686139139671,3.3207662865177316,240,32124,21.350418,0.021507433,639.6136752165484,7.8912406,14.10605,1948.3305179207955,0.49908447,-23.020842,-59.574657,36.553818,5.271073142001041,0.0,-1.9292571473207312,247,27004,22.787754,0.004053672,603.2250132071434,51.61552,0.14617623,670.4107137802498,12.87822,0.0,46.16466177159818,8.43618184658647,2.7800000000000002,1.4399999999999977,0.46867676925480384,1.8600000000000012
call_312805f2b67f,synthetic,train,132.66,20.53360093472034,-15.511381,-72.243645,56.73226,0.18309555385257825,0.004418695993715632,3.3631539273330318,239,32124,71.90816,0.004475941,245.20283347411356,8.098358,13.987123,1939.410021129025,0.5329819,-21.988523,-58.825916,36.837395,4.77470986926335,0.0,-1.8600633197648122,246,24956,23.228556,0.0034480738,599.2648286924083,7.274025,0.006298401,896.4136848985509,24.708313,0.0,50.459822101613135,7.688828584350973,2.6399999999999935,1.4299999999999997,0.9045680687471733,2.319999999999993
call_3332ecee2806,human,train,140.2,11.611982881597717,-25.232265,-72.243645,47.01138,0.44686732186732187,0.0,4.349778887303851,221,16764,19.61769,0.12289758,637.0812162918047,34.675102,1.9873633,570.5311707221008,9.263916,-22.856958,-58.369247,35.51229,4.737407862407863,0.0,-1.9540263908701854,238,23932,20.898186,0.0034504535,597.4275818766782,50.37959,0.10259049,636.9712900702344,14.83741,0.0,52.32524964336661,9.4151212553495,3.1000000000000014,0.9000000000000057,1.2838801711840229,-1.1599999999999984
call_349b9fddaff0,human,train,147.0,14.93877551020408,-23.527775,-68.92039,45.392612,0.327299635701275,0.0,2.279455782312925,227,31100,33.792038,0.12547542,490.08529876119314,27.411692,2.7485073,997.1931738225799,8.762566,-21.739683,-59.774292,38.034607,5.623861566484517,0.0,-2.1517899659863944,241,25980,23.087086,0.003613592,604.3531744964813,45.366375,0.09219257,638.7781754007477,15.822571,-3.3232574,57.06122448979592,8.16326530612245,3.3500000000000014,1.5000000000000027,0.4081632653061224,0.0999999999999992
call_34f4c668dbe8,human,train,223.36,2.010151772922636,-26.599888,-72.243645,45.643757,1.6258804532420168,0.0,0.9063484957020057,233,22908,15.816678,0.04066875,618.2503965984907,29.288183,3.3052702,823.8313315468228,9.486687,-21.876383,-58.094734,36.218353,5.78245496812272,0.0,-2.205558291547278,250,30076,20.708424,0.0035017736,607.874750917725,46.999508,0.06864919,557.9843304279343,18.906189,0.0,62.3388252148997,6.715616045845271,4.920000000000002,-0.8300000000000018,3.22349570200573,-3.4200000000000017
call_35966c559fcc,human,train,99.7,16.78021564694082,-23.412098,-72.243645,48.831547,0.179319929168628,0.0,4.818109327983952,225,17788,43.956,0.045554403,412.43122446840016,54.326523,6.912222,917.150111097896,3.6879807,-21.814014,-60.43769,38.623676,5.925776492651619,0.0,-2.143430290872618,251,31100,18.647009,0.0034506116,621.851097157111,52.049816,0.102752954,606.0639748795755,15.795891,0.0,47.0010030090271,7.823470411233702,2.740000000000002,1.6399999999999935,1.2036108324974926,-0.7300000000000004
call_36640e327eaf,human,train,158.96,4.850355435329642,-27.473629,-72.243645,44.770016,0.12969958334008852,0.0,3.0964079013588326,220,27004,13.747889,0.14960389,730.1399217723539,17.18299,3.596909,1001.704528803539,10.7932205,-22.358625,-58.63154,36.27291,4.795642093999773,0.0,-1.9166299698037241,239,24956,20.761572,0.0034369424,620.7626795933973,48.091614,0.0875332,590.8122415268259,17.349937,0.0,59.95218922999498,10.568696527428283,3.210000000000008,0.3400000000000034,2.264720684448918,-1.2199999999999989
call_36d72e4b1aef,synthetic,val,142.92,19.0176322418136,-14.17347,-72.243645,58.070175,0.2869757174392936,0.03217628705148206,3.0169430450601737,248,32124,51.103878,0.029005466,497.0421613431498,8.086147,13.751228,1935.0176332916894,0.62745667,-23.185307,-59.548325,36.363018,5.437362030905078,0.0,-1.8731947942905123,238,23932,23.755535,0.0035683583,594.1944772311834,54.332752,0.11196987,596.3216889940979,15.263161,0.0,45.84382871536526,7.556675062972293,3.4699999999999998,1.1400000000000006,0.839630562552477,2.859999999999985
call_373750027ccd,synthetic,train,149.34,15.910004017677782,-13.211466,-72.243645,59.03218,0.056818181818181816,0.0005212677231025855,2.6695192178920584,255,32124,14.634929,0.0036964875,504.039404431974,8.085214,13.792222,1939.7491920752366,0.59864044,-22.259827,-59.70118,37.441353,5.489793771043771,0.0,-2.1665896611758404,256,27004,23.189314,0.003764438,592.4020582288364,50.422592,0.079784065,525.7511898157045,18.957031,0.0,45.64081960626756,6.830052229811169,3.9799999999999995,1.2600000000000051,0.40176777822418647,1.7699999999999991
call_374f870c8124,synthetic,train,116.3,34.44529234737747,-14.555777,-38.21904,23.663263,0.1666255823314476,0.0022069209039548023,-1.4267067927773,255,32124,16.35737,0.003999465,492.3557936782876,16.776958,0.013773771,650.2026301908841,25.99775,-21.789457,-57.807053,36.017593,4.343186293017639,0.0,-1.820786758383491,249,25980,24.460867,0.0042495965,581.5504117892559,11.299842,0.010472465,715.1279140659445,23.902557,-1.4205704,37.11092003439379,6.706792777300087,2.6600000000000037,0.4700000000000024,2.063628546861565,-1.8100000000000023
call_37e63dcc8185,synthetic,train,143.74,20.856929177681927,-13.015598,-72.243645,59.228046,0.7709370491748597,0.0068911792905081495,3.536976485320718,255,32124,24.585476,0.027604053,840.131912557396,2.379552,0.01529286,1396.803037529316,15.035416,-22.6003,-58.644547,36.044247,4.932913049641842,0.0,-1.7815708918881314,243,21884,22.568066,0.003919454,598.0929370998995,49.537823,0.09718332,607.5816945232833,15.73381,0.0,44.20481424794766,9.600667872547655,1.8800000000000003,2.059999999999988,0.41742034228468067,-0.5799999999999983
call_387c5493a07f,synthetic,train,165.2,22.348592615012105,-15.968895,-72.243645,56.27475,0.10800415765221308,0.0009445843828715365,2.8460835351089586,245,32124,71.362366,0.009580458,287.23829900085605,8.04608,13.974818,1942.5178521414825,0.5156479,-22.965057,-57.74115,34.776093,4.348944843393972,0.0,-1.7665920096852301,239,25980,21.181486,0.0035016786,620.4933463814602,18.627598,0.025637686,596.9864843988937,20.393074,0.0,44.40677966101696,9.44309927360775,2.5900000000000034,1.8199999999999932,0.3631961259079904,3.3699999999999974
call_39880aff21ed,synthetic,train,191.22,18.868319213471395,-16.234066,-45.158504,28.924438,0.2335088691796009,0.00039457070707070706,-1.9098525258864136,254,32124,19.207764,0.021124875,653.4203154105247,82.738144,0.011448245,227.50239933789587,28.873528,-22.779068,-58.600952,35.821884,4.731152993348116,0.0,-1.8154540581529128,246,29052,24.360344,0.0040492266,583.2736833563431,50.844845,0.083691664,574.7417187446899,17.105392,0.07139206,40.257295262001904,5.647944775651083,3.2800000000000065,1.3399999999999892,0.627549419516787,3.4399999999999977
call_3adbf4ac0f30,human,train,167.38,10.240172063567929,-27.002655,-64.0834,37.08074,0.5046674445740956,0.0,-2.512232644282471,196,9340,19.237455,0.01598522,585.9658629600262,17.200249,1.1510215,863.668200873066,13.794441,-22.08644,-59.59082,37.50438,5.7015752625437575,0.000163826998689384,-2.1817989007049827,253,32124,22.493872,0.0039382963,598.9670762729817,49.191174,0.1210664,625.6911302935312,14.288132,-2.539009,45.58489664237065,6.452383797347353,4.390000000000008,0.3600000000000012,1.4338630660771896,0.8199999999999932
call_3b1bf9fab29d,human,train,122.96,16.47690305790501,-27.05894,-72.243645,45.184704,0.07773938795656465,0.0,4.471002765126871,229,25980,19.242468,0.24471155,884.4368597415665,8.809529,2.077785,1529.0313197067735,7.0325317,-21.667469,-59.719345,38.051876,5.250493583415597,0.0,-2.2283791476903057,238,23932,20.001154,0.0036975094,623.2043790577293,55.76281,0.091366135,525.430383381776,16.84871,0.0,57.43331164606374,6.831489915419649,4.409999999999993,1.3000000000000016,0.0,1.1899999999999977
call_3b9afdd4a2df,human,val,156.28,14.38435820322498,-18.063242,-72.243645,54.180405,0.34475280667708336,0.017648071625344354,2.99191515229076,241,32124,13.816836,0.01598042,733.3710238594184,79.52673,0.826925,364.1897757295208,10.219879,-22.182615,-59.914787,37.73217,6.151613387529958,0.0,-2.2083735922702843,243,25980,21.826391,0.0034884072,604.6514119909039,56.37952,0.08236039,506.4426910550687,17.832314,0.0,62.05528538520603,10.366009726132582,2.719999999999999,1.1600000000000108,1.151778858459176,0.11000000000000387
call_3ca96b2dd5c4,human,train,211.9,10.22180273714016,-21.147133,-71.6369,50.48977,0.07675438596491228,0.0030605039775621337,0.9740939122227465,253,32124,9.933765,0.123834744,484.3507405686086,15.215934,3.741883,1125.1302947869842,9.243935,-21.794579,-57.85418,36.0596,4.257848568790397,0.0,-1.9766163284568192,246,29052,20.086191,0.0035829782,612.0944931635404,46.107864,0.107762404,676.3575891515286,14.3256,-0.1929779,58.80132137800848,10.19348749410099,3.280000000000001,1.3899999999999988,0.5663048607833884,-0.6800000000000033
call_3cd08cbaf55c,synthetic,train,139.64,18.748120166141508,-21.803165,-72.243645,50.44048,0.19385119294878222,0.0,3.8121025494127756,235,23932,32.731956,0.004582788,566.074379619673,8.168946,13.988045,1936.2964910564635,0.6049118,-22.237642,-59.862755,37.625114,5.479399729754248,0.0,-2.080159696362074,238,23932,21.583443,0.0033453282,594.9156395007641,51.811714,0.1022468,595.2561059812473,15.484192,0.0,43.45459753652249,8.163849899742194,1.6199999999999974,1.9100000000000037,0.8593526210254941,1.9599999999999937
call_3d69be34ef44,human,train,146.1,12.320328542094455,-27.29846,-69.93998,42.641518,0.007638888888888889,0.0,-0.5241307323750856,185,9340,24.627491,0.03303939,541.6830585887631,10.258444,3.5392606,1300.631018096022,6.7749023,-22.236351,-59.603355,37.367004,4.789583333333333,0.0,-1.8297638603696098,245,29052,20.264648,0.003552884,617.731638751158,50.9583,0.11071186,645.6360222962862,14.443237,-1.1646652,52.93634496919919,10.266940451745379,3.180000000000007,1.2800000000000047,1.2320328542094456,0.7999999999999972
call_3f3ac4984431,human,train,174.14,12.260250373262892,-26.996464,-69.02255,42.02609,0.046838407494145196,0.0,-1.0074566440794763,196,9340,20.237238,0.01797187,588.4608415347219,16.341455,2.4976442,1303.8906787061078,7.209915,-21.66428,-59.831505,38.167225,5.518149882903981,0.0,-2.1069111060066614,246,28028,20.762836,0.003377108,601.64046602359,49.94195,0.117473416,620.0793667295688,15.112099,-1.6080093,46.80142414149538,6.891007235557598,4.599999999999998,1.5600000000000023,0.6891007235557598,1.3200000000000003
call_415d987a1504,synthetic,train,124.76,23.004268194934273,-14.864329,-72.243645,57.379314,0.2269153879991812,0.0,4.778707117665919,251,31100,19.155512,0.0033380191,572.0922573059636,8.165923,13.947079,1938.5025376777576,0.59635925,-21.96222,-58.61622,36.654,5.143270281923859,0.0,-2.1973589291439564,241,24956,17.854744,0.003277365,627.0793000876422,51.78734,0.12369243,447.4415810551872,19.084824,0.0,50.1282462327669,8.17569733889067,3.319999999999993,1.519999999999996,0.0,2.3400000000000034
call_41fc5fd779c9,synthetic,train,77.18,14.511369525783882,-16.366165,-72.243645,55.87748,0.26786013236754874,0.0,4.773140710028505,236,31100,16.773958,0.021695884,664.442953809072,8.007645,13.838416,1933.8946480697984,0.6266937,-21.655628,-59.840855,38.185226,5.718813826047166,0.0,-2.2862593936252917,242,27004,26.091541,0.0037576428,604.9500233002246,52.320297,0.095217586,555.8539968100758,17.369446,0.0,60.145115314848425,12.438455558434825,1.9100000000000037,1.3599999999999994,0.0,1.0399999999999991
call_450b4e13468b,synthetic,train,141.78,19.53731132740866,-15.868939,-72.243645,56.374706,0.30324909747292417,0.001636839807944129,3.695627027789533,254,32124,42.553013,0.004215737,487.9590792002971,8.253361,13.783399,1934.1066997645935,0.5987854,-21.716425,-59.029404,37.31298,5.518050541516246,0.0,-1.7233460290591056,260,29052,20.14793,0.004162934,612.3720464321265,49.592926,0.097616814,597.5900638410907,16.012245,0.0,42.008745944420916,6.347862886161659,1.9599999999999973,1.58,0.4231908590774439,2.5
call_4789ebd9b148,synthetic,train,133.3,16.309077269317328,-24.158686,-45.54182,21.383135,0.13799448022079117,0.005174452986398581,-0.8283270817704426,241,32124,37.235497,0.015400479,534.068503520411,75.67127,0.03354633,367.9766773121734,14.617615,-23.061413,-57.392002,34.33059,4.147309107635695,0.0,-1.8904613653413354,236,22908,24.327677,0.0035332951,586.3106611153444,20.727322,0.011339238,642.867297543102,21.392586,0.049110413,47.56189047261816,9.452363090772693,2.4599999999999937,0.5,1.800450112528132,1.759999999999998
call_47bef2f628eb,human,val,145.9,14.448252227553118,-21.657738,-58.117706,36.45997,0.14883776091081594,0.0,0.8116792323509253,227,21884,46.985817,0.023050778,439.21899750433886,0.8602198,13.467009,2014.129680865973,-1.232521,-22.803652,-58.817284,36.013634,4.9573055028463004,0.0,-1.9862268677176147,243,27004,19.21762,0.0034841527,621.6560207101554,48.33258,0.09384322,617.1202840382433,15.98922,-1.7481766,55.36668951336531,11.103495544893763,2.4599999999999795,1.509999999999998,0.41124057573680606,1.2299999999999933
call_486215b37ca1,human,train,140.26,8.648224725509767,-25.282444,-53.002323,27.71988,0.612118713932399,0.0002988996011184823,0.4401825181805219,246,32124,21.319382,0.4291192,666.9950707605453,54.667507,0.11426189,442.40068945274413,24.897346,-22.375296,-57.615074,35.239777,4.7330997526793075,0.0,-1.9890916868672466,238,23932,23.52887,0.0034308787,601.7225475899884,44.619896,0.113548756,715.7439580639812,14.360901,-3.223713,49.493797233708804,8.555539711963497,3.6199999999999903,1.240000000000002,2.566661913589049,-2.759999999999998
call_488e7b893457,human,train,155.0,16.412822580645162,-27.058638,-72.243645,45.185005,0.19605049160029286,0.0,4.0017,206,17788,10.039328,0.1407941,1099.7498971532711,18.008095,10.969751,1467.948626049385,3.9728165,-22.207212,-59.851784,37.64457,5.535109744053381,0.0,-2.1474870967741935,249,30076,19.985846,0.0036203668,615.8475711197606,50.057766,0.091208644,544.1569140019059,17.547264,0.0,53.48387096774197,7.354838709677419,4.140000000000015,1.299999999999999,0.3870967741935484,1.1499999999999995
call_4ac92327c83b,human,train,151.84,17.86749209694415,-16.913246,-72.243645,55.3304,0.07464061924069296,0.002512792397660819,2.7208574815595363,254,32124,13.526372,0.011652364,564.7112314205647,22.20085,6.8514376,1460.6103228598747,3.3018646,-22.248919,-58.42124,36.172325,4.686693697014375,0.0,-1.8065628292939937,233,21884,23.20428,0.0031746347,581.4408717264947,50.862316,0.09934155,636.8094087307966,15.336746,0.0,39.77871443624866,7.507903055848261,2.4000000000000004,1.4399999999999977,0.39515279241306633,-0.2199999999999962
call_4affad158a4c,synthetic,val,164.7,21.00789313904068,-14.278112,-45.704353,31.42624,0.12752890173410406,0.010202271114265436,-1.272695810564663,255,32124,50.416725,0.027419422,496.8817850888756,82.47728,0.012256098,228.75519693162414,29.396873,-22.422451,-60.830765,38.408314,5.845014450867052,0.0,-2.214669095324833,244,27004,21.521376,0.0035536694,605.5619392265907,55.30468,0.113399915,577.7361308162235,15.306656,-0.26184845,51.91256830601095,6.557377049180329,3.789999999999999,1.9599999999999973,0.0,2.780000000000001
call_4b1bec58d02d,synthetic,train,213.5,31.025702576112412,-13.55042,-35.21388,21.66346,0.08605088702235625,0.0613073317710077,-2.693430913348946,255,32124,65.4969,0.014857101,356.3504828535735,64.204735,0.0075703696,336.65025516322925,25.556297,-22.77071,-59.81752,37.04681,5.267597500750115,0.0,-1.9917892271662763,247,29052,24.921991,0.0036914146,576.2811200128876,52.37612,0.09702782,567.4814228841403,16.875786,-0.26891327,33.70491803278688,4.49648711943794,4.209999999999997,1.3199999999999967,0.0,-0.09999999999999432
call_4baef170cf46,human,train,150.9,11.318754141815772,-24.46993,-72.243645,47.773712,0.6952576112412178,0.0,2.070941020543406,243,30076,21.257818,0.3150724,868.3545725958913,8.384818,0.10404474,469.67131978889387,24.907639,-22.191313,-58.620926,36.42961,5.948477751756441,0.0,-1.8497514910536779,251,30076,24.089865,0.0039249053,595.0249005161938,51.22332,0.09717212,611.473827825025,15.8609085,0.0,54.274353876739525,7.952286282306162,2.7399999999999998,1.3499999999999996,0.3976143141153081,0.8200000000000074
call_4c278007298d,human,train,130.76,9.590088712144388,-23.666126,-72.243645,48.57752,0.24720893141945774,0.0,4.027779902110737,233,21884,26.637577,0.055022847,479.47097327425143,25.597319,3.3057792,927.6880863925502,8.886871,-22.411938,-59.82995,37.41801,5.657894736842105,0.0,-2.1372705720403795,246,29052,22.186066,0.0037494772,611.469176242285,63.06136,0.09647658,500.25162505296584,16.678604,0.0,51.7589476904252,6.4239828693790155,4.510000000000005,1.150000000000001,0.0,0.8999999999999915
call_4c8c40f7c2fd,human,train,154.62,21.264956021213298,-14.202215,-72.243645,58.041428,0.2208797934906991,0.012592343854936197,5.589933385073082,253,32124,18.898897,0.03475223,463.2309091378831,16.189423,4.042019,1455.348521860411,4.5509872,-22.668913,-59.15277,36.483856,5.173377331878543,0.0,-2.2071853576510154,247,31100,21.489134,0.003630666,608.1856107681068,53.628468,0.09179038,535.5629658136452,16.909546,0.0,49.86418315871172,8.537058595265814,3.7400000000000055,1.1600000000000037,0.38804811796662786,1.8600000000000003
call_4cd5b14fbe3c,synthetic,train,140.74,12.945857609776892,-16.170956,-72.243645,56.07269,0.18180570801317233,0.0005744485294117647,3.047978541992326,252,32124,19.917625,0.018477052,631.7678220032888,8.053663,13.98335,1935.6633998399673,0.67879486,-21.819504,-58.236794,36.41729,4.4045005488474205,0.0,-1.861340947847094,247,29052,21.282682,0.0033967947,616.7752812838764,50.656906,0.0787393,575.3983041348629,17.550514,0.0,51.51342901804746,7.2474065652977115,2.780000000000001,1.2199999999999989,0.4263180332528066,0.4599999999999973
call_4d8129939686,synthetic,train,150.96,21.793852676205617,-16.750877,-72.243645,55.492767,0.25341945288753803,0.0008941344778254651,4.520989003709592,252,32124,18.772528,0.023679443,642.5313164085093,8.163026,13.912667,1937.2928699682461,0.58516693,-21.919737,-60.2563,38.336563,5.945288753799392,0.0,-2.1619998675145733,249,29052,21.01011,0.003503562,629.0958946992674,52.435635,0.10613904,578.236535518474,15.657639,0.0,51.828298887122386,8.744038155802862,2.5500000000000043,1.4000000000000057,0.794912559618442,2.5799999999999983
call_4e60206f7e8a,human,train,99.98,13.622724544908982,-21.808483,-72.243645,50.43516,0.5699339207048458,0.00037741545893719806,3.916388277655531,250,32124,16.151405,0.18283017,729.2216737015486,21.119184,5.854193,1245.4713730798098,5.4290466,-21.809675,-59.2212,37.411522,6.511563876651982,0.0,-1.8452890578115624,241,25980,21.19614,0.0036492802,606.9634839564745,52.63923,0.093993455,561.5583264425034,16.783058,0.0,45.709141828365674,9.601920384076815,2.62,0.9899999999999967,1.2002400480096018,0.9699999999999989
call_4e9cec0da4ea,synthetic,train,136.52,19.26457661881043,-15.355141,-72.243645,56.888504,0.11406844106463879,0.0,3.060606504541459,236,31100,72.95482,0.010369261,280.7655264451946,8.113455,13.865264,1934.3655094567002,0.6467514,-22.65337,-60.322018,37.668648,5.683460076045628,0.0,-2.1664188397304422,240,24956,21.640957,0.0034782956,601.1199044803063,53.4834,0.10399023,558.7606034594254,15.951927,0.0,47.20187518312337,8.789920890711983,2.7899999999999934,1.460000000000008,0.8789920890711982,2.7200000000000006
call_4f0dad5104b3,human,train,151.94,5.015055284980914,-26.299015,-67.02739,40.728374,0.707032595679063,0.0,1.1013228906147163,246,30076,19.71317,0.017022992,604.9088380098651,40.069965,1.7754022,623.240297236961,12.26786,-22.847288,-59.551247,36.703957,5.812103216916288,0.0,-2.1899039094379362,237,23932,22.157167,0.003642035,594.3073222122124,49.740517,0.097023316,560.5426381727405,17.06752,-5.216255,55.73252599710411,9.872318020271159,3.0800000000000125,-0.12000000000000455,4.738712649730156,-1.3200000000000074
call_51851f91f064,human,train,131.2,10.59451219512195,-22.877655,-72.243645,49.36599,0.07194244604316546,0.0029580922840275695,5.281753048780488,248,32124,21.411634,0.030763602,569.3143319146201,29.360613,4.0902295,956.1622172513689,8.429184,-21.471298,-59.79431,38.323013,5.364208633093525,0.00047758532857870606,-2.2984451219512194,252,32124,22.961319,0.00393695,599.8376945813054,51.65723,0.105505966,571.1780101488547,16.729828,0.0,59.84756097560973,7.317073170731708,4.75,1.490000000000002,0.0,0.8800000000000026
call_5273f6be303c,human,train,164.14,12.556354331668087,-22.569286,-72.243645,49.67436,0.0,0.0010894828588030217,4.974503472645303,233,32124,19.803413,0.03951776,487.22232954992404,29.695923,7.3027787,1269.6036415422866,4.5017853,-22.302896,-59.858047,37.555153,5.206210577389617,0.0,-2.221838065066407,243,28028,22.680428,0.003522173,599.8182808979122,49.89403,0.09012754,552.2551602318829,17.273476,0.0,58.41354940904109,8.041915438040698,2.940000000000005,1.3400000000000034,0.0,1.0399999999999991
call_52ba7c3bd761,synthetic,train,145.34,18.24678340443099,-21.431927,-43.752026,22.320099,0.20503490306798203,0.0,-1.1430817393697537,236,22908,34.99693,0.005221907,557.5273489341138,81.411224,0.009195927,233.56035660900122,30.598976,-21.899889,-58.47956,36.579674,4.58241224741821,0.0,-1.9364730975643318,250,30076,22.191301,0.0035867966,603.9769275425124,53.88988,0.09169736,572.0389967525055,16.398552,-0.0008430481,48.56199256914819,7.4308517957891835,4.249999999999993,1.8400000000000034,0.0,1.8599999999999994
call_52bfee0220ab,synthetic,train,164.46,20.88053326036726,-22.06948,-72.243645,50.174164,0.27264024228216993,0.0,3.867019336008756,235,23932,35.287914,0.005355209,547.7258933907568,8.343701,13.748912,1925.0049621085573,0.72506714,-22.189762,-57.637558,35.447796,4.33275941773654,0.0,-1.8214277027848718,238,24956,23.608913,0.0035144922,589.9898425087289,46.474876,0.08411052,618.7001746424019,16.516968,0.0,39.66922047914386,7.296607077708865,2.169999999999998,1.9199999999999982,0.36483035388544327,3.700000000000003
call_54a09817b7e2,synthetic,train,124.62,22.805227892794093,-12.326293,-72.243645,59.91735,0.2071613615471567,0.09607686148919135,3.0276721232546944,241,32124,67.400475,0.013885967,327.4823629259264,7.9330764,13.836721,1939.0971784945139,0.6108093,-22.150291,-59.138817,36.988525,5.463606015156647,0.00041295011562603244,-2.169410006419515,265,32124,22.04097,0.004103669,618.0594729070307,47.17084,0.086589746,603.2433949145266,16.708565,0.0,48.57968223399134,9.1478093403948,3.299999999999997,1.4200000000000017,0.9629272989889264,2.289999999999999
call_565b6523733e,human,train,123.96,9.632038560826073,-22.670227,-72.243645,49.573418,0.41771794093321746,0.0,5.133248628589867,238,30076,21.202686,0.07037324,550.4329677780319,10.062381,2.3782828,1232.4351537943596,6.2056274,-22.293596,-59.51058,37.21698,5.476397365969074,0.0,-2.19581316553727,245,29052,20.096157,0.0034528521,617.3718142195851,52.061756,0.090070754,531.4952043353843,17.655685,0.0,58.567279767667,9.196515004840272,2.8800000000000003,1.009999999999998,1.4520813165537272,1.0999999999999988
call_568b5e814bc3,human,train,153.6,15.911458333333334,-15.778241,-72.243645,56.465405,0.328866612111293,0.06405979799589087,4.175367838541667,250,32124,11.509567,0.0754335,929.2095456219158,7.362761,2.7696295,1344.0414648420324,7.2417297,-22.02468,-59.376076,37.351395,6.288870703764321,0.000312578144536134,-2.23822265625,254,32124,19.345736,0.0033966869,638.3229247641258,48.916527,0.11047473,613.8105025387803,15.322922,0.0,52.07031249999999,7.421875,3.8000000000000007,0.4199999999999875,1.5625,0.8799999999999955
call_569ffb0869eb,human,val,134.38,18.96096889418068,-25.270737,-72.243645,46.972908,0.39786497120262165,0.0,5.927961750260455,210,18812,26.580193,0.07362756,576.912797209058,19.219463,3.8585303,1279.3115240129216,6.744194,-22.186129,-59.395035,37.208908,6.0773751704785175,0.0,-2.159789403184998,239,25980,22.565706,0.0034887167,599.8924370343102,55.778816,0.08126672,523.483807564923,17.952316,0.0,49.546063402292006,5.804435183807115,5.180000000000007,1.2300000000000004,0.0,-2.540000000000001
call_56f58de34ea0,synthetic,train,159.18,21.108100892071867,-15.929815,-41.470585,25.54077,0.9899590400261905,0.00045290060190489995,-1.6363927629099133,253,32124,18.071245,0.024696203,646.6546859967196,81.3398,0.009045753,234.6340393741882,30.488403,-22.05518,-58.639812,36.584633,4.894735471486129,0.0,-1.8236399045106169,242,27004,20.831608,0.0035143967,614.1070590640298,49.612675,0.08766311,595.4314131925064,16.461525,0.1756134,52.43120995099889,7.538635506973238,3.0200000000000045,1.5999999999999943,0.3769317753486619,2.1400000000000006
call_578504f9f39e,synthetic,train,147.56,15.261588506370291,-12.503277,-72.243645,59.740368,0.7149200710479574,0.07043650793650794,2.2661934128490104,255,32124,66.35942,0.014870464,349.83816200231803,8.350293,13.583846,1928.4865616431598,0.6124115,-22.497456,-60.063267,37.56581,5.792073712255773,0.0,-2.1438092979127137,238,23932,23.773636,0.003376325,588.4320582040607,53.920166,0.081587,530.8743887359781,18.019272,0.0,52.06017891027378,6.912442396313364,3.740000000000009,1.4900000000000055,0.0,2.4399999999999977
call_57f113803718,human,train,173.08,17.587242893459674,-23.547535,-65.66542,42.117886,0.3055190538764783,0.0,1.325531546105847,223,18812,15.148027,0.15562183,545.4375050313346,42.956215,1.6769825,660.624529187736,8.889442,-23.094818,-60.063267,36.96845,5.553137319316689,0.0,-2.1652443956551886,240,25980,23.647955,0.0033982843,591.96081866594,51.79189,0.087797746,547.9029233514932,17.430542,0.70329285,57.302981280332745,7.279870580078576,4.8600000000000065,1.4199999999999982,0.0,1.779999999999994
call_5823cd70919d,synthetic,train,145.54,27.607530575786726,-19.916033,-72.243645,52.327614,0.1639497262319562,0.0,4.449371306857222,246,28028,18.195107,0.0036820956,619.8102083783943,8.14854,13.799633,1938.5145977237032,0.5412674,-22.06439,-60.16123,38.09684,5.639310602289696,0.0,-2.0955785351106226,248,31100,19.910524,0.0034443603,621.195026498483,50.537323,0.098052405,582.9736236096352,16.340012,0.0,42.80610141541846,8.245155970867117,2.469999999999999,1.3799999999999955,1.2367733956300675,3.610000000000001
call_58a0f7394bc3,synthetic,train,149.58,18.946383206311005,-15.61597,-72.243645,56.627674,0.1058574453069866,0.0008491847826086956,3.828275839015911,240,32124,42.70625,0.0030652739,504.42058050192543,8.240955,13.860225,1930.84391183987,0.60388184,-22.511654,-58.207783,35.69613,4.577893436838391,0.0,-1.7946516914025938,243,24956,22.648924,0.003754198,609.8169861443934,48.318962,0.0747321,572.6397087384577,17.895844,0.0,43.37478272496322,7.621339751303649,2.9000000000000004,1.1700000000000017,0.8022462896109105,2.719999999999999
call_58ed2170e352,human,val,133.64,13.020053876085006,-24.182055,-72.243645,48.061592,0.40229885057471265,0.0,5.579788985333733,222,24956,21.771069,0.03385679,579.973235376775,24.101679,6.2006755,1222.2568376088216,6.1174545,-22.602625,-57.832394,35.229767,4.5136494252873565,0.0,-1.9122193953906017,239,24956,22.594381,0.0033351574,607.2948642415649,48.222126,0.08021217,613.9099134131509,16.87378,0.0,57.153546842262806,9.428314875785693,3.2799999999999976,1.1300000000000026,0.8979347500748279,1.0200000000000014
call_5a6307557d57,human,train,144.06,11.245314452311538,-14.8113365,-69.81413,55.002796,0.1851851851851852,0.039503386004514675,3.395644176037762,241,32124,11.2413435,0.04126145,611.3897276036738,32.321182,1.5611854,1042.6198394188605,8.898651,-21.85331,-59.095245,37.241936,5.003086419753086,0.0,-1.9516494863251423,248,28028,21.15127,0.003623732,605.1004321851094,44.992294,0.091020204,617.9879619596062,16.54766,-2.429512,55.19922254616133,7.0803831736776335,3.819999999999993,1.1200000000000045,0.4164931278633902,1.0
call_5a7a7e3c9588,synthetic,train,145.16,20.983742077707358,-19.146896,-45.629498,26.482601,0.32953053184504266,0.0,-1.2327362909892532,244,28028,44.323933,0.02617838,462.9276888161732,59.899628,0.019010665,409.8408642979459,22.97609,-21.960796,-60.578644,38.617847,5.984487852921864,0.0,-2.117143152383577,251,31100,21.524511,0.0032486657,612.5957701508321,51.520214,0.0962861,540.5322836051699,17.885468,-0.2468338,40.396803527142474,5.786718104160926,4.070000000000008,1.7800000000000011,0.0,3.719999999999999
call_5c9d19646f57,human,train,65.64,1.5080362583790372,-26.909512,nan,nan,nan,0.0,1.7198202315661182,233,21884,12.288463,0.0057904026,608.2089681446785,26.293463,10.597434,1452.1034677106975,2.9293442,-22.521906,nan,nan,nan,0.0,-2.0725243753808655,232,21884,21.91194,0.003384186,588.5080217426531,63.31602,0.1111675,406.65743585331404,16.601494,nan,63.040828762949445,10.054844606946983,2.74,0.3999999999999986,3.6563071297989027,-2.3200000000000003
call_5d86f0ca06aa,synthetic,train,129.04,20.582861903285803,-16.028278,-42.961815,26.933537,0.12330514257745398,0.0,-1.6005928394296343,250,31100,19.041569,0.022597965,615.9222924824696,82.7168,0.00898596,227.34276931694492,30.478226,-22.393759,-57.824177,35.43042,4.315209359895708,0.0,-1.9581680099194048,235,23932,23.01114,0.003512692,585.9436871311943,47.057186,0.07711785,620.1856761021002,17.1111,-0.17708969,53.797272163670165,7.439553626782393,3.799999999999997,1.3999999999999915,0.0,3.1400000000000006
call_5e4539a471f6,synthetic,val,96.24,50.509143807148796,-17.149862,-35.32216,18.172297,0.04268668998148529,0.0025080256821829855,-2.247854322527016,248,32124,56.177094,0.021196121,452.3620206959545,17.727385,0.014315738,640.3860460999883,26.04094,-22.422344,-58.64929,36.226944,4.736165398066242,0.0,-1.6481348711554447,232,24956,27.094067,0.0033204136,571.2676963815695,43.14451,0.0983541,741.8863969243381,14.470535,0.29252243,12.88445552784705,3.117206982543641,2.96,0.3999999999999986,0.0,1.7800000000000011
call_5f7a4b3e8ca9,human,train,111.84,16.61290683118741,-23.797358,-72.243645,48.44629,0.417117983840042,0.0,4.800375536480686,219,15996,46.79848,0.09868284,394.5932741370071,3.859638,64.154945,3267.7219667339555,-16.09497,-21.71204,-59.303112,37.591072,6.305209265401408,0.0,-2.1149141630901287,244,27004,17.4894,0.0038605495,627.912296255303,55.43222,0.07727159,518.1241909909837,18.597984,0.0,50.697424892703886,8.047210300429184,2.6799999999999997,1.3399999999999963,1.0729613733905579,-1.9200000000000017
call_6058d9c5c82f,synthetic,val,153.18,17.05183444313879,-16.720856,-72.243645,55.52279,0.11485451761102604,0.003686122567671067,4.491222744483614,241,32124,25.55197,0.006204314,637.7720439690814,8.062034,13.901646,1941.6216974787937,0.53767395,-22.782259,-59.959446,37.177185,5.504402756508423,0.0,-2.16789071680376,240,25980,22.158646,0.0034932455,599.5178675555087,73.701004,0.048220247,405.284700914021,18.142494,0.0,53.88431910171035,10.18409714061888,2.8500000000000028,1.5,0.39169604386995693,1.8200000000000003
call_60ffdefc5f5a,human,train,211.48,13.01299177227161,-20.378197,-72.243645,51.865448,0.22074954918944947,0.0,6.15375212786079,233,21884,54.751225,0.5110442,429.75203158267243,8.982845,4.205778,1718.755308410422,3.099884,-21.884977,-58.375916,36.490936,4.692517680403708,0.0,-1.9348709097787025,251,31100,20.977613,0.003873497,609.2079457401322,45.96793,0.11053537,652.2802483734029,15.017899,0.0,65.69888405522981,8.227728390391526,3.8799999999999955,1.240000000000002,0.0,1.0500000000000043
call_624a4731ab56,human,train,183.52,8.151631974716652,-27.9023,-72.243645,44.341347,2.18417600414442,0.0,3.4443684612031387,202,10876,17.910526,0.036531657,577.0326092385134,12.091854,1.4059243,982.6338906615222,12.573418,-22.864801,-58.380375,35.51557,6.02444873369597,0.0,-1.890545989537925,241,24956,25.589632,0.0036538881,589.1673766609073,50.429672,0.104729086,654.0009609876315,14.723351,0.0,44.77986050566698,9.481255448997384,2.1000000000000085,-0.4000000000000057,3.269398430688753,0.5200000000000102
call_63a156c6b8d9,human,train,122.26,18.665139865859643,-15.379386,-72.243645,56.864258,0.04382120946538125,0.004348906560636183,2.363319973826272,241,32124,32.01538,0.05934908,392.0240046031067,16.894886,7.2705193,1143.1025388803973,6.243004,-21.733665,-59.242893,37.509228,5.197743207712533,0.0,-2.1748977588745295,250,30076,22.970991,0.0032596579,592.755545760533,39.763752,0.042698003,750.2569711730982,18.446663,0.0,54.63765745133322,9.324390642892196,2.5999999999999943,1.3900000000000006,0.0,1.2800000000000082
call_64637c20ee66,human,val,146.64,12.349887479541735,-24.315853,-72.163,47.84715,0.4845422732072971,0.0011301989150090416,3.560300736497545,253,32124,12.493157,0.19030544,713.3376598636693,19.324373,4.9912705,1125.874709215712,7.373993,-22.387814,-57.894844,35.50703,4.5244652434100185,0.0,-1.9449877250409164,239,25980,20.358023,0.0036301585,590.2105135493664,46.745274,0.09522617,672.1757012273471,15.296928,-0.0806427,53.573376977632286,11.456628477905074,2.8900000000000023,0.7000000000000002,2.4549918166939446,-1.0499999999999972
call_65a7cdefc22d,human,train,131.78,13.90195780846866,-18.601383,-62.80117,44.199787,0.42303493449781665,0.02368722040620199,0.4297086052511762,254,32124,5.582815,0.042951096,946.292516688921,14.131343,2.4010682,1273.708013869967,7.532028,-21.75034,-59.30725,37.55691,6.3516648471615715,0.0,-2.216649908939141,250,30076,19.357916,0.0034996106,619.6384665819676,50.162907,0.08340443,544.4680701145223,17.480057,-2.1609573,58.354833813932316,9.561390195780847,3.0600000000000023,0.12999999999999545,2.2765214751859157,-1.5099999999999993
call_6756c4a91509,synthetic,train,184.58,22.071662693682956,-12.772484,-72.243645,59.47116,0.13868476523307938,0.06163649356836589,3.20316935746018,247,32124,63.72325,0.016109172,352.6053271177934,82.48484,0.019450007,260.876389759411,15.424736,-22.000664,-58.72583,36.725166,4.716202492030228,0.0,-1.8205568046375555,260,30076,19.139307,0.0033699537,601.8581478451205,50.664917,0.08890043,583.8256586362241,16.568512,0.0,47.16654025354858,8.12655759020479,2.3200000000000074,1.4199999999999982,0.9751869108245746,3.5599999999999987
call_678ee1dd2242,human,val,166.7,14.949010197960408,-26.840813,-72.243645,45.402832,0.32152889245585875,0.0,5.807210557888422,215,18812,45.098324,0.038242955,435.89184295718525,25.469767,6.3796124,1404.3898535077783,4.2485123,-22.593231,-60.26403,37.6708,5.76795746388443,0.0,-1.9885632873425314,233,21884,25.027252,0.0033927532,574.7080633220179,51.864017,0.10611963,616.470072203065,14.575508,0.0,47.546490701859625,6.47870425914817,4.080000000000004,1.8900000000000006,0.0,1.480000000000004
call_68544c09a58b,synthetic,train,158.86,41.39486025431197,-13.715282,-72.243645,58.528362,0.684497955630238,0.0020833333333333333,5.328364597759033,254,32124,15.835026,0.0034808582,584.2858267848075,8.331301,13.830249,1930.8690719465503,0.63571167,-22.103123,-59.474586,37.371464,5.368585326538409,0.0,-2.101759410801964,237,23932,19.22896,0.0032264467,628.000427042849,50.097733,0.08855139,560.2741681617247,17.304764,0.0,43.47223970791892,7.931512023165051,2.1599999999999966,1.6600000000000001,0.0,1.6999999999999957
call_6971b2685c1d,human,val,97.42,17.799091562307535,-30.594082,-72.243645,41.649563,0.30493299403830765,0.0,5.044590433175939,175,7164,39.466213,0.22683838,442.89529545775434,27.291267,6.619722,1320.1643054112603,4.040642,-22.424335,-59.467445,37.04311,5.30857344704042,0.0,-1.9847053993019914,241,24956,25.058796,0.003782743,603.8454500748824,47.970467,0.120915145,680.741364301754,14.416054,0.7915039,53.21289262985014,6.774789570929994,4.0600000000000005,2.039999999999999,0.0,1.7199999999999989
call_6afd8cabf618,synthetic,train,152.04,20.73122204682978,-12.89442,-43.03279,30.13837,0.2442912776909715,0.012701638511367967,-1.4645981320705077,255,32124,42.342434,0.0037378075,507.2940872863342,81.94102,0.008794977,230.3366424411802,30.587204,-22.488707,-58.990753,36.502045,4.994487583181973,0.00017118597644480963,-1.8382744672454616,254,32124,21.649538,0.0035506424,595.1662530985133,44.924328,0.10652554,711.1391495503271,14.033478,0.025470734,48.02683504340963,8.287292817679559,2.9200000000000017,1.610000000000003,0.0,2.1799999999999926
call_6b0cc9c966a1,human,train,153.0,11.392075163398694,-25.313587,-70.48338,45.169796,0.28614663042620786,0.0,4.1452156862745095,221,24956,13.890712,0.113532096,1016.449135488149,14.429723,3.8271236,1398.2441805766755,6.6645126,-21.77803,-59.077545,37.299515,5.161396739793028,0.0,-2.095735294117647,248,29052,20.256311,0.0032740782,596.4455702999977,51.707993,0.084790565,575.1949958111097,17.290367,-1.7602615,56.45751633986928,10.19607843137255,2.3399999999999928,1.2800000000000011,0.3921568627450981,0.3400000000000034
call_6b31fbd81fc3,synthetic,train,162.5,42.57238461538462,-16.972351,-36.77074,19.79839,0.11545946180351654,0.0,-0.9588184615384615,252,31100,20.01332,0.0037767198,584.9078777177657,18.142574,0.017223146,640.448239423011,25.50785,-22.461369,-58.519646,36.058277,4.759676279856389,0.0,-1.7583107692307691,235,21884,26.806978,0.003837869,572.6633140922263,49.367523,0.09620235,633.4160286284394,15.506462,-0.40303802,29.095384615384614,3.692307692307692,4.3100000000000005,1.0400000000000063,0.0,-2.62
call_6b6499e4474f,synthetic,train,139.18,22.919959764333957,-13.340034,-72.243645,58.90361,1.0768025078369907,0.003226639132679401,2.673728265555396,255,32124,22.416603,0.032387167,829.4713841759018,8.53223,13.74599,1927.774814992353,0.62187195,-21.41003,-57.80315,36.39312,4.568965517241379,0.0,-1.8509843368300043,250,30076,21.037453,0.0033925807,623.7363975857409,48.083088,0.09514219,619.489867518491,15.894402,0.0,42.90846385974997,5.604253484696076,3.6400000000000006,2.1400000000000006,0.0,3.6099999999999994
call_6c8d4490f8d7,synthetic,val,129.44,12.561804697156983,-14.705072,-72.243645,57.538574,0.32441574415744157,0.009033449168499234,1.8291370519159456,254,32124,55.83803,0.021648323,462.4451907874108,7.9141984,13.790548,1934.364426403431,0.70999146,-22.529783,-58.650173,36.12039,4.947724477244773,0.0,-2.2103986402966624,236,21884,24.841412,0.0039863638,581.7963459009549,53.726463,0.080774195,545.4467819829332,17.88218,0.0,48.0222496909765,7.416563658838072,2.99,1.7199999999999989,0.4635352286773795,1.7399999999999949
call_6d88a2e95795,human,train,153.5,9.433143322475571,-24.943686,-72.243645,47.299957,0.3444435811773237,0.0,4.736830618892508,222,16764,22.081764,0.080921,655.9802461493427,14.835145,6.612568,762.278253421009,2.856575,-21.994436,-57.657326,35.662888,4.457048144407324,0.0,-1.898527687296417,246,28028,18.954536,0.0034194416,613.3630961247474,46.131092,0.08716991,595.8182398939362,16.76239,0.0,58.59283387622153,10.162866449511402,2.9800000000000004,1.0799999999999983,1.5635179153094463,-1.7399999999999993
call_6dfa70c50ea5,synthetic,train,131.88,32.620374582954206,-15.429239,-33.917408,18.488169,0.2033949523184119,0.0009040474203006861,-1.4977820746132848,254,32124,18.111738,0.0038243197,570.2369127261713,16.070688,0.012814874,654.2317381731826,26.257988,-22.663517,-58.356895,35.69338,4.626363472591077,0.0,-1.7848081589323628,241,28028,21.805159,0.0037169957,600.2810568746843,50.104214,0.08274469,580.9591664497208,17.151138,-1.3212852,30.603579011222315,6.369426751592357,2.3000000000000003,1.6000000000000014,0.9099181073703367,-0.6599999999999966
call_6e83cb807322,human,train,165.04,11.669898206495395,-21.637152,-72.243645,50.60649,0.38875908618899274,0.0,1.85379301987397,241,25980,20.265722,0.056216646,623.7732382391857,32.052544,9.648569,1433.3619249646663,1.8890533,-22.415878,-60.467308,38.05143,6.1747144340602285,0.0,-2.1333888754241395,243,25980,19.756859,0.003519203,612.6740669382817,59.161217,0.10628876,510.4044749671438,16.49176,0.0,52.12069801260299,6.543868153174988,4.260000000000007,1.3399999999999999,0.0,0.9399999999999977
call_70101b573bb2,synthetic,train,163.68,20.39345063538612,-23.029999,-72.243645,49.213646,0.08987417615338526,0.0,3.8118187927663736,201,16764,36.66665,0.0049579297,525.5193867041193,66.61608,0.013578053,344.239418716926,15.745132,-22.311035,-58.888096,36.57706,4.669712402636309,0.0,-1.8165108748778103,240,27004,20.152975,0.0036169004,615.4685074657009,17.124813,0.01130162,600.3435221108272,20.362152,0.0,41.2878787878788,9.530791788856304,1.4800000000000004,1.4200000000000017,1.4662756598240467,2.1699999999999946
call_70de89818ee5,synthetic,train,170.0,22.400000000000002,-21.803553,-42.882538,21.078985,0.07878151260504201,0.0,-1.5677176470588234,235,25980,30.11071,0.0046838117,591.7486228905651,81.19428,0.008113053,235.9416651456615,30.97387,-22.403975,-59.480328,37.076355,5.10733981092437,0.0,-1.8256735294117648,248,29052,23.158264,0.0035229798,604.0810057149141,10.32908,0.015981745,774.270964425537,24.481407,0.11476517,37.28235294117647,6.352941176470588,2.9399999999999955,1.6300000000000026,0.7058823529411764,2.9000000000000057
call_716d56beca2a,human,train,211.42,10.576104436666352,-26.355238,-70.06959,43.714348,0.13416815742397137,0.0,3.443292971336676,219,23932,18.715284,0.08820145,918.9889001629497,20.470285,3.08575,1144.8049636583705,8.456039,-21.54457,-59.697414,38.152843,5.360017889087657,0.0,-2.1641661148424935,249,31100,22.945696,0.0034889611,598.5176697991617,52.285793,0.097504124,552.2308969683337,16.482002,-2.174057,61.3565414814114,9.081449247942485,3.5899999999999963,1.1199999999999974,0.8513858669946079,0.020000000000003126
call_71fec5a6b017,synthetic,train,101.24,20.584749111023314,-21.401379,-72.243645,50.842266,0.14395393474088292,0.0,4.277252074278941,215,19836,36.64138,0.004544288,533.5692877838775,8.2007065,13.754487,1934.8743830996982,0.6143036,-22.436714,-58.97715,36.540436,4.804462571976967,0.0,-1.8927696562623468,241,25980,23.945292,0.0035430402,582.3738497221333,52.4838,0.08838263,595.5104392913697,16.376083,0.0,45.61438166732517,10.66772026866851,1.9699999999999984,1.2800000000000011,0.5926511260371394,1.7399999999999949
call_743448b8a861,synthetic,val,103.24,23.40154010073615,-13.979895,-72.243645,58.26375,1.3157213961237182,0.009958222883996186,3.2551772568771793,255,32124,51.511982,0.023479816,531.3492709909609,58.864407,0.00622435,370.05102018236033,25.802917,-21.903896,-59.287983,37.384087,5.611088690901189,0.0,-2.212882603641999,247,23932,21.641218,0.0037611818,604.5943385834273,63.236164,0.06432995,474.9689168776347,16.269058,0.0,49.51569159240605,11.623401782254941,2.0,2.0500000000000043,0.0,-1.1600000000000037
call_74b20933dd43,human,val,148.14,10.760091805049278,-24.514683,-68.80826,44.293575,0.6524466750313677,0.0,2.620402997164844,248,31100,17.941248,0.026237592,674.3005218155218,16.880205,0.00834221,814.7965429446532,25.749954,-22.289114,-58.28122,35.992104,4.678481806775408,0.0,-2.0046240043202377,243,27004,21.102938,0.0036468233,601.0724022756436,50.230408,0.08908514,631.0531975629789,15.690559,-3.4353867,57.49966248143646,8.910490076954233,3.6400000000000006,0.5,1.6200891049007697,-1.1500000000000035
call_750153d8eb40,human,train,140.48,15.47542354783599,-24.674599,-51.520008,26.84541,0.285190232234546,0.0,0.3375284738041002,232,21884,19.260225,1.053669,655.8193031975773,11.944332,0.8505218,654.040666088476,14.715652,-22.357157,-59.056664,36.69951,5.1713728804788435,0.0,-2.1135357346241457,241,24956,20.392075,0.0034858272,601.1650431345939,47.906086,0.085332505,604.1631857159408,16.656189,-0.10198212,53.04669703872438,8.969248291571756,3.06,1.370000000000001,1.7084282460136677,0.10999999999999854
call_7519d635bbbb,synthetic,train,150.04,15.635747134097574,-15.955071,-72.243645,56.288574,0.35645969980658465,0.005129958960328317,4.207011463609704,255,32124,14.609666,0.02600757,677.6572477793626,8.15731,13.967771,1937.303586128175,0.58257294,-21.50277,-59.176132,37.673363,5.261110726293299,0.0,-2.206149193548387,253,30076,18.613869,0.0035312548,617.0588348670447,50.10406,0.089759044,583.5415020811017,16.53157,0.0,55.945081311650206,8.797653958944283,3.799999999999993,1.2399999999999949,0.39989336177019463,2.0799999999999983
call_7601ac7d4fbf,synthetic,train,143.68,15.270044543429846,-16.134283,-72.243645,56.10936,0.163514129443938,0.00049800796812749,3.423656737193764,253,32124,42.914505,0.0034595458,490.0516407992685,7.859736,13.96604,1946.8786021488168,0.5026932,-22.70962,-60.127773,37.41815,5.622721057429353,0.0,-2.106347438752784,239,24956,22.360722,0.0037175284,608.5181538046029,54.416637,0.08991518,519.9736344399241,17.539925,0.0,41.66202672605792,7.5167037861915365,2.7999999999999985,1.3800000000000097,0.4175946547884187,2.540000000000001
call_76856257e3ef,synthetic,train,61.0,23.048975409836064,-20.307858,-72.243645,51.935787,0.21781843721939206,0.0,3.168450819672131,233,24956,45.47946,0.015576999,403.5924500501215,84.91571,0.009193719,239.23031839605633,25.006508,-21.944813,-61.38481,39.44,6.286506814605393,0.0,-1.9902622950819673,237,24956,21.128786,0.0036954158,601.5715799970407,22.101698,0.005042052,539.9870126484801,27.463806,0.0,35.08196721311474,11.80327868852459,1.7300000000000004,0.7400000000000011,1.9672131147540985,1.4800000000000004
call_7744ab92baa3,human,train,179.7,9.972175848636617,-25.477158,-70.940796,45.46364,0.055803571428571425,0.0,2.3157929883138566,207,15996,25.907278,0.010883738,414.9909919925984,41.093994,3.919758,861.2359279830107,7.1485367,-21.957306,-59.305874,37.348568,5.071847098214286,0.0,-2.1457129938786865,246,27004,22.657564,0.003680827,600.5418101841049,49.178192,0.09344345,554.4291227220963,17.922615,-1.3028488,62.715637173066234,6.343906510851419,3.0,1.269999999999989,0.6677796327212021,-2.719999999999999
call_794031bf2233,synthetic,train,155.86,42.26878288207366,-25.166443,-35.65125,10.484806,0.14647816773268116,0.0003916055435680748,-1.3876170922622866,251,32124,30.988213,0.01060871,579.1789442765735,24.941814,0.014558846,565.814973825445,26.399887,-21.526096,-58.196022,36.669926,4.391498953591846,0.0,-1.7422783267034518,242,27004,21.804672,0.0036416757,619.7188570609441,48.45206,0.08248903,613.7409034268135,16.630302,0.50042343,26.24149878095726,4.234569485435647,3.1199999999999974,1.3399999999999999,0.0,-2.2699999999999996
call_7a250598cb8b,synthetic,train,152.14,16.26133824109373,-18.565535,-44.328518,25.762983,0.1247978981406629,0.0,-1.3445806494018666,246,31100,45.748207,0.024133647,441.7239134261846,81.67692,0.010430476,232.2734837491373,30.006111,-22.50067,-59.12226,36.62159,5.062146321746161,0.0,-2.0981398711712895,246,29052,21.439007,0.0035537074,599.8500089874092,53.492622,0.08138561,560.8223976412395,17.046448,-0.08610916,48.77086893650585,7.887472065203103,3.0400000000000076,1.629999999999999,0.0,1.740000000000002
call_7a345e2b0f37,synthetic,train,130.96,16.98218921808186,-14.158998,-45.248367,31.08937,0.4457084403576909,0.0008491847826086956,-0.938240684178375,254,32124,18.887503,0.0031301517,582.9671485335597,82.329155,0.011364179,227.72507874950253,29.75621,-22.568733,-58.540405,35.971672,4.854456241323299,0.0,-1.8577657299938912,243,27004,20.949257,0.0034697885,619.5462698486501,49.19338,0.08882299,605.6016613317655,16.19326,0.13004303,51.7257177764203,6.872327428222357,3.8800000000000026,1.8599999999999994,0.0,2.009999999999998
call_7ae75e4aa32f,synthetic,train,242.82,26.175819537105678,-14.149714,-72.243645,58.09393,0.1455314947854492,0.006585249042145593,3.119757433489828,255,32124,68.311676,0.005448753,270.8402058496388,8.080308,13.83089,1936.1227923516444,0.65748596,-22.059061,-58.002285,35.943222,4.418060851831238,0.0,-1.8094133514537518,263,31100,20.793962,0.0037615718,614.0687985141677,14.379038,0.015325415,658.3855369341198,21.647484,0.0,41.141586360266885,5.436125525080307,2.8500000000000085,1.3400000000000105,0.4941932295527552,3.6999999999999886
call_7b14e69a57bd,synthetic,train,80.42,67.9432976871425,-17.1535,-34.13573,16.982231,0.15396229868228406,0.044378151156913744,-1.147301666252176,255,32124,15.424319,0.015265916,695.2763248029665,17.81802,0.014572072,647.0578350677349,25.88411,-21.403954,-58.703568,37.299614,4.889732796486091,0.0,-1.651492166127829,237,23932,22.382698,0.00448103,573.5861465977938,49.076973,0.0891506,603.2396217550312,16.588524,-10.174782,12.83262869932853,2.238249191743347,3.3800000000000026,0.14000000000000057,0.0,-2.520000000000001
call_7b1e73c133f8,synthetic,val,124.74,20.827220618887285,-16.175959,-72.243645,56.067688,0.19197551951269975,0.0016490765171503956,3.8263949013949015,241,32124,55.288944,0.025036383,456.1882367039641,8.087304,13.806027,1931.2178056389557,0.6479111,-21.97067,-58.49098,36.52031,4.734433864674099,0.0,-2.1109137004970338,253,28028,19.796995,0.0035450195,601.6924027635507,51.956352,0.069834314,533.3472724508001,18.877762,0.0,52.12441879108548,9.620009620009622,2.4800000000000004,1.3000000000000007,0.9620009620009621,2.2199999999999918
call_7d4f3b80384e,synthetic,train,131.56,14.746123441775616,-19.248518,-72.243645,52.995125,0.051546391752577324,0.00351123595505618,3.729769686834904,239,32124,46.631844,0.018862598,444.09465600687486,7.970359,14.09732,1944.815782850985,0.55612946,-22.153156,-59.73835,37.585194,5.248067010309279,0.0003875968992248062,-2.1263415931894194,252,32124,24.760553,0.0035029873,599.7965507904775,52.022854,0.093590364,583.3688606202003,16.85672,0.0,49.0270598966251,8.665247795682578,2.9400000000000004,1.2999999999999972,0.0,1.8599999999999994
call_7d5b26105bb5,synthetic,train,128.16,15.574282147315854,-15.321273,-72.243645,56.92237,0.21668336673346691,0.004288833437305053,4.28771847690387,255,32124,39.301003,0.0037165908,506.90381830140814,8.194895,13.93125,1938.7017608126507,0.55316925,-22.429192,-59.29279,36.863598,4.847820641282565,0.0,-1.8306725967540574,240,24956,22.6925,0.0035078393,608.3341377531441,51.261997,0.08649414,580.9312290856959,16.428345,0.0,50.8270911360799,7.49063670411985,4.18,1.2000000000000028,0.0,2.4200000000000017
call_7f82debeb19b,human,train,127.54,16.418182530970675,-16.427402,-72.243645,55.816242,0.27459735670196633,0.03686425057520942,4.715422612513721,255,32124,8.046515,0.038936052,962.6129290909083,2.2237527,1.4550387,1481.7211006368639,5.1248093,-22.800215,-58.81605,36.01584,5.01498346446352,0.0,-2.1985337933197426,235,24956,23.855999,0.004020763,589.8606622920322,53.18768,0.08970708,577.7394545755325,16.332092,0.0,50.44691861376824,7.52705033714913,2.4799999999999978,1.490000000000002,0.0,1.0
call_802282383eb2,synthetic,train,153.58,16.90307982810262,-11.61942,-72.243645,60.624226,0.6847138358420246,0.202109783420463,4.398873551243652,253,32124,62.319283,0.0074922345,287.52878410459294,8.33558,13.678082,1928.8187582197525,0.61048126,-22.668758,-58.103035,35.434277,4.85751981432795,0.0,-1.9159412032816774,250,30076,23.656599,0.0035496582,592.4146818582069,49.762997,0.08508485,607.2016953883817,16.246986,0.0,56.843338976429244,10.157572600599035,2.79,1.4199999999999946,0.3906758692538091,2.1100000000000003
call_810c24005ecc,synthetic,val,111.44,17.80330222541278,-15.7968445,-41.655846,25.859001,0.05040322580645161,0.0016666666666666668,-2.4085157932519743,236,32124,56.15099,0.021968536,455.0959945442025,81.37736,0.0073020556,233.33406392690344,31.17717,-22.450502,-60.56388,38.11338,5.74155745967742,0.0,-2.1626076812634603,240,24956,20.677645,0.0034859022,606.7921448393296,48.879864,0.09300149,557.4061460971371,17.249168,-0.018875122,45.27997128499643,8.076094759511845,2.16,1.3499999999999979,0.5384063173007897,2.219999999999999
call_810e3066a7b4,synthetic,val,130.34,19.05775280036827,-21.191236,-72.243645,51.052406,0.20078603455130106,0.0,4.51587386834433,224,25980,31.302801,0.015029737,566.2115168462562,8.691423,13.242425,1879.4827164559179,1.1826324,-21.818825,-58.652843,36.83402,4.7297943327009495,0.0,-1.9643240754948597,248,29052,21.351824,0.0036056857,614.0066780821645,51.1716,0.09284501,588.2380469870263,16.70565,0.0,54.41153905171093,8.746355685131196,3.680000000000007,1.6499999999999986,0.9206690194874942,2.219999999999999
call_81b12145be34,synthetic,train,131.88,19.123350773430392,-12.91503,-72.243645,59.328613,0.34595730549814385,0.0012895460797799176,3.8790756748559296,254,32124,15.144419,0.0037727125,493.104430626296,8.064813,14.038251,1941.4622951096135,0.5514221,-21.98529,-58.951817,36.966526,5.099152949806452,0.0,-2.2188798528965727,252,27004,26.024097,0.0037429985,566.1014862994018,52.162228,0.10459703,620.8959946730481,14.315666,0.0,51.68334849863511,10.009099181073704,2.3599999999999994,1.2500000000000009,0.9099181073703367,0.5600000000000023
call_81b98c77cf99,human,train,168.82,12.261506338111598,-21.839273,-72.243645,50.404373,0.44142778639967634,0.0,5.649801563795759,235,24956,18.076717,0.552997,595.0945421592048,19.905794,6.4007406,1214.079678356998,5.6679688,-22.199852,-58.97222,36.77237,5.23010404652202,0.0,-2.166105911621846,244,27004,21.733152,0.0032726221,595.6128658566342,49.114902,0.0951027,606.4878938666952,16.080307,0.0,53.44153536310864,7.818978793981755,2.8799999999999963,1.1499999999999986,0.7108162539983414,1.1700000000000008
call_850d796d23a7,synthetic,train,138.36,16.290835501590053,-16.563938,-72.243645,55.679707,0.15472493345164154,0.0034492273730684325,3.968202515177797,248,32124,43.742207,0.0033220414,505.72617456639824,8.359966,13.72144,1928.22450128121,0.6384201,-21.418732,-58.95754,37.538807,4.85248447204969,0.0001745319489459143,-1.9384612604799074,250,32124,19.936884,0.0035643098,628.7518690407887,53.10808,0.083322585,541.4817734752653,17.806793,0.0,51.763515466897914,6.071118820468343,6.1299999999999955,-0.05999999999999517,2.168256721595837,2.700000000000003
call_8570ae0e7d61,synthetic,train,167.42,14.609888304862023,-12.374203,-72.243645,59.869442,0.3740820425288355,0.09021005214533231,-1.799366861784733,255,32124,67.301834,0.007869767,276.7640611180276,8.169581,13.746436,1928.9849182791797,0.6974716,-21.41422,-58.95627,37.542046,5.175312629357263,0.0,-1.8629882929160195,267,30076,21.070848,0.0037994406,616.6539241973535,42.880913,0.10328579,656.3988797516075,15.4559555,0.0,40.938955919245025,6.809222315135587,3.739999999999995,1.539999999999992,1.0751403655477243,2.089999999999989
call_8834a90f11cd,human,train,127.54,14.395483769797709,-21.343838,-72.243645,50.899807,0.3812636165577342,0.0,6.332993570644503,223,18812,31.618097,0.009809008,456.39947326108273,10.777415,2.9872034,1195.8948700667218,7.4949036,-22.107666,-58.903778,36.796112,4.985021786492375,0.0,-1.9043829386859024,248,29052,19.55614,0.003410264,614.5964767778732,42.813686,0.10069063,655.2213501908237,15.74498,0.0,51.90528461659089,7.997490983220951,3.5799999999999983,1.519999999999996,0.0,1.1999999999999957
call_8893de2fe204,synthetic,train,175.92,8.924511141427923,-12.666396,-72.243645,59.577248,0.1910828025477707,0.01351242336237496,2.754081400636653,241,32124,21.66021,0.028238313,818.0888809781833,8.170787,13.782131,1935.820318532508,0.5767441,-21.73275,-58.72824,36.99549,4.80812101910828,0.0,-1.9651276148249204,252,31100,20.39973,0.0037350422,624.2251854866328,49.144768,0.08757695,578.838504752445,16.781898,0.0,50.62528422010003,6.139154160982264,3.5799999999999996,1.5600000000000023,0.34106412005457026,1.7199999999999989
call_88cd54e1e505,synthetic,train,131.34,20.069856860057868,-11.952281,-72.243645,60.291363,0.23283604738284697,0.1544213263979194,2.263849550784224,251,32124,67.07776,0.0099466005,267.65872319999505,7.9954286,13.679438,1933.2631748109548,0.68920135,-22.2968,-60.715733,38.41893,5.861208850615047,0.0,-2.171525239835541,245,29052,20.788624,0.0036196008,600.4337145113357,51.1692,0.108533256,562.3814732661582,16.379745,0.0,50.14466270747676,6.852444038373687,4.579999999999998,1.7000000000000028,0.4568296025582458,2.5400000000000063
call_88d7858b7921,synthetic,train,142.46,10.92227642847115,-13.406412,-72.243645,58.837234,0.32053599402308824,0.0027249306381292113,2.2537905376947913,242,32124,18.19511,0.003999462,502.9635706731312,8.339869,13.9723215,1931.5015787822776,0.6851349,-22.860985,-59.160767,36.29978,5.520609902071835,0.0,-1.8763231784360521,233,20860,22.491314,0.003686516,595.0728503073284,45.91967,0.09588897,626.8010044625594,16.183426,0.0,48.47676540783381,5.475221114698862,3.96,1.4600000000000009,0.0,1.9699999999999989
call_893d552b156a,human,train,152.82,13.257427038345767,-14.123537,-70.34103,56.21749,0.5657699901283316,0.0202577045696068,4.033811019500066,255,32124,11.679104,0.009943326,549.0109226111676,9.2035675,4.4760513,1504.7000485014626,4.462036,-22.027824,-58.56563,36.537807,6.101307996051332,0.0,-2.222807878549928,250,28028,19.490583,0.0036975394,617.8177762508313,49.23381,0.08870462,597.1121666460909,16.190048,-1.9026184,55.64716660123021,7.459756576364351,4.260000000000005,1.3599999999999994,1.1778563015312133,0.8000000000000007
call_8a3996f823e4,human,train,135.92,12.124779281930548,-16.975687,-72.243645,55.26796,0.5324635922330098,0.012672811059907835,3.88452030606239,255,32124,11.877047,0.05156237,644.2582899939791,65.77747,2.6594157,594.7603447156075,6.7360535,-22.677544,-60.050156,37.372612,5.5119842233009715,0.0,-2.1335417892878166,235,22908,25.013004,0.0037565648,584.1982629696529,55.86715,0.09045498,530.038081438504,16.78225,0.0,50.117716303708065,6.621542083578577,4.140000000000001,1.3900000000000032,0.4414361389052384,-0.10000000000002274
call_8a570a10920b,synthetic,train,182.72,18.46534314798599,-12.857185,-72.243645,59.38646,0.21932505677629216,0.012886597938144331,3.2318109676007007,255,32124,20.108143,0.03662428,813.9789869263302,8.1428385,13.840665,1936.314241416838,0.6483154,-22.016514,-58.58048,36.563965,4.853678325719938,0.0002982581722739203,-1.7470802320490368,277,32124,20.874798,0.0054769632,621.3027778350655,50.00157,0.089253746,584.7322160215695,16.43782,0.0,45.87346760070053,9.194395796847637,2.4200000000000017,1.6000000000000014,0.6567425569176882,-0.9399999999999977
call_8a61615c9927,human,train,174.34,15.223270620626362,-24.880398,-72.243645,47.363247,0.31508746149716,0.0,3.689078811517724,238,24956,8.694975,0.046668164,740.4436348584838,14.764554,9.293088,1605.286646981895,2.794281,-22.275967,-57.868767,35.5928,4.739499439530524,0.0,-1.9662498566020419,239,27004,24.829006,0.0035248909,568.558476821702,49.71907,0.0792275,584.4534472283462,17.082253,0.0,52.17391304347823,10.668808076172995,2.539999999999999,1.4200000000000017,0.34415509923138693,-0.990000000000002
call_8a9391c1823b,human,train,133.92,7.071292562724015,-19.4685,-65.617966,46.149467,0.7801053340197204,0.007161921495791177,0.49219310035842295,255,32124,8.520992,0.16628045,971.8794131227528,14.74174,1.7883413,1242.3706599000711,6.386421,-21.734684,-57.868023,36.13334,4.994786098021358,0.0,-1.9655960648148147,255,27004,21.926918,0.004317943,599.4087754275603,47.321995,0.0804626,617.3636943442932,16.919228,-1.5084305,57.048984468339285,11.648745519713263,1.7699999999999996,1.0400000000000063,2.2401433691756276,-1.1400000000000006
call_8ade6f74aa33,synthetic,train,141.74,20.798469027797374,-15.66286,-72.243645,56.580784,1.3585596892782335,0.0003646441073512252,4.048264427825596,253,32124,43.514706,0.003715012,462.32210806795405,8.771478,13.934565,1930.882690937052,0.5014801,-22.084532,-59.316917,37.232384,4.976721308694952,0.0,-1.9050726682658388,243,27004,20.428938,0.0041016135,627.4177590725919,7.981367,0.011526266,665.9728982763534,21.95736,0.0,45.81628333568506,7.196274869479328,2.8000000000000007,1.5,0.846620572879921,2.4000000000000057
call_8ae3fce602f3,synthetic,train,160.72,23.966992284718767,-14.133881,-72.243645,58.109764,1.1166349729684122,0.005304101838755304,3.2696895221503235,255,32124,63.53794,0.006024079,293.2374666765583,8.713146,13.750805,1926.271805744213,0.5827255,-22.354717,-59.645653,37.290936,5.309613899363313,0.0,-2.173404056744649,238,21884,22.708408,0.0033714436,602.7562921434064,52.87111,0.086974904,550.7914570485661,16.905151,0.0,50.03733200597312,7.466401194624192,3.3100000000000023,1.480000000000004,0.7466401194624191,3.700000000000003
call_8c2ebe3761bb,synthetic,train,130.84,15.056462091103636,-14.493443,-72.243645,57.750202,0.18718392883203572,0.00587128384428181,3.4203569244879244,243,32124,20.722095,0.0068813036,595.4503933130112,6.567965,0.4097492,1793.9983060799027,12.96843,-22.317616,-59.501915,37.1843,5.338866363365249,0.0,-2.158346071537756,242,27004,23.4453,0.0035565246,602.842150230065,53.894485,0.08102257,541.7527414806701,18.28659,0.0,45.597676551513295,5.961479669825741,3.3400000000000034,1.2699999999999978,0.9171507184347294,1.9400000000000013
call_8c6b33721067,synthetic,train,150.88,13.984623541887592,-27.686451,-72.243645,44.557194,0.2559241706161137,0.0007645274551365733,3.1696182396606574,254,32124,51.528572,0.008902114,405.96248928871586,8.272242,13.816084,1928.2680246726572,0.6790619,-21.96028,-59.1835,37.22322,4.915876777251184,0.0,-2.0646714276246025,251,30076,21.506542,0.0034798447,603.4956226956474,20.706171,0.01902161,651.9678780353386,24.101799,0.0,35.604453870625655,7.953340402969248,2.0399999999999974,1.5599999999999952,0.3976670201484624,2.5500000000000007
call_8cafd2754e55,synthetic,val,175.7,15.725597609561753,-14.494695,-46.596584,32.10189,0.24022909984210933,0.01757469244288225,-1.7707569721115537,255,32124,56.322876,0.019479511,485.1813046767784,81.25482,0.014383839,236.62904854877291,29.013077,-23.106043,-59.248333,36.14229,5.18098616081325,0.0,-2.12270062606716,239,24956,23.23556,0.003431592,572.0345463444231,51.24074,0.08565572,559.7944317456913,17.568184,0.032981873,50.43824701195215,6.829823562891292,3.779999999999997,1.630000000000006,0.3414911781445646,1.9599999999999937
call_8d3ea77f4bb4,synthetic,train,135.4,23.367706794682423,-13.552932,-72.243645,58.690712,0.20978275040593555,0.01344079569510515,3.7432127031019204,255,32124,61.298355,0.0052192244,290.0698193751162,8.195641,13.741369,1927.2842128484476,0.7335892,-22.80975,-58.31183,35.50208,4.64090012997839,0.0,-1.8371584194977844,240,24956,22.710917,0.003554861,603.1894073169611,13.437837,0.014963757,567.038764001994,22.148186,0.0,47.19350073855244,9.30576070901034,2.480000000000004,1.4799999999999969,0.8862629246676513,3.789999999999999
call_8d6cd93e02b8,human,train,141.64,12.115133436882235,-20.435421,-72.243645,51.808224,0.47421674108931444,0.0,6.399251623835075,245,29052,12.74168,0.009941408,519.3031944376359,5.0881257,0.0076684356,751.8056457714873,35.50733,-22.929705,-58.963905,36.034203,5.2986982714034925,0.0,-1.8946236938717875,237,23932,20.82021,0.0034188686,602.1993065721515,45.634136,0.1013273,608.6762098543007,16.699478,0.0,54.97034735950295,10.590228748940978,2.8,1.5,0.4236091499576391,0.9599999999999937
call_8d75a71e6126,synthetic,val,163.74,14.327516184194454,-14.041368,-72.243645,58.20228,0.3777726863421054,0.017322921249450066,2.413497007450837,255,32124,52.83948,0.023456443,478.9080180165724,7.9772296,14.060637,1947.7950615549548,0.5352478,-22.69306,-60.275223,37.58216,6.229785964332717,0.0,-2.1339013069500425,247,27004,22.399172,0.004019002,602.7612582159437,50.42072,0.08892903,539.4885211824961,17.30281,0.0,51.64284841822401,9.160864785635765,2.280000000000001,1.6199999999999992,0.36643459142543056,2.0700000000000003
call_8da8b9947630,human,val,185.04,13.715885754431476,-25.184402,-72.243645,47.059242,0.42110136476243476,0.0,5.1402831820146995,225,18812,26.622034,0.035205636,605.920656620657,29.126722,4.715083,1004.1810064632779,7.7352295,-22.599548,-58.85876,36.259212,5.690039844561882,0.0,-2.1409695201037615,248,30076,20.943787,0.0034244661,615.3171760489863,48.46021,0.09335313,591.0145506481884,16.375961,0.0,61.25162127107652,9.07911802853437,2.7400000000000087,1.5600000000000023,0.0,1.1599999999999966
call_8e6c9fa78a21,synthetic,train,128.44,15.55580426658362,-19.281096,-72.243645,52.962547,0.15015108953384343,0.0,4.156586733104952,222,27004,21.627329,0.021764802,587.178599623837,8.04042,13.799209,1933.3093089830602,0.61494446,-22.444164,-59.412666,36.968502,5.282190203892667,0.0,-2.170421986919963,245,28028,23.583616,0.0036174443,598.7133562869072,55.49403,0.08250602,504.1292581486648,18.52362,0.0,51.32357521021489,9.342883836810962,2.8200000000000003,1.249999999999993,0.4671441918405481,2.2200000000000006
call_8ed994ce484f,synthetic,train,167.34,18.871683399067766,-12.959696,-72.243645,59.28395,0.6653762879048761,0.06838887215351673,1.9874835663917771,255,32124,63.748817,0.017158503,368.31986342749536,8.189489,13.984739,1936.920797040993,0.6228409,-22.167816,-58.384277,36.21646,4.596281650893172,0.0,-1.913267150711127,242,24956,21.178411,0.0037156187,621.9901226196788,46.539875,0.12635867,696.3944403969365,13.923553,0.0,46.193378749850616,7.171029042667622,3.0499999999999936,1.6599999999999966,0.35855145213338113,2.1599999999999966
call_8ee1e10130a2,synthetic,train,126.94,16.937135654639988,-14.676088,-72.243645,57.56756,0.5313953488372093,0.008130081300813007,3.5539900740507324,255,32124,14.86417,0.005923729,633.6299481750458,16.199999,11.465672,1687.861169715617,1.868515,-21.898548,-59.975506,38.076958,5.669767441860466,0.0,-2.1888795887821018,246,27004,22.516775,0.0037839166,594.608659556387,51.479774,0.09500599,557.6240774985132,16.394249,0.0,48.18024263431543,8.507956514888923,2.799999999999999,1.5599999999999952,0.0,1.480000000000004
call_8f8e2145bc91,synthetic,train,119.74,13.362284950726574,-25.890543,-72.243645,46.353104,0.1875,0.002798507462686567,3.7803156839819607,255,32124,38.30156,0.01666202,516.3782510934393,8.118301,13.744018,1937.3718770138373,0.58898926,-21.936684,-59.080162,37.14348,4.7578125,0.0,-1.8734174043761482,236,23932,23.682764,0.0033039644,585.0337470703212,44.78811,0.08259463,602.2402723932679,16.995972,0.0,45.598797394354456,8.518456656088192,2.8800000000000097,1.3599999999999994,0.0,2.0
call_9083846f078a,synthetic,train,143.36,14.35546875,-12.864572,-72.243645,59.379074,0.1828231292517007,0.05863375665710774,0.6792515345982143,255,32124,69.51027,0.012561568,327.7767597485278,63.413704,0.32834116,631.5342095807606,12.599625,-21.989918,-58.984344,36.994427,4.845116618075802,0.0,-1.9789358956473215,246,25980,18.551962,0.0042177127,629.8003040243279,43.018425,0.12524013,783.3962560728942,13.256615,0.0,44.64285714285714,7.952008928571428,2.4000000000000057,1.3599999999999994,0.8370535714285714,2.09
call_91a25cd95998,synthetic,train,132.56,17.622208811104407,-14.157652,-72.243645,58.08599,0.3050085616438356,0.001162430254184749,4.011707905853953,250,32124,19.493042,0.0033667015,569.2661186364586,7.935074,13.9477625,1943.603275772553,0.5265579,-22.50842,-58.680817,36.172394,4.84107448630137,0.0,-1.8543678334339166,242,25980,21.117046,0.0033617734,606.501123792124,49.849415,0.10235274,621.7732598420946,15.612335,0.0,50.950512975256515,9.505129752564876,2.3999999999999986,1.6400000000000006,0.0,1.7000000000000028
call_924e8a27e4de,human,train,149.72,24.926529521773976,-14.0736885,-72.243645,58.169956,0.1979501607717042,0.011210762331838564,6.249438952711729,255,32124,20.62593,0.03011463,449.20882097862693,22.018677,2.6503272,889.6082192257073,10.957603,-22.129671,-59.491104,37.361435,5.356042336548767,0.0,-2.1138258081752603,237,22908,22.105604,0.003550452,599.7340817954328,50.26819,0.07488651,549.1952506032953,18.280396,0.0,46.9142399145071,9.217205450173656,2.7,1.3100000000000023,0.40074806305102856,1.5100000000000051
call_925ba94f05a4,synthetic,val,234.2,32.5533731853117,-18.040884,-37.906593,19.86571,0.10853882476390346,0.002535096460420319,-1.0355593509820666,255,32124,30.865425,0.008790279,588.5883057111505,17.327095,0.016858866,658.207509120917,25.613335,-22.324223,-58.11298,35.788757,4.425990293809024,0.00029260299625468166,-1.7788300597779676,252,32124,23.004671,0.0036455975,616.1751769602263,45.944954,0.09637449,676.7086907005925,15.1447525,-0.52313614,36.48163962425283,5.3800170794193,2.4000000000000057,1.479999999999995,0.5123825789923142,-1.530000000000003
call_927c1f5f2007,synthetic,train,171.78,13.901501921061824,-13.220849,-72.243645,59.022797,0.3449539363484087,0.10697159719660643,0.33125218302479914,255,32124,66.392975,0.0123101445,277.8258441621606,8.086397,13.788738,1932.3970264615923,0.64149475,-22.339136,-60.081367,37.742233,5.660071189279732,0.0,-2.081427552683665,260,30076,22.624582,0.0037675742,584.9953404106253,56.55249,0.084269315,523.0572106083123,17.85086,0.0,48.28268715799276,7.334963325183374,3.239999999999995,1.8099999999999952,0.34928396786587496,2.020000000000003
call_9491f635b944,synthetic,train,152.18,34.1173281640163,-19.714296,-72.243645,52.52935,0.6661723140038233,0.0,5.234429622815087,245,30076,44.83323,0.032332037,426.92878622828863,69.149895,0.05925323,472.9875641162949,6.3009796,-21.934908,-58.163036,36.228127,4.458804212269897,0.0,-1.9616276777500328,244,28028,20.146996,0.0034398087,614.1434420282928,48.99324,0.088842265,613.3725232664742,16.25055,0.0,47.1021159153634,10.251018530687343,1.8799999999999994,1.8999999999999915,0.3942699434879748,1.8199999999999985
call_94a8c8502249,human,train,168.5,15.999851632047477,-24.738583,-68.22234,43.48376,0.3978152616400375,0.0,3.3492818991097923,240,30076,6.5189686,0.03454107,783.7913975880799,5.1112223,2.1397378,1133.9825764490606,10.13858,-22.428198,-57.945713,35.517517,4.538710485074973,0.0,-2.1441394658753707,246,30076,23.724768,0.0036781202,587.1908293055515,49.020515,0.092055224,612.0413618697016,15.412979,-4.0213013,49.69732937685461,8.902077151335313,2.16,1.1199999999999974,1.42433234421365,0.33999999999999586
call_957a8384caff,synthetic,val,148.6,9.003953566621803,-16.749323,-72.243645,55.494324,0.3755640467493157,0.0058215350223546946,3.112244279946164,252,32124,21.582708,0.0069097364,628.2629639354475,8.110876,13.831755,1942.1187696630768,0.5511017,-22.967012,-81.49055,58.523537,88.23886620764394,0.0,-1.516054004037685,243,25980,20.420242,0.0035714994,602.1427820632192,8.316887,13.671903,1931.1354086346232,0.6191864,0.0,52.220726783310916,4.441453566621804,7.739999999999998,0.6599999999999966,0.8075370121130552,1.8399999999999963
call_95ccefc6e4ce,human,val,226.38,18.69428615602085,-18.421766,-72.243645,53.821877,0.5777393143333107,0.0,-2.160301263362488,244,30076,38.034634,0.086077094,499.0991221410768,16.280016,25.801596,1820.1209343807375,3.9413528,-22.04672,-58.370773,36.32405,4.857322609514977,0.00022506301764494059,-1.8687096916688752,253,32124,20.106747,0.0036393348,629.9073145669976,43.06675,0.1371202,724.9130866820287,13.399094,0.0,49.06793886385722,9.011396766498807,2.949999999999999,1.4299999999999962,0.7951232441028359,1.2199999999999989
call_9741efdd34af,human,train,135.88,12.820043420665291,-23.221584,-72.243645,49.02206,0.6572951872501955,0.0,6.549926405652046,232,30076,18.907524,0.018293038,520.2898306949443,19.214754,0.41082948,1044.1283784412499,14.346245,-22.719896,-59.31761,36.597717,5.540366965893843,0.0004744433198380567,-2.2048866647041505,253,32124,22.033363,0.003632789,611.5860236778457,49.843163,0.085200064,563.104752172162,17.527077,0.0,58.16897262290257,8.831321754489256,3.8299999999999983,1.3399999999999892,0.4415660877244628,0.960000000000008
call_97701e543c60,synthetic,train,141.52,34.44027345958168,-13.050253,-35.540527,22.490274,0.14361957227013816,0.12567324955116696,-3.907232193329565,255,32124,70.03178,0.0102239195,272.70503035130537,18.07197,0.01774665,650.928572923281,25.323105,-21.931437,-59.323143,37.39171,5.3693202947278795,0.0,-2.109737139626908,241,27004,21.209837,0.0037303355,620.9655744112134,48.28031,0.1077408,642.7356833966603,15.416298,-0.8967438,33.168456755228945,5.511588468061051,2.980000000000004,1.6400000000000006,0.847936687394008,-1.2199999999999984
call_989dad5aa1af,human,train,125.96,8.034296602095903,-19.361176,-72.243645,52.88247,0.2964426877470355,0.0,5.164806287710384,232,29052,26.493734,0.056718223,577.8402470555017,34.246643,5.6394467,1071.1494048483453,5.588028,-21.919348,-60.979237,39.05989,6.017786561264822,0.0,-2.194359320419181,244,27004,23.937517,0.0034731214,598.5203393946933,45.364437,0.122625105,598.1864926543606,15.4721985,0.0,60.9558590028581,7.1451254366465555,3.3599999999999994,1.3599999999999994,0.0,-0.980000000000004
call_9a3d5b0a64a3,human,val,214.72,11.917788282414307,-19.142883,-72.243645,53.10076,0.7737435216076671,0.0,-2.2141998882265277,236,27004,47.732075,0.05712463,458.6005041596241,36.349915,8.143316,1123.7643170384786,5.534355,-22.970074,-58.87809,35.908016,5.87781300221279,0.0,-2.1808448211624443,244,28028,22.03126,0.0033748387,606.9437119290958,47.86485,0.0934534,593.9132840586101,16.192757,0.0,51.555514157973164,5.588673621460507,5.089999999999998,1.3300000000000054,0.27943368107302535,1.3799999999999955
call_9bb847dfc83e,human,val,123.52,14.621113989637305,-24.504543,-72.243645,47.7391,0.5454042081949059,0.0,5.301667746113989,216,19836,21.018698,0.050993398,647.130601239942,24.970087,6.069825,1158.4289009567876,6.7606277,-22.080801,-58.535786,36.454987,5.1647286821705425,0.0,-1.9291531735751295,236,23932,22.177908,0.0035744002,604.1045524082169,51.164513,0.09408506,609.4382846181627,15.701729,0.0,60.15220207253885,10.686528497409327,2.5200000000000014,1.480000000000004,0.0,0.9299999999999979
call_9c2dbbd1fe2e,synthetic,train,140.32,14.894526795895096,-18.845041,-72.243645,53.398605,0.3349282296650718,0.0002834467120181406,3.352063141391106,237,32124,43.100697,0.0211934,455.91843816193995,8.008911,13.7302065,1936.5649670617543,0.642189,-22.545357,-59.523605,36.97825,5.380980861244019,0.0,-2.0881093215507414,239,24956,21.036392,0.0034156684,609.9781127292952,54.07123,0.078879565,518.0003939191494,17.908287,0.0,47.477194982896236,4.703534777651083,5.360000000000014,1.3599999999999994,0.427594070695553,2.25
call_9dc1a304389f,synthetic,train,151.48,15.130710324795352,-16.015913,-72.243645,56.22773,0.13089005235602094,0.0,2.966147346184315,232,31100,71.22007,0.010187119,296.0604411064156,8.147158,13.751877,1931.5443548901644,0.7130661,-22.89355,-58.122944,35.229393,4.570244328097731,0.0,-1.8958773435437022,241,27004,24.16071,0.0034635388,599.4409317957308,46.19994,0.09145573,608.4860291411652,16.784248,0.0,47.21415368365463,9.110113546342752,2.6599999999999966,1.2399999999999949,0.7921837866385002,2.4399999999999977
call_9f11e2c5441c,human,val,128.66,17.17705580600031,-23.296225,-72.03184,48.73561,0.5661764705882353,0.0,4.149265505984766,240,25980,8.398076,0.23650071,697.252472143854,28.308962,27.072758,1769.0933031057386,-0.54109955,-21.601934,-58.53694,36.935005,5.269796380090497,0.0,-2.174226643867558,249,30076,19.596224,0.003211149,616.0527246755586,51.72413,0.08425328,577.7196855895769,16.343315,-0.21180725,50.0233172703249,7.927871910461682,4.0,1.5999999999999943,0.0,-0.29999999999999716
call_a0fbbe7bfec4,human,train,157.8,13.219185678073512,-20.21926,-72.243645,52.024384,0.3301793515061811,0.0,1.6492522179974651,247,29052,42.68778,0.3431325,427.6929816585119,15.619001,2.7907274,1362.9805418155174,6.15464,-22.3314,-57.654495,35.323097,4.256976611796571,0.0,-1.874683143219265,246,28028,21.306303,0.0035030902,602.3851303659874,44.43253,0.0749342,657.2888323228174,16.368462,0.0,54.37262357414446,8.745247148288973,2.6599999999999966,1.2200000000000024,0.7604562737642585,1.0600000000000023
call_a2aa58c1750b,human,train,137.28,10.067016317016316,-21.156246,-72.243645,51.0874,0.1546671490593343,0.0,3.5283435314685314,239,25980,13.160133,0.10077308,488.496046309946,4.179579,0.3245727,582.1338344652651,17.867424,-22.47667,-61.229588,38.75292,5.939761215629522,0.0,-2.208978001165501,238,23932,19.674244,0.0033807866,620.4784889779571,58.389854,0.100197725,491.25203823171165,17.439102,0.0,55.08449883449886,7.8671328671328675,4.550000000000004,0.8500000000000014,1.3111888111888113,0.9299999999999997
call_a381913d938c,synthetic,train,110.96,26.15356885364095,-13.10692,-33.461758,20.354837,0.1374052377670572,0.1491431261331382,-1.9836472602739725,255,32124,65.398285,0.017642027,348.57041544104163,14.973194,0.01803395,670.3036425023178,25.276482,-21.56559,-58.683807,37.118217,4.751464507236388,0.0,-1.8074666546503244,247,25980,23.429853,0.0036346286,592.1171721922705,43.96472,0.14733092,731.0769704824382,12.894356,-0.37446213,44.01586157173755,10.814708002883922,1.8599999999999994,1.1300000000000008,1.6222062004325883,-1.0799999999999983
call_a3a1f51a4bf9,synthetic,val,128.84,17.447900496740143,-14.203891,-72.243645,58.039753,0.35031333581703633,0.005943672275054864,3.182338559453586,245,32124,51.044094,0.027007641,470.1680539993637,8.156738,13.893601,1942.5852941608114,0.5374527,-22.344568,-60.04852,37.70395,5.791291099261006,0.0,-2.1809880471903136,241,25980,23.612309,0.0036618127,594.942923370358,49.8533,0.09993774,565.1910905088105,16.75895,0.0,52.74759391493323,6.985408258304874,3.96,1.4000000000000057,0.0,2.1000000000000014
call_a426226cf8b9,synthetic,train,139.3,26.015613783201726,-19.909176,-43.398834,23.489658,0.18729433839913354,0.0,-1.33816223977028,226,22908,51.761185,0.012960324,383.4219962023083,46.826294,0.0064609936,390.3022874290627,27.498367,-22.000257,-57.80217,35.80191,4.424699397760746,0.0,-1.842307968413496,243,28028,21.220554,0.0034574245,603.1361149931246,45.28562,0.084521264,640.886953615752,16.33062,0.000705719,45.642498205312286,7.753050969131371,2.7200000000000024,2.0799999999999983,0.4307250538406317,2.559999999999995
call_a4683528fef4,human,train,164.78,13.448158150260953,-16.237476,-72.243645,56.00617,0.3288601582815788,0.034293023069009304,4.491042602257555,243,32124,9.444567,0.047055382,844.8815451436594,4.687013,1.5867522,1172.9094421554341,6.2029266,-21.638363,-59.12358,37.485218,5.3525798317905675,0.0,-2.1979973297730306,249,31100,20.211756,0.0036246239,613.3977179061194,48.793163,0.09216998,574.9613107648971,16.32148,0.0,54.351256220415095,8.01068090787717,2.9500000000000055,1.539999999999998,0.36412185944896225,0.8900000000000006
call_a49598543013,synthetic,train,180.96,20.778072502210435,-14.258898,-72.243645,57.98475,0.33045212765957444,0.021621621621621623,3.3403321175950484,255,32124,27.69137,0.005044774,535.7811723402536,8.127151,13.818674,1933.8503174929087,0.6592102,-21.899883,-59.375378,37.475494,5.16688829787234,0.0,-2.030029426392573,257,30076,23.035357,0.003858554,600.3478812235232,46.734734,0.09779575,633.9864798307021,15.753975,0.0,43.324491600353674,6.29973474801061,2.6199999999999974,1.600000000000005,0.6631299734748011,3.3599999999999994
call_a6481017c744,synthetic,train,122.8,25.521172638436486,-21.03194,-72.243645,51.211704,0.2592533503509892,0.0,4.435354234527687,237,23932,34.780064,0.006991103,590.1241575822282,7.957688,14.00543,1940.191125651503,0.60180664,-22.336967,-58.72824,36.391273,5.206206126356094,0.0,-1.874849348534202,234,21884,20.407223,0.003630508,611.185185585784,48.73432,0.08596346,589.260949065371,17.189072,0.0,44.18566775244298,7.32899022801303,3.479999999999997,1.6400000000000006,0.488599348534202,3.2099999999999973
call_a71916766a4f,synthetic,train,135.84,14.561156507656067,-14.982429,-72.243645,57.261215,0.2521502284518987,0.007688133140376267,4.486664458186102,246,32124,19.387331,0.007861671,593.6020046459377,8.018603,13.845255,1941.4315325179664,0.5697403,-22.24474,-58.934055,36.689316,4.855313797483554,0.0,-1.9154851295641933,249,29052,21.363579,0.0035508808,604.9477971562139,52.054974,0.08826626,557.6292626797792,16.845085,0.0,54.68197879858659,10.600706713780918,2.4000000000000004,1.279999999999994,0.0,1.8999999999999773
call_a766613f8c8a,human,train,93.74,15.244292724557287,-23.138695,-72.243645,49.10495,0.233554933519944,0.0,5.169367399189247,217,16764,47.196888,0.042601258,400.15660915347866,80.61614,2.4949796,507.58974257345466,3.6823807,-23.59109,-58.753067,35.16198,5.568579426172148,0.0,-1.9382014081502026,233,20860,24.902744,0.003920752,592.3960155289666,52.18286,0.10679952,601.2639210129944,15.225052,0.0,49.45594196714316,8.320887561339877,3.799999999999997,1.3799999999999955,0.6400682739492213,-2.719999999999999
call_a7c95e99f3b6,human,val,122.78,8.266818700114024,-22.385155,-61.454357,39.069202,0.3916256157635468,0.0,0.6636178530705327,228,21884,48.846943,0.06445031,431.2735993048871,2.802939,6.8714786,1766.1827255133173,2.6510773,-21.783573,-59.433212,37.64964,5.548029556650246,0.0,-2.2061654992669815,244,27004,20.451256,0.003917215,615.8701735354508,54.061745,0.1004605,559.5432267567584,16.496826,0.107227325,60.09122006841509,10.262257696693272,2.9000000000000004,0.7599999999999909,1.9547157517510994,-0.23999999999999488
call_a7df1d46e72b,synthetic,train,172.44,18.162766759452566,-25.525986,-72.243645,46.71766,0.1608403609529093,0.004118973291710024,3.711363372767339,255,32124,41.735474,0.010206597,505.8588517113162,8.129249,13.824898,1938.8115397672295,0.5840683,-22.783754,-59.059265,36.275513,5.15966299354643,0.0,-2.074683948039898,240,22908,22.605555,0.003417175,595.7992436331331,50.527554,0.09234921,593.0788951626417,16.02269,0.0,41.138946880074215,5.567153792623521,4.069999999999993,1.8100000000000023,0.6958942240779401,2.0200000000000102
call_a7ea289a43fd,synthetic,train,168.32,17.217205323193916,-21.83519,-41.78202,19.94683,0.1721014492753623,0.0,-1.5208174904942966,215,20860,38.493183,0.00572946,520.5596516260291,81.10435,0.007473164,236.86135298785007,30.381401,-22.077673,-58.572903,36.49523,4.783902691511387,0.0,-1.8917656844106463,246,28028,21.832785,0.0033546065,608.0304365359059,50.41963,0.10302431,605.9036319970697,15.736366,0.20476532,49.04942965779469,10.33745247148289,2.4200000000000017,1.5799999999999983,0.0,-0.6200000000000045
call_a8ca5b456ce4,synthetic,train,162.58,18.05887870586788,-13.831986,-72.243645,58.41166,0.5534717580391773,0.0806259615596222,1.020672899495633,255,32124,21.255167,0.0083571,587.2065319149366,7.992442,13.968344,1939.25592480414,0.583519,-22.819637,-58.262478,35.44284,4.6023305418488505,0.0,-1.8281630581867387,237,21884,20.632366,0.0038818251,608.4334802119585,44.81735,0.108212404,671.5782032317718,14.474823,0.0,36.9049083528109,6.273834419977857,1.9000000000000001,2.200000000000003,0.0,2.000000000000007
call_a9d29125d786,synthetic,train,100.12,48.581577107471034,-13.174637,-72.243645,59.069008,0.27343820270919694,0.0,4.629654414702357,251,31100,18.336681,0.004126882,479.49201986878916,8.343189,6.451545,1244.4255646044874,6.8172455,-20.969599,-59.672577,38.70298,5.475959796360497,0.0,-2.157318717538953,266,29052,21.919731,0.008070799,605.8609182252828,50.253452,0.08990936,562.0887836377026,17.507957,0.0,30.36356372353176,8.98921294446664,0.98,0.5599999999999996,1.7978425888933278,1.740000000000002
call_abf730747901,human,val,119.3,15.574182732606873,-24.345764,-72.243645,47.89788,0.18904736275565123,0.0,5.5626026823134955,231,24956,15.0332775,0.023547497,557.5714787364408,18.21583,7.7478447,1364.8927861893408,5.1915665,-22.352283,-58.49212,36.139835,4.755785791173304,0.0,-1.9347652975691534,241,27004,23.82341,0.0033511624,595.3730893153136,45.003418,0.10054741,651.828488918367,15.610306,0.0,53.512154233025974,9.052808046940486,2.979999999999997,1.6600000000000001,0.0,1.0
call_ac80248cae29,synthetic,train,146.18,17.047475714872075,-12.962471,-72.243645,59.281174,0.4664927768860353,0.00986248872858431,3.3375017102202764,255,32124,19.730713,0.02289363,869.8189220877391,8.082872,13.847046,1937.8120974998653,0.5975113,-23.167156,-60.643837,37.47668,5.958567415730337,0.0,-2.1347311533725546,235,22908,23.30465,0.00356338,608.5049926313317,51.87535,0.09138422,547.5954788068864,18.05922,0.0,46.88739909700369,5.746340128608565,4.530000000000002,1.3000000000000007,0.4104528663291832,3.870000000000001
call_acda78859d0d,human,train,148.64,18.003229278794404,-15.40019,-65.571014,50.170822,0.4787929745889387,0.06321065230400957,-5.982171689989236,255,32124,24.965523,0.16639937,438.27425513520757,90.73418,1.592937,271.5906848512991,7.977707,-22.223534,-58.15933,35.935795,4.76363976083707,0.0,-1.8585533840150699,240,23932,21.598446,0.0036166667,607.2385030159439,44.11444,0.093558684,695.5261063871211,15.097504,-0.93403625,50.470936490850384,8.476856835306782,3.3799999999999955,1.519999999999996,0.40365984930032295,1.240000000000009
call_ad8e23b11d98,synthetic,train,116.68,19.369214946863217,-20.563774,-45.97126,25.407486,0.30973451327433627,0.0,-0.9175094274940007,233,25980,45.31202,0.012410863,407.3863384647221,60.767723,0.015707767,423.405452040023,14.956154,-22.430841,-59.70043,37.269592,5.507743362831858,0.0,-2.205296537538567,239,28028,18.88266,0.0034677635,618.755786153177,55.338837,0.0783832,520.7083747045449,18.606987,-0.040340424,51.49125814192665,6.6849502913952685,4.980000000000004,0.8000000000000078,1.0284538909838874,2.630000000000001
call_adf30039caa2,synthetic,train,116.44,13.706522672621094,-18.759323,-72.243645,53.48432,0.5075227719515347,0.0,4.846951219512195,233,23932,23.605907,0.021552278,561.151092828666,8.094401,14.147896,1945.6807868925562,0.54821014,-23.039444,-81.49055,58.451103,88.05755057605401,0.0,-1.7912100652696668,237,22908,22.574703,0.0035245218,600.593894691782,8.405507,13.898215,1925.4816753826706,0.6836014,0.0,67.27928546891104,5.668155273102027,6.280000000000001,0.8500000000000014,0.0,2.1299999999999955
call_aed9b45d6c31,synthetic,train,128.58,21.496441903873077,-19.427452,-72.243645,52.816193,0.06014806372981309,0.0,3.833932182298958,248,31100,43.67228,0.023612786,466.910975047081,8.012885,13.882192,1931.9629847148865,0.71676636,-23.062607,-59.55782,36.495213,5.302074429837058,0.0,-2.1081816767771038,236,23932,23.258772,0.003487085,572.8100074763815,53.303925,0.09047319,542.4153598991567,16.932861,0.0,45.3725307201742,10.265982267848809,1.8800000000000026,1.460000000000008,1.399906672888474,2.170000000000002
call_af9ad367dcce,synthetic,val,141.3,18.04662066525124,-15.267607,-72.243645,56.976036,0.19902058343423254,0.013020833333333334,2.584352441613588,253,32124,59.315727,0.03013059,457.3080187761405,8.228012,13.807579,1929.5939884812033,0.6907654,-22.472443,-59.041714,36.56927,5.165221398144109,0.0,-2.0287438075017694,246,28028,23.356586,0.003518441,596.7901838811282,48.783146,0.083539605,551.3215175955194,17.100151,0.0,43.63765038924273,5.095541401273885,4.82,1.5400000000000063,0.0,3.509999999999998
call_b0836ff3142a,synthetic,train,154.68,20.92061029221619,-12.572468,-72.243645,59.671177,0.12438195302843016,0.006978367062107467,4.275701448151022,255,32124,23.381573,0.026493998,818.8680289543302,8.164745,13.711742,1935.4340645812902,0.57012177,-22.300522,-57.80022,35.4997,4.337144622991347,0.0,-1.9307804822860097,261,24956,23.96816,0.005105017,584.3573911003765,46.97327,0.08139504,640.6336189039715,16.26426,0.0,51.62916989914661,9.69743987587277,2.719999999999999,1.460000000000008,0.0,2.209999999999998
call_b167dd907a80,synthetic,train,160.54,13.25518562352062,-17.974277,-72.243645,54.269367,0.2496490228443541,0.0,2.712224367758814,251,31100,24.677588,0.01843588,742.0866995989264,7.9834766,13.933257,1939.4949692309908,0.6307907,-22.69307,-58.734283,36.041214,4.820282074025341,0.0,-2.0815622274822476,242,25980,23.080406,0.0037585679,596.1675603000111,48.051872,0.08098948,586.1135414797976,16.528343,0.0,41.808894979444375,3.7373863211660647,6.31,2.3099999999999987,0.0,1.88
call_b2594d9c3ffd,synthetic,train,184.14,12.740306288693384,-18.908772,-72.243645,53.334873,0.1278772378516624,0.0,3.1704436841533616,222,25980,21.52139,0.01601815,581.6194658186387,8.102537,13.851665,1933.067901413959,0.6355057,-22.958424,-59.853348,36.894924,5.566389599317988,0.0,-2.0852612142934723,244,29052,22.0036,0.0034773787,607.2205672680541,56.57188,0.082565226,508.61858546490856,18.242035,0.0,44.25980232431844,6.516780710329098,3.7900000000000063,1.740000000000009,0.0,2.349999999999995
call_b382ffa5187d,human,train,125.46,15.287741112705245,-14.888132,-72.243645,57.355515,0.15641293013555788,0.03048780487804878,1.6084927466921728,241,32124,29.764177,0.08351311,434.93183925549414,39.45923,2.245353,866.8720933110668,9.711967,-22.747532,-59.375378,36.627846,5.217022940563087,0.0,-2.2492547425474254,243,27004,23.43999,0.0037503012,611.4506690352387,47.41777,0.085663214,587.4517739479146,17.165894,0.0,58.026462617567354,8.130081300813009,3.46,1.389999999999997,0.0,1.5299999999999994
call_b3f14bd5c2b6,synthetic,train,126.36,23.630796929408042,-15.129082,-46.42663,31.297546,0.16703017008611054,0.0,-1.002457264957265,232,28028,32.34424,0.030378375,705.5943515282213,80.93175,0.014682153,239.60574952866375,27.892815,-22.471369,-58.716187,36.24482,4.704892435082197,0.0,-1.8190062124089903,237,23932,21.870428,0.0036024025,590.5983791330248,46.878582,0.0948441,618.4074171998926,16.564415,0.058441162,41.48464704020258,9.02184235517569,2.16,1.480000000000004,0.0,2.250000000000007
call_b41c86402714,human,train,140.78,9.212956385850262,-26.132679,-59.65013,33.517452,0.5830763299922899,0.00014194867136043608,0.5204645546242364,245,32124,30.20775,0.20174207,523.9160973632281,68.92682,1.4739461,401.4739236997158,11.806793,-21.867922,-58.38874,36.52082,4.798573631457209,0.0,-1.8513744850120757,244,27004,22.026596,0.0035343508,588.3595338748544,45.784973,0.102162704,712.1126265260593,14.572723,-3.9329338,51.299900554055974,8.523938059383434,3.1800000000000033,-0.41999999999999815,4.261969029691717,0.12999999999999723
call_b5840ec7dd5e,synthetic,train,135.68,22.61202830188679,-15.127238,-72.243645,57.116405,0.12467405475880051,0.0,2.6923091096698113,242,29052,71.57015,0.010375335,295.4010050748301,8.132804,13.925891,1937.1336221889198,0.62968445,-22.76448,-57.835464,35.070984,4.166395045632334,0.0,-1.828651975235849,237,24956,22.91677,0.0032163518,593.009103077137,49.518036,0.07878145,601.0908736494437,17.265938,0.0,39.16568396226413,6.191037735849056,2.25,1.720000000000013,0.8844339622641509,5.5
call_b5c4803ea37c,human,train,114.08,15.252344845722298,-19.031542,-72.243645,53.212105,0.05747167723906063,0.0,-3.5237552594670407,226,31100,32.317135,0.03866453,418.7187817422311,13.619979,24.697659,2045.739829223178,-1.4032898,-22.61036,-59.74826,37.1379,5.324032500233479,0.0,-2.2076656732117814,247,30076,21.897549,0.0038221937,614.5746955404501,48.75503,0.09374129,575.7902891022703,17.16198,0.0,59.80014025245444,7.363253856942497,4.400000000000006,1.4799999999999969,0.0,1.2999999999999972
call_b5cc1f8d8fee,human,val,159.3,12.441854990583805,-19.302433,-72.243645,52.94121,0.15136321495468563,0.006465497335291455,3.188355304456999,241,32124,21.2293,0.12853901,678.376569065757,29.826477,6.250907,1144.9969132346725,5.875679,-22.150948,-59.69741,37.546463,5.406820174193833,0.0,-2.1628750784682986,255,31100,21.036097,0.0036818853,612.4576272968972,46.375076,0.0885879,670.3774411780574,15.373062,0.0,55.98242310106716,9.792843691148775,2.8599999999999994,1.4200000000000017,0.3766478342749529,-0.5799999999999983
call_b658b1155216,human,val,188.74,13.929281021511072,-17.486135,-72.243645,54.757507,0.038037095677559536,0.00704147995008999,2.698127053088905,241,32124,19.114874,0.009105048,666.858773826445,15.177408,4.9393854,1237.444560972976,6.3048935,-22.018631,-59.095245,37.076614,4.828809296266184,0.0,-2.12424896683268,261,31100,21.38724,0.0037386282,610.3284031351483,51.490273,0.08909891,562.8437746832255,16.79036,0.0,55.98177386881423,9.536929108826959,3.3599999999999994,1.3999999999999986,0.6357952739217972,0.9200000000000017
call_b712f501aeb8,synthetic,val,205.38,25.669490700165547,-15.194,-35.250225,20.056225,0.07658383915022761,0.01169523409299495,-2.3659630928035837,255,32124,54.591515,0.023193773,474.7609772379554,17.470234,0.014536875,642.5322543061571,26.016853,-22.46175,-58.481842,36.020092,4.773093702579667,0.0,-1.9724011588275392,249,30076,22.630733,0.003761506,606.491879116162,21.24419,0.011723105,658.1285528071604,22.787659,-0.04453659,38.62109260882268,4.382120946538125,3.96,1.4699999999999989,0.5842827928717499,-1.1999999999999886
call_b72eccd91b8c,synthetic,train,156.68,22.198031018636712,-19.413685,-72.243645,52.82996,1.0131577528671394,0.0,4.115866734745979,251,31100,52.864227,0.024565488,390.94698216261963,8.229635,13.7115755,1931.4688235980723,0.6102066,-22.375244,-58.498413,36.12317,4.639895916819713,0.0,-1.863042507020679,243,28028,21.428732,0.003591346,603.8023344990336,46.11893,0.09809983,681.73937040574,14.68544,0.0,45.876946642838924,8.80776104161348,3.980000000000004,1.6400000000000006,1.148838396732193,3.5600000000000023
call_b78e6c8e05d3,human,train,133.22,14.09698243506981,-23.672188,-71.82988,48.157692,0.4659211927582535,0.0,3.0206275334033927,237,27004,15.992204,0.2262634,601.5118494335817,28.393154,4.2974024,961.9701744787282,8.39753,-22.739964,-59.07231,36.332348,5.3481096911608095,0.0,-2.2311477255667316,236,23932,20.75516,0.0033207494,601.3017974002727,50.928833,0.08868242,552.4069441170285,17.093788,-0.41376495,55.817444828103866,8.557273682630235,2.7199999999999998,1.0099999999999998,1.3511484762047739,1.1899999999999977
call_b7c3a7552903,synthetic,train,159.9,12.407676672920577,-12.335293,-45.36109,33.0258,0.05040354336909885,0.06858766233766234,-2.021741713570982,241,32124,68.226524,0.0153983915,337.85172859729204,82.15292,0.011588783,230.25084486224148,29.836426,-22.3474,-59.217148,36.869747,5.115329607671419,0.0,-2.2606246091307067,248,27004,21.961052,0.0035266096,594.2852089358073,55.741302,0.08098283,514.5835237221281,17.724373,-0.16649628,60.775484677923714,8.25515947467167,4.540000000000006,1.2899999999999938,0.0,1.810000000000004
call_b956718b62ae,synthetic,train,129.8,21.64869029275809,-11.861447,-72.243645,60.3822,0.2762455516014235,0.23768322475570033,4.345916795069337,255,32124,66.8704,0.009293665,270.58816392337667,8.10471,13.919416,1934.6720249708646,0.6747589,-21.917084,-58.04901,36.131927,4.254448398576512,0.0,-1.899832434514638,256,29052,21.793242,0.0035659228,600.4295193911356,47.728123,0.0863852,620.5264457394155,16.725037,0.0,50.61633281972264,10.631741140215716,2.6400000000000006,1.720000000000006,0.4622496147919876,1.870000000000001
call_b96e9305d9a2,human,train,137.94,10.997535160214586,-24.11907,-72.243645,48.124573,0.1977587343441002,0.0,4.641659417137886,229,22908,19.631292,0.07169137,610.4991214235463,20.461267,19.198738,1528.1137280636353,-0.5835571,-22.31142,-57.579254,35.267834,4.1339815425181285,0.0,-1.944001921125127,244,28028,21.28406,0.0035648444,596.2919448366208,23.22123,0.019620419,633.0471680677812,19.401161,0.0,55.83587066840658,10.004349717268378,2.780000000000001,1.029999999999994,1.3049151805132666,-1.0399999999999991
call_bac44092a11a,human,train,164.68,13.274228807384016,-25.259743,-70.940796,45.681053,0.3545288197621226,0.0,2.1411616468302164,198,13436,28.731615,0.008169301,395.3986786723339,42.69558,0.5765611,540.0368848049372,16.091179,-21.536665,-59.251057,37.714394,6.13220494053065,0.0,-2.1945136021374787,248,31100,21.11064,0.0041375766,627.2552757921012,18.89883,0.012218575,542.8937880164259,21.402107,-1.3028488,54.651445227107104,8.744231236337138,2.8099999999999996,1.2699999999999996,0.3643429681807141,0.799999999999983
call_bba20372ca37,synthetic,train,149.2,18.79356568364611,-21.881756,-72.243645,50.36189,0.03566333808844508,0.0,3.897014075067024,237,28028,32.21165,0.005352965,586.8245059290288,8.185217,13.599414,1926.094723276596,0.73542786,-22.225592,-59.37117,37.145576,5.208630527817403,0.0,-2.0409626340482574,240,23932,20.720821,0.0033205706,617.4443223231582,53.30323,0.08796119,553.8135279356059,17.256248,0.0,45.938337801608576,5.630026809651476,3.9499999999999957,1.6799999999999926,0.4021447721179625,2.0400000000000063
call_bc24a38d8bf2,synthetic,train,111.72,17.955491407089152,-26.665926,-43.28591,16.619986,0.2486306619557699,0.0,-1.2325725026852847,236,31100,43.637573,0.00930341,437.5070095960078,79.00932,0.009439927,246.31191200414466,27.604378,-22.30373,-58.411125,36.107395,4.720243770212925,0.0,-1.8774257071249552,246,28028,23.842505,0.003438181,592.2911067348055,50.257538,0.08698015,599.4473017800268,16.567154,0.14648819,47.08199069101327,9.12996777658432,2.12,1.7799999999999976,0.0,2.299999999999997
call_bc2c7c34acea,human,val,191.72,16.763835280617567,-19.275135,-72.243645,52.96851,0.25358105453937313,0.0,6.110716148549969,234,21884,63.295853,0.0069879135,285.0958165678555,78.76053,1.0341529,384.801694701784,10.255959,-22.429031,-58.504715,36.075684,4.650800997211387,0.0,-1.9177263717921968,240,24956,22.310608,0.0035092223,601.6600654552644,47.559834,0.11829187,682.7775641687867,14.101318,0.0,58.00125182557897,10.014604631754644,3.530000000000001,1.6099999999999923,0.6259127894846652,1.1100000000000065
call_bc7120020303,human,train,156.88,14.852116267210608,-19.456135,-72.243645,52.78751,0.2140557939914163,0.0006185056902523503,5.635641891891892,246,32124,24.556787,0.041158624,605.1636900806361,5.36411,0.033805788,1709.7699249984819,20.275871,-22.58547,-58.95118,36.365707,4.799892703862661,0.0,-2.165543727689954,247,30076,20.975801,0.0036620658,614.5491248715158,53.454266,0.07277297,518.5650006042262,18.390991,0.0,49.27332993370728,9.561448240693524,2.1999999999999886,1.1400000000000006,1.529831718510964,1.3200000000000003
call_bd2262567810,human,train,273.9,15.7429718875502,-20.156775,-72.243645,52.08687,0.17683209647495363,0.0,6.293751369112815,242,29052,20.412457,0.18112566,512.2859578739875,12.746817,14.675192,1884.4935017342914,0.1856842,-21.543417,-59.362083,37.818665,5.134218460111317,0.0005081989429461986,-2.1263070463672875,253,32124,21.16006,0.003652443,610.7976379920862,49.200832,0.08743342,593.5521991103741,16.367363,0.0,53.88097845929175,9.200438116100768,2.729999999999994,1.3400000000000034,0.6571741511500548,0.8000000000000114
call_bd98a8224da0,human,val,150.94,19.265850669140054,-24.43094,-72.243645,47.812706,0.7535279983149858,0.0,3.8960679740294157,231,20860,25.448328,0.05617862,633.5021836113291,21.384212,0.3683291,481.93441563378786,15.155006,-21.84496,-58.151394,36.306435,4.454111305499079,0.0,-1.8911156751026899,246,28028,22.72801,0.00398045,601.2363893746325,45.894238,0.10440758,644.5911546826793,15.419273,0.0,52.12667285013912,8.347687822976017,2.4000000000000057,1.2199999999999989,0.7950178879024777,1.2000000000000028
call_bda847d77eef,human,train,143.5,13.825783972125436,-13.354206,-63.352905,49.9987,0.4114163306451613,0.2258240049751244,-3.366651567944251,255,32124,23.106348,0.033952504,431.65590107890716,66.47519,0.14941588,241.0345209385292,14.221275,-22.346313,-59.376778,37.030464,5.401335685483871,0.00015960163432073544,-1.9270522648083623,258,32124,20.581314,0.0034069193,618.0323343462668,46.371155,0.0972842,639.6923138436488,15.6597595,-1.2212677,54.57839721254356,8.78048780487805,2.96,1.4100000000000001,0.4181184668989547,1.1499999999999986
call_bdfa814252df,synthetic,train,157.88,22.15598872561439,-17.578234,-43.53069,25.952456,0.14293933297360267,0.0,-1.1569546491005827,244,28028,19.05856,0.0028840003,561.3743262947389,81.22665,0.009092945,235.28498473967826,30.544601,-22.839844,-59.51347,36.673626,5.1822655169579654,0.0004812628336755647,-2.1451038763617936,252,32124,18.822071,0.0034773413,609.3227334590115,50.118237,0.0871927,554.8964474019336,16.806747,0.23890686,49.35393970103876,8.360780339498355,3.080000000000009,1.2800000000000047,0.7600709399543958,2.3699999999999974
call_be72006df132,human,val,129.74,17.326961615538767,-17.609335,-72.243645,54.634308,0.3113879003558719,0.00720164609053498,3.401788191768152,240,32124,18.014284,0.030877138,622.7038279303733,21.062181,6.8682175,1238.969208148296,5.4795685,-21.878212,-59.19625,37.31804,5.231872775800712,0.0,-2.1712000924926778,241,25980,20.663301,0.0033450972,607.642820787341,48.370945,0.10120159,609.7032258060851,15.659164,0.0,57.59210729150608,9.711731154616924,3.0799999999999983,1.2999999999999972,0.46246338831509165,-0.8600000000000003
call_bf0384ed27ed,human,val,166.38,13.919867171535042,-18.802372,-72.243645,53.441273,0.8900091213791093,0.0,-2.6912038706575308,237,23932,44.708904,0.12216703,472.25250038762283,98.34121,0.0066621006,240.53338671769816,13.3452,-21.248203,-59.78506,38.536858,5.568359069295495,0.0,-2.111786272388508,248,29052,20.433168,0.00348012,621.0620926783055,53.10009,0.08813986,508.53786600478304,18.104546,0.0,49.94590695997112,9.376126938333934,2.8800000000000034,1.1499999999999915,0.36062026685899745,1.230000000000011
call_bf4ed1a05c84,human,train,149.28,15.367095391211146,-24.019737,-54.2848,30.265064,0.3443766346992153,0.0,0.4302150321543408,235,23932,25.042002,0.37632427,633.2782300660128,15.821499,0.7388766,787.2512580364405,13.504692,-21.850414,-60.713825,38.86341,6.803618134263295,0.0,-2.286676045016077,241,29052,21.864508,0.0033821256,604.7586190145189,52.311253,0.105882935,565.6818930534417,16.566574,-0.6202316,55.38585209003215,6.832797427652733,4.6200000000000045,1.3200000000000074,0.40192926045016075,0.2600000000000011
call_c04725672945,synthetic,val,183.08,18.0795280751584,-16.48306,-72.243645,55.760582,0.2745468277945619,0.0033545197740112993,2.8540146384094385,255,32124,27.844265,0.00957902,610.8800084166725,8.409462,13.883738,1925.7153994265493,0.73664093,-22.277662,-59.42328,37.145615,5.362537764350453,0.0,-2.0739567402228536,252,30076,20.700499,0.003930546,619.2831778246907,51.735073,0.09246879,566.347876644172,16.220428,0.0,38.91195105964607,5.243609351103343,2.710000000000008,1.9000000000000057,0.0,0.5999999999999943
call_c1cbe639d50f,synthetic,train,90.9,21.05596809680968,-12.285019,-72.243645,59.958626,0.2677655940804211,0.16492210321324247,3.8966831683168315,242,32124,66.77176,0.013725066,329.8554352039561,8.014504,14.103268,1940.9133684305623,0.6203995,-22.423199,-59.966663,37.543465,5.856229468583258,0.0,-2.0871699669967,250,29052,22.18256,0.0033867967,606.2988009518987,49.500317,0.10172038,605.0391970186768,15.946663,0.0,49.39493949394936,8.58085808580858,2.480000000000004,1.7800000000000011,0.6600660066006601,2.6199999999999974
call_c1d95df7a179,synthetic,train,110.5,17.393665158371043,-13.315844,-72.243645,58.927803,0.15608740894901144,0.025485436893203883,4.271357466063348,241,32124,23.547588,0.028847937,883.5890833097012,7.910304,13.9477,1944.594703318427,0.49699402,-21.770725,-58.61504,36.844315,4.588969823100936,0.0,-1.9247692307692308,269,29052,22.186054,0.0045661847,607.9165685030102,45.54355,0.094201125,633.2653635353173,16.268654,0.0,56.25339366515837,9.773755656108598,2.409999999999998,1.4500000000000028,0.0,1.6400000000000006
call_c21f9cf2390e,synthetic,val,153.26,23.880904998042542,-14.884483,-72.243645,57.35916,1.930675992745877,0.01678082191780822,3.649957588411849,250,32124,55.414074,0.02969631,472.2042727987944,8.163964,13.763371,1932.6043707988379,0.6600952,-21.553185,-60.02079,38.467606,5.606234993971974,0.0012265187368258746,-2.0651531710818216,262,32124,20.481243,0.0039759716,616.6283905982398,49.094128,0.096232705,585.4791517265437,16.397713,0.0,46.54834921049197,6.655356909826439,2.719999999999999,1.8000000000000007,0.7829831658619341,2.529999999999994
call_c337629bcbbb,human,train,151.44,12.117010036978341,-25.301315,-72.243645,46.94233,0.4986376021798365,0.0,3.2475832012678287,230,21884,18.17731,0.15645267,474.33792412282725,8.129496,3.655118,1117.2344143746238,7.2391434,-21.567038,-58.062454,36.495415,5.818119891008174,0.0,-1.951188589540412,240,24956,21.09608,0.003491962,597.0117082659804,48.191814,0.08111337,607.400743125511,17.657349,0.0,55.110935023771795,10.301109350237718,3.3799999999999955,0.8400000000000034,2.3771790808240887,0.34999999999999787
call_c3417b995627,synthetic,train,126.1,23.933287073750993,-12.0031185,-72.243645,60.240524,0.1652591337770617,0.09110021023125438,3.9146272799365582,241,32124,67.81348,0.018994987,339.79284501281506,8.191904,14.017858,1939.168383480678,0.6380997,-21.534267,-58.871845,37.337578,4.8049403783150195,0.0,-1.8328994845360824,262,25980,22.255869,0.004817713,610.5612011509328,47.771797,0.100827456,628.8192350545531,15.882301,0.0,45.86835844567804,10.467882632831087,2.0900000000000034,1.1899999999999995,1.4274385408406027,1.7599999999999998
call_c3a3ab5fa472,synthetic,train,201.94,15.56898088541151,-12.067947,-72.243645,60.175697,0.031806615776081425,0.17255892255892255,0.8110305041101317,241,32124,66.16395,0.009309944,278.8104813855697,8.063355,13.841437,1934.921603622193,0.58018494,-21.837969,-59.3273,37.489334,5.120865139949109,0.0,-2.1690211201346936,269,25980,20.424952,0.004057265,597.088657687119,52.41168,0.082437694,548.8159217068315,17.50248,0.0,46.40982470040609,7.725066851540061,2.089999999999996,1.3999999999999986,0.5942359116569278,1.909999999999993
call_c3e9e24958f7,synthetic,train,209.2,19.70357313575526,-23.147064,-72.243645,49.09658,0.8202960343766206,0.0,3.1502294455066924,221,19836,35.45387,0.0052007968,539.0574074061318,8.654165,13.665229,1921.6179195583043,0.69290924,-22.108805,-59.75437,37.64557,5.489160265527248,0.0,-1.9432887189292543,249,30076,21.017714,0.0033863157,604.1430667445052,52.758793,0.08985924,540.2676901648902,17.388847,0.0,35.0,3.72848948374761,4.799999999999983,1.9200000000000017,0.0,4.859999999999999
call_c49b6face6c3,synthetic,val,122.02,22.52089821340764,-17.585867,-72.243645,54.657776,1.2904839883551673,0.0037202380952380955,4.511813637108671,254,32124,30.463453,0.008919263,636.6254259461614,8.326198,13.743039,1927.5461537732144,0.71578217,-21.946915,-59.235428,37.288513,5.156477438136827,0.0,-1.9059723815767906,249,30076,19.636423,0.003630769,631.9977738953576,24.809917,0.010850826,625.4767701391988,21.481697,0.0,49.94263235535159,7.867562694640224,2.5000000000000018,1.9200000000000017,0.0,2.739999999999995
call_c4fc8a865292,human,val,177.06,10.617869648706654,-22.903254,-72.03184,49.128586,0.5186170212765957,0.0,4.297260815542754,236,23932,7.949008,0.07165903,962.2542045068237,1.7371287,0.058898225,1395.909260650802,17.8731,-22.608448,-58.71378,36.10533,6.01529255319149,0.0,-1.900420761323845,244,27004,20.622957,0.003512862,597.442170805403,88.617195,0.033694953,308.6235479224578,18.666183,-0.21180725,52.2421777928386,7.7939681463910535,3.200000000000017,1.350000000000005,0.6777363605557438,1.0899999999999963
call_c509bc8280ae,human,train,139.92,20.29731275014294,-25.265121,-70.940796,45.675674,0.042693661971830985,0.0,3.40188679245283,234,21884,29.14671,0.21268995,489.2610450861127,32.61502,3.7140203,879.4258428671449,8.728912,-21.99717,-58.888096,36.890926,4.921654929577465,0.0,-2.1789915666094912,247,29052,19.73702,0.003507067,626.7279208860855,46.0847,0.10131759,706.2556963262232,14.61647,-1.3028488,54.01658090337336,6.86106346483705,4.020000000000001,1.8200000000000074,0.0,1.2600000000000051
call_c5b04c36bb62,synthetic,train,137.28,20.51282051282051,-14.070995,-36.865417,22.794422,0.26811079545454547,0.002664613927048792,-1.5802957459207458,254,32124,16.348566,0.003909977,500.7211515150705,16.495619,0.014004294,648.6621811738058,26.14222,-22.042583,-60.41626,38.373676,5.879794034090909,0.0,-2.120232371794872,243,31100,19.896578,0.003602142,624.3298344130454,54.053505,0.09045995,554.7184654944035,17.342178,-1.5318413,43.8811188811189,5.6818181818181825,3.9599999999999995,1.5499999999999936,0.8741258741258742,-0.6000000000000014
call_c647ee088162,human,train,137.0,16.72244525547445,-25.867403,-71.6369,45.7695,0.21770207007933304,0.0,3.9428211678832117,216,21884,16.036789,0.27382603,882.9545394350363,15.985533,7.3313146,1517.9621966737036,2.6600342,-21.474873,-58.712578,37.237705,4.862558517661694,0.0,-2.1796167883211677,243,27004,21.58501,0.003804727,600.9464373481499,52.24592,0.07328979,526.6883403052963,18.115929,-0.60674286,55.021897810218995,9.635036496350365,3.6300000000000026,1.559999999999997,0.43795620437956206,1.0200000000000031
call_c67ce09b3316,synthetic,train,141.46,20.613601017955606,-21.720154,-72.243645,50.52349,0.2696330589849108,0.0,4.901049766718507,230,24956,49.793983,0.0205314,398.78856468198177,8.0816555,13.763622,1932.8406482662,0.6556015,-21.789497,-58.851303,37.061806,5.075445816186557,0.0,-2.173851265375371,246,28028,22.533245,0.0033538775,597.7875144051185,47.37079,0.08195894,570.193810109758,17.815628,0.0,54.913049625335795,11.452000565530891,2.700000000000003,1.160000000000002,0.8482963381874734,2.3299999999999983
call_c6daaae3eb0f,human,train,108.88,17.78115815576782,-25.243114,-71.45214,46.209026,0.1607685900788347,0.0,3.241467670830272,230,21884,21.0035,0.1884774,586.3008013458694,35.535793,3.9807644,885.2881284578701,8.4605255,-22.046614,-60.31769,38.27108,5.626254995770947,0.0,-2.105712711241734,239,24956,19.236774,0.0034082255,622.8864170895263,52.55377,0.09549194,565.4119847914884,16.80738,-0.7915039,52.7185892725937,10.47024246877296,3.5600000000000023,1.2000000000000028,0.5510653930933137,1.8499999999999952
call_c6e878157063,human,train,150.28,12.057409502262443,-23.795511,-72.243645,48.448135,0.3207803585841514,0.0,3.0432925206281607,229,24956,25.36766,0.0686485,469.3428465267463,48.790897,3.1310272,861.3044466869005,7.2592545,-22.435352,-57.56584,35.13049,4.4171110451920885,0.0,-1.840857066808624,238,23932,21.832525,0.003737937,604.6510929138423,44.090893,0.094149426,679.2628825038104,14.950226,0.0,42.24114985360662,7.585839765770562,3.319999999999993,1.1799999999999997,0.3992547245142401,0.9400000000000013
call_c87e905eb0d7,synthetic,train,128.92,18.305926155755508,-16.007963,-72.243645,56.23568,0.3045550847457627,0.004547802274550824,3.413791498603785,249,32124,20.211685,0.020411292,642.8999265383612,8.168989,13.967863,1939.8554650229423,0.59762573,-22.244698,-59.46528,37.22058,5.389300847457627,0.0,-2.0461768926466024,244,28028,23.251957,0.0035949468,591.5604301885152,51.311443,0.10746723,585.1977932975161,15.719582,0.0,48.960595718274895,9.308098045299412,1.999999999999993,1.7600000000000033,1.3962147067949118,-0.3500000000000014
call_ca184bb77a63,human,val,122.1,8.20628583128583,-22.40135,-72.243645,49.842293,0.7909280305393032,0.0,4.020970515970516,239,27004,8.135816,0.078706026,785.6045979305591,27.85522,0.014380107,412.3965003289772,19.890762,-21.830685,-59.248333,37.41765,5.877069324717125,0.0,-1.9276208026208026,248,30076,17.644382,0.0035975382,634.4495300114778,44.149532,0.12715532,714.7629964366091,14.371956,0.0,53.93939393939396,7.371007371007372,3.82,0.7399999999999949,2.4570024570024573,-1.6699999999999986
call_ca5206a4f854,synthetic,train,126.82,14.997535877621825,-25.222618,-72.243645,47.021027,0.267483356226053,0.0025224285942505443,3.663389055354045,241,32124,35.19242,0.016424388,538.0454170449169,8.060419,13.760271,1936.4552694578356,0.6643219,-22.629826,-58.198692,35.568867,4.622795891140189,0.0,-1.859179348683173,232,20860,24.9376,0.0036412617,579.0462580478152,41.192818,0.08785455,650.6452377433035,16.774414,0.0,44.850969878568044,8.989118435577986,2.3200000000000074,0.6600000000000108,1.8924459864374705,0.8700000000000019
call_cbad95f3aabc,synthetic,train,115.02,14.362719527038776,-12.288175,-72.243645,59.95547,0.20581113801452786,0.028684907325684024,4.078082072683012,255,32124,21.58601,0.023520678,832.4051679983071,8.034448,13.76883,1931.9760957523513,0.7272186,-21.47006,-60.594383,39.12432,6.099424939467312,0.00036358347876672484,-2.1852688662841246,264,32124,19.521713,0.004150464,627.0920950850741,55.880768,0.09558089,507.8130033009271,18.110497,0.0,59.78090766823162,8.868022952529994,2.1400000000000006,1.4399999999999977,1.0432968179447053,1.8000000000000114
call_cbb902adb22a,human,train,167.3,10.340705319784819,-26.092234,-67.9314,41.839165,0.20809248554913293,0.0,2.345848774656306,242,31100,16.319975,0.078904696,753.7511699820615,7.9538727,2.4539819,933.2844896407049,12.402939,-21.75526,-59.60705,37.85179,5.395231213872832,0.0,-2.167133891213389,240,24956,20.764364,0.0037130509,605.4270787026668,56.782494,0.08387933,524.6908532553166,17.592514,-4.312248,56.41362821279143,8.965929468021518,2.5800000000000125,-0.01999999999999602,3.9450089659294676,-0.3600000000000003
call_ce3072c8e106,synthetic,train,131.18,18.158255831681657,-15.555166,-42.132336,26.57717,0.12594458438287154,0.002468739585004876,-1.7167136758652233,241,32124,69.97615,0.0058034407,257.74778582711696,82.225365,0.0071550496,229.49157766494798,31.162918,-22.717688,-59.41903,36.70134,5.121746431570109,0.0,-2.1963027900594603,239,28028,23.150467,0.0035366267,592.691206274658,46.15007,0.084637605,588.744980076561,18.107643,-0.12036133,49.29105046500991,9.147735935356,2.4099999999999966,1.4399999999999977,0.4573867967678,2.3200000000000074
call_ce6146a1c53e,synthetic,train,174.32,21.408831459385038,-12.683739,-44.814316,32.130577,0.10684655294263445,0.036107186762990705,-1.3377696190913262,255,32124,46.042507,0.005094517,494.4571313858275,81.907745,0.0116610415,230.63286365057905,29.650978,-22.871944,-58.089466,35.21752,4.225295502731454,0.0,-1.9380643357044516,253,27004,23.998068,0.00585099,593.0606461312252,49.116505,0.08387967,588.3770059356718,17.171875,0.07709503,44.435520881138146,7.572280862781093,2.6800000000000055,1.3299999999999983,0.34419458467186786,2.920000000000016
call_cea74e96e420,synthetic,train,129.28,23.344678217821784,-12.750458,-42.731903,29.981445,0.25720675944334,0.009839650145772596,-2.018305228960396,255,32124,20.226698,0.028906029,803.5957638924112,82.932625,0.0078038494,224.23793986472185,30.775627,-22.004124,-59.25242,37.248295,5.605947647448641,0.0,-1.8093401918316832,244,24956,23.796858,0.003793965,617.5249363097171,53.33648,0.09454057,576.5239237457629,16.274178,-0.046588898,41.63056930693072,6.497524752475248,2.4500000000000024,1.8200000000000003,0.46410891089108913,2.7299999999999986
call_cf313f91b995,human,val,118.52,12.183386770165374,-16.295345,-72.243645,55.9483,0.8587406291660173,0.017060964513193815,3.7186972662841713,255,32124,6.572031,0.015922962,545.9741948292141,20.985905,5.6496644,1165.4120004416093,7.105255,-23.35519,-58.56708,35.21189,4.8555203518066445,0.0,-1.9138752953088087,237,22908,21.403372,0.0034228116,606.3561354422899,43.210903,0.084103175,617.8550965839187,17.099731,0.0,58.43739453256836,11.643604454944315,2.259999999999998,1.3599999999999994,0.5062436719541006,0.9599999999999937
call_d0442c9e97b7,synthetic,train,198.38,27.60352606109487,-17.53194,-39.309917,21.777977,0.09267734814953467,0.0017572599241254213,-1.142630305474342,253,32124,21.063864,0.004088031,578.3574038469343,15.864983,0.010970849,653.0539632812848,26.227127,-23.010845,-59.862747,36.851902,5.350861374318331,0.0,-2.0137841516281885,235,21884,22.511932,0.0039384277,595.5061091570792,30.410059,0.033296734,622.7182781321775,19.987755,-0.3162346,33.25940114930939,4.536747656013711,3.4200000000000017,1.0200000000000102,0.3024498437342474,-1.019999999999996
call_d13864e1e455,synthetic,train,158.36,24.084285804496087,-14.516554,-44.05573,29.539175,0.46539219124341646,0.002240143369175627,-2.0368906289467037,255,32124,66.913055,0.0056746406,276.7342600940436,81.4974,0.009674569,233.60462803293927,30.445633,-22.274782,-58.805588,36.530807,5.018042140935177,0.0,-2.122208891134125,243,25980,23.177458,0.0034543485,594.5141456397942,51.131363,0.08772247,588.8385902736325,16.19571,0.30121994,48.7370548118212,7.198787572619348,2.5200000000000102,1.8999999999999986,0.3788835564536499,3.719999999999999
call_d13e6463c6fb,human,train,147.96,12.057481751824819,-18.337627,-72.243645,53.906017,0.4372136040694497,0.00276855886129174,3.427858880778589,241,32124,31.571602,0.04699025,458.13556367052524,3.6342542,8.933354,2648.857903187261,-5.9591904,-22.736921,-58.815437,36.078514,5.198918176595059,0.0,-1.946891051635577,240,24956,23.44215,0.0034545332,585.7369248498092,47.487644,0.10003199,645.5202803700236,15.8601,0.0,55.420383887537156,8.921330089213301,3.6599999999999997,1.3999999999999986,0.8110300081103,0.980000000000004
call_d147a02786d2,synthetic,train,153.68,12.818763014055179,-27.632189,-72.243645,44.611458,0.39149994606564764,0.0010724981968624067,4.108937402394586,250,32124,51.02367,0.008721784,377.64133004331944,8.253044,14.000841,1935.4693850249885,0.5979538,-23.030457,-59.109722,36.079266,5.1916573074702255,0.0,-2.06908185840708,236,22908,21.827545,0.0035556096,594.4322609549688,50.17995,0.078288905,562.2493866197575,18.037613,0.0,50.247267048412304,7.4180114523685585,3.719999999999999,1.1800000000000068,0.39042165538781887,2.3699999999999974
call_d17b2416d506,synthetic,train,151.16,24.397906192114316,-16.203527,-72.243645,56.040115,0.16913018278939396,0.0,4.158712622386875,252,31100,17.503822,0.017130492,619.0452456028152,8.021766,14.03014,1939.0300406140104,0.6382141,-21.53261,-59.856483,38.323875,5.470463226895427,0.0,-2.102593278645144,248,31100,21.287916,0.0035236848,601.9949044627283,52.25315,0.087373115,533.8530488708191,17.706726,0.0,46.268854194231295,6.74781688277322,3.8200000000000003,1.6100000000000065,0.39693040486901293,3.559999999999995
call_d38f7d5159e7,human,train,111.58,16.866822011113104,-25.977507,-72.243645,46.266136,0.41179596174282673,0.0004833720030935808,3.2793601003764117,233,32124,17.073507,0.2811462,1059.5333311568106,20.427053,4.962296,1125.1511709510776,7.579933,-20.94596,-57.87893,36.93297,4.6008235919234854,0.0,-1.932487901057537,247,30076,19.568037,0.0035046942,619.4830505932439,43.68445,0.07630673,625.1091106456256,17.004593,0.0,49.112744219394166,10.75461552249507,2.58,1.1700000000000035,1.0754615522495072,1.0000000000000018
call_d3e854cbb77d,human,train,149.36,11.314860069630422,-23.494509,-72.243645,48.749138,0.2951205260393938,0.0,5.094697375468666,221,31100,15.395023,0.48548126,676.5264939113164,43.079067,17.89551,1293.4071759763222,3.1206894,-21.834942,-59.334927,37.499985,5.232287221059327,0.0,-1.9103608730583825,244,27004,19.785505,0.0036663786,626.2779401843973,48.652905,0.11885411,631.6713671318495,15.541199,0.0,61.207820032137064,8.034279592929833,4.18,1.2000000000000028,0.40171397964649164,-0.4399999999999977
call_d437831f4543,synthetic,train,136.78,17.078428863868986,-19.713198,-72.243645,52.53045,1.3270618956651095,0.0,4.28904079543793,232,23932,23.010092,0.015499302,582.2439400846325,8.204937,13.811706,1935.0321343412422,0.52191925,-22.343557,-60.094574,37.751015,5.690312983267248,0.0,-2.1827313934785786,241,28028,21.331614,0.0036954258,615.2366666424184,50.86978,0.10032999,580.4630729671832,16.434837,0.0,54.189208948676686,7.4572305892674375,3.1599999999999966,1.4199999999999964,0.43866062289808455,2.24
call_d4518fcb700a,synthetic,val,144.4,7.174515235457064,-14.497152,-72.243645,57.74649,0.2907818532818533,0.02087823275862069,1.737025623268698,254,32124,55.177025,0.019662008,465.0427391687347,8.3589735,13.882211,1932.8517809032949,0.46472168,-22.745358,-59.802814,37.057457,5.404198841698841,0.0,-2.1623796745152353,245,30076,21.949165,0.0037295,615.954745395975,51.26551,0.08186483,533.060928303268,18.372276,0.0,47.9916897506925,9.141274238227146,2.3999999999999986,1.1000000000000014,0.4155124653739612,0.6000000000000014
call_d557fa43925b,human,train,142.46,11.287378913379193,-25.687702,-68.179565,42.491863,0.6180037313432836,0.0,1.55545416257195,227,18812,12.659448,0.1817215,574.4791841442807,57.95403,0.99267834,452.9481044833206,11.675758,-22.804138,-81.49055,58.68641,87.81327736318408,0.00015371372356123955,-1.6645339042538256,251,32124,21.997948,0.0035171423,605.4123920913368,8.255368,13.64587,1935.6666685488556,0.55711365,1.119461,57.08268987786045,5.054050259722027,6.089999999999996,0.5300000000000011,1.2635125649305068,1.6499999999999986
call_d5d00276dd35,human,train,151.52,8.48064611932418,-19.894182,-72.243645,52.349464,0.7159602719870816,0.0006731298349653927,3.8287915786694824,252,32124,10.6184025,0.006664687,509.72688457153333,12.217071,0.08325236,512.3284627792934,23.424797,-22.144222,-59.523617,37.379395,5.904726699676067,0.0,-2.1208355332629356,250,31100,21.749744,0.0037432294,607.8725333476854,45.47902,0.1238666,722.9982834973938,13.773987,0.0,54.72544878563887,7.91974656810982,4.0,0.46000000000000085,2.375923970432946,-2.6599999999999966
call_d60330be1b1f,human,val,169.3,12.652023036030716,-22.511765,-72.243645,49.73188,0.22934307506463036,0.0,4.508945658594212,232,21884,9.39994,0.06229954,707.2529694316264,7.1947575,4.4288354,1685.9374459808957,3.919487,-21.820887,-59.546143,37.725258,5.367094812644798,0.00013007284079084288,-2.1249881866509157,250,32124,19.32502,0.0033809294,608.2086030380299,45.23675,0.09151158,639.5627265575235,16.134384,0.0,56.76314235085648,7.088009450679268,3.720000000000002,1.3399999999999892,0.0,1.2800000000000011
call_d72a7cb67eb0,human,train,169.32,13.560122844318451,-20.79382,-72.243645,51.449825,0.3271994773519164,0.0,5.688040396881644,247,31100,17.759733,0.39175695,587.8575265377856,0.43960646,0.20724896,899.8124669284348,14.436661,-22.908295,-58.643967,35.735672,4.91779181184669,0.0,-1.907958303803449,241,24956,21.814482,0.003565232,596.4971646658706,46.945724,0.094435774,623.1995784936677,16.197136,0.0,50.12993149066854,7.4415308291991495,2.9200000000000017,1.46999999999999,0.3543586109142452,1.509999999999998
call_d80d9f6f7884,human,train,134.14,17.99621663933204,-17.715517,-72.243645,54.52813,0.6208542830660569,0.0,3.867429551215148,243,27004,15.024482,0.023838868,531.4668004496092,21.25334,5.2931495,1235.1535279181617,6.5696945,-21.774265,-58.442097,36.66783,4.601778159806546,0.0,-1.8749850902042642,243,28028,20.029665,0.0035088335,610.3835068132557,46.904293,0.14047855,732.0102425527191,12.751144,0.0,49.69434918741612,9.393171313553005,2.42,1.9100000000000037,0.4472938720739526,0.5999999999999996
call_d88d3c23953c,synthetic,val,166.7,20.227804439112177,-14.361298,-46.084846,31.723549,0.1501345650546045,0.023390718562874252,-1.773632273545291,255,32124,55.06533,0.019405358,477.40656725104543,82.615005,0.013044336,228.57590326754402,29.108627,-22.04177,-59.64416,37.60239,5.117920506528073,0.0,-1.8909020695860828,255,31100,21.554848,0.003994743,609.5900409355511,50.077705,0.09514612,578.4315031947922,16.67839,-0.07243729,48.69826034793043,7.558488302339532,2.5600000000000023,1.5,0.7198560287942412,2.9100000000000037
call_d88d8e15e430,synthetic,train,172.26,16.02229188436085,-15.06859,-72.243645,57.175056,0.3903985507246377,0.0009593246354566385,3.5759839777081157,255,32124,17.774874,0.0036180068,575.9633659152254,8.301079,13.562305,1923.2913165017155,0.72631836,-22.662317,-60.01754,37.355225,5.730978260869565,0.0,-2.1213862765586904,238,21884,23.588161,0.0037278666,591.7564409971748,47.20909,0.120925285,651.810497566577,14.814407,0.0,47.52118890049926,5.921281783350749,4.0,1.8599999999999994,0.34831069313827934,2.280000000000001
call_d89caa393417,synthetic,train,95.26,16.586053957589755,-17.576977,-72.243645,54.666668,0.530858630210682,0.0,2.6622139407936176,240,27004,22.537453,0.0034621726,554.3060553544053,8.131944,13.83796,1940.7973708650661,0.5076523,-22.266567,-59.18216,36.915592,5.96919279424679,0.0,-1.9242126810833509,229,18812,24.73407,0.0034649903,581.2771313194627,49.147728,0.08622027,561.518583775135,16.599182,0.0,31.492756665966837,5.038841066554692,3.45,1.4300000000000015,0.6298551333193365,2.6999999999999957
call_d9b9c625f406,synthetic,train,160.6,27.92022104607721,-21.505386,-72.243645,50.73826,0.248383832470541,0.0,4.459162515566625,232,20860,36.115257,0.004453671,562.605608233946,17.985073,0.030100524,465.9099038708282,13.054771,-22.338863,-59.98517,37.646305,5.500684379695528,0.0,-2.1543430884184307,239,24956,21.493912,0.003569861,607.0395113356157,50.246964,0.09946595,584.4104685823195,16.192902,0.0,42.938978829389804,7.098381070983811,2.96,1.579999999999984,1.1207970112079702,2.799999999999997
call_db5326bcb672,human,train,195.98,12.0062633942239,-21.27718,-72.243645,50.966465,0.21196457694739132,0.0,2.55615879171344,229,25980,18.922705,0.07523553,682.6818926962328,41.081387,5.9703918,1152.453902815296,2.6627197,-22.346493,-59.268112,36.92162,5.217303534336668,0.0,-2.132766098581488,248,30076,23.774424,0.003752016,592.0129999260558,51.007957,0.10705832,589.9425876627838,15.569405,0.0,54.18920297989589,7.653842228798857,3.1400000000000006,1.4200000000000053,0.3061536891519543,0.9200000000000017
call_dc1a55102190,human,val,160.32,13.990768463073852,-23.479427,-72.243645,48.764217,0.318769505127062,0.004166666666666667,5.029129241516966,255,32124,15.998,0.03983338,547.6217138592153,47.196182,2.6560578,867.4460091851079,6.072853,-21.675438,-58.098854,36.423416,4.235956308515381,0.0,-1.9992078343313373,248,30076,19.726137,0.0036427707,624.6845753376344,51.300533,0.09490435,598.0847129230417,15.708359,0.0,57.98403193612776,8.233532934131738,3.609999999999996,1.7800000000000011,0.3742514970059881,0.5800000000000054
call_dcdbcc7d70e4,synthetic,train,162.94,15.809500429605992,-19.146103,-72.243645,53.09754,0.11645962732919254,0.0010341974627688913,4.244792561679145,233,32124,42.635204,0.017994039,468.36405434397363,8.049955,13.915866,1938.723588264206,0.56505585,-21.80534,-59.053406,37.248066,4.818031832298137,0.0,-1.9164968700135019,249,31100,23.391712,0.0037332887,600.658832758668,47.29625,0.09717827,615.1845108942076,16.527046,0.0,53.47980851847307,6.996440407511968,4.659999999999997,1.4699999999999989,0.0,2.0900000000000016
call_ddeabfdb99d4,human,train,147.24,8.896953952730238,-25.790737,-72.243645,46.452908,0.87787097205126,0.0,2.7323791089377885,238,28028,19.057905,0.045700904,687.509923879705,5.7434564,0.8355562,711.9920814560041,13.65696,-21.240677,-59.585693,38.345016,5.470472046488993,0.0,-2.209406411301277,251,30076,21.180271,0.003600402,619.2230800605569,51.305027,0.09763243,605.9269625130444,15.656853,0.0,51.56207552295571,8.149959250203748,3.4800000000000004,0.14000000000000057,3.2599837000814995,-0.5
call_ddf2da1910f1,human,train,97.48,14.905621665982766,-23.422173,-72.243645,48.821472,0.5342395044735031,0.0,5.105083093967994,205,14460,41.995808,0.04296629,406.42745324141913,47.26868,4.9893155,829.6973453592165,4.3230057,-22.315836,-59.389412,37.073578,5.470578114246387,0.0,-1.8560422650800164,242,25980,22.460768,0.0035297007,608.1568868360131,48.92458,0.10276328,582.0580567941935,16.311241,0.0,48.85104636848584,8.617152236356175,3.1799999999999997,0.9799999999999969,1.8465326220763234,0.6799999999999962
call_df3e278ab7fe,synthetic,train,130.4,15.521568251533743,-12.586441,-72.243645,59.657204,0.14883801359922433,0.016289893617021278,3.326407208588957,242,32124,24.66795,0.022047406,809.1601078348837,8.172956,13.952339,1939.1501708028243,0.5265045,-22.577517,-58.10408,35.526566,4.46514040797673,0.0,-1.8810544478527607,237,21884,24.588928,0.003418581,585.4278973848226,52.48272,0.07381231,565.3400529664657,17.953285,0.0,46.96319018404906,7.822085889570552,2.6199999999999903,1.4200000000000017,0.4601226993865031,2.1400000000000023
call_df75973c8794,synthetic,train,168.6,12.455516014234876,-21.065144,-72.243645,51.1785,0.14285714285714285,0.0,2.730696915776987,221,27004,49.72448,0.014643275,384.7046134858924,8.26802,13.8493595,1935.2178922039461,0.5571823,-22.904818,-58.66532,35.760506,5.030952380952381,0.0,-2.071423487544484,249,31100,25.464327,0.0037144474,580.4241976947723,45.382595,0.08034219,586.1847053717727,16.972069,0.0,38.49347568208777,5.693950177935943,2.54,1.7399999999999949,0.7117437722419929,2.8100000000000094
call_e0a8703be347,synthetic,train,147.56,14.339929520195174,-21.945198,-72.243645,50.298447,0.07147920604914933,0.0,3.606959880726484,233,23932,33.51031,0.0051868856,580.3850500169713,8.37956,13.705472,1926.8809340956875,0.6506958,-22.544926,-60.12114,37.576214,5.435964083175803,0.0,-2.080909460558417,241,27004,20.975117,0.0036278989,600.963561129591,52.679707,0.0851164,540.3537545311233,18.235008,0.0,43.52127947953372,4.066142586066685,6.269999999999997,1.5600000000000005,0.40661425860666844,3.4000000000000004
call_e0c1f661d9ca,human,train,128.04,15.229713370821617,-16.520832,-72.243645,55.722813,0.7390978262959853,0.005489335006273526,3.0718915963761324,255,32124,8.27877,0.02503979,653.8058213305743,23.158026,5.178586,1113.5214030051939,7.2080307,-22.171423,-58.990753,36.81933,5.299966025858809,0.0,-1.7906825991877537,243,27004,21.31664,0.0036927313,610.3899769046743,44.268475,0.14065151,712.5031773248585,13.085991,0.0,39.768822243049044,6.091846298031865,3.5,1.2999999999999972,0.0,1.3800000000000026
call_e106a61086bb,synthetic,train,169.72,26.40820174404902,-21.739122,-72.243645,50.504524,0.8620593485051317,0.0,4.520442493518737,233,22908,33.656116,0.0050411373,559.3820489805046,8.008544,13.152051,1968.0763329949273,0.34236908,-22.393318,-59.592293,37.198975,5.34805890227577,0.0,-2.1334403723780344,249,31100,21.561035,0.0035111075,614.3067978528187,49.644234,0.094084635,585.8053460472383,16.675491,0.0,44.79142116427054,6.716945557388641,3.6799999999999926,2.1100000000000136,0.35352345038887584,3.230000000000011
call_e118b75d4937,human,train,149.92,13.273745997865527,-18.884499,-66.17088,47.286385,0.16457286432160803,0.007042988313856427,-10.647918890074706,255,32124,9.0741825,0.47262,949.5095504646209,15.974529,0.9268315,701.2108538781226,12.431976,-22.439585,-57.805832,35.36625,4.148241206030151,0.0,-1.937028915421558,247,25980,20.260633,0.0037642538,612.6934436581591,47.230644,0.091393724,649.2549614793846,15.614655,0.105911255,53.34845250800425,9.605122732123801,2.789999999999992,1.3200000000000074,1.2006403415154752,-1.3599999999999977
call_e2200941723b,synthetic,train,108.38,36.076766931168116,-13.18797,-37.437458,24.249489,0.19820971867007672,0.08057851239669421,-2.0652242111090606,249,32124,67.59425,0.017434219,342.71028132560735,16.266712,0.014179082,668.7135757353739,25.866234,-21.987638,-59.15943,37.17179,5.221547314578006,0.0,-2.032455250046134,244,29052,22.462938,0.0035730214,618.6317288052874,51.318813,0.07813466,543.7797608939574,18.142952,-3.269043,24.54327366672818,3.321646060158701,4.419999999999998,1.3599999999999994,0.0,-1.8200000000000003
call_e2d538297f0c,human,val,206.46,14.801898672866415,-18.358316,-72.243645,53.88533,0.18610929319371727,0.0,-2.7390487261455005,244,28028,38.626255,0.029864086,486.4117567057283,26.06168,0.059387717,444.73217667267335,19.274544,-22.200354,-57.885887,35.68553,4.238792539267016,0.0,-1.8917829119442022,246,28028,19.119537,0.0034947195,611.5978306866645,46.65474,0.085610434,652.9695548727759,15.638283,0.0,48.21272885789017,8.427782621331009,3.4000000000000057,1.3200000000000074,0.8718395815170008,1.25
call_e3064936e37a,synthetic,train,117.94,21.570289977954893,-12.761502,-43.452713,30.691212,0.3714622641509434,0.03863539775141985,-3.529968628115991,255,32124,65.916534,0.016966969,346.90579646359373,81.75816,0.008702056,232.24438652621075,30.1922,-21.75346,-59.01068,37.25722,5.103183962264151,0.0,-2.0414617602170595,262,29052,22.736656,0.0043436526,597.0734168237256,46.92429,0.08757299,605.6449040549873,16.779503,-0.047309875,37.120569781244726,8.13973206715279,1.220000000000006,-0.23999999999999488,3.052399525182296,1.0000000000000036
call_e3084824935d,synthetic,train,141.46,32.81484165135021,-18.194767,-72.243645,54.048878,0.3697230981341505,0.0,4.432316555916867,242,25980,21.83722,0.0031094165,559.1141039953843,8.124999,13.871317,1936.894450120089,0.60196686,-22.848549,-59.66808,36.81953,5.403935275568924,0.00047384269843939907,-2.0377809981620247,254,32124,23.114986,0.0038671454,603.6090502122739,48.68651,0.10803793,614.681504820156,15.473587,0.0,37.29676233564259,6.362222536406051,2.6799999999999926,2.1300000000000026,0.0,3.4399999999999977
call_e31bf946a8fa,human,train,148.18,16.223427588068564,-19.276087,-72.243645,52.96756,0.29118287844674734,0.00031454453950679415,2.3001923336482655,243,32124,34.35096,0.08455806,455.9245302158324,18.998714,11.750834,1548.6800085848374,2.95681,-22.9712,-58.316216,35.345016,4.622008225916316,0.0,-1.8225097853961398,239,23932,20.985962,0.0035674062,592.91738614231,48.01218,0.08868837,614.6396469486583,16.24897,0.0,48.913483601025774,6.883520043190713,3.980000000000004,1.5200000000000031,0.0,1.2399999999999993
call_e329faf2b6a1,synthetic,val,153.6,24.583333333333332,-20.923763,-72.243645,51.31988,0.5346265889830508,0.0,4.201490885416667,238,27004,26.22198,0.0073587224,591.4656773268341,8.124383,13.970145,1939.6265007065247,0.55526733,-22.168749,-58.910698,36.74195,5.103614936440678,0.0,-2.170485026041667,240,24956,20.42513,0.0034017595,606.8154894976077,84.54237,0.008428197,301.63462646001057,21.699448,0.0,42.33072916666666,8.203125,2.2399999999999984,1.2800000000000011,0.390625,3.5900000000000034
call_e3f555297277,synthetic,val,124.52,16.752328943141663,-17.384207,-72.243645,54.859436,0.45481783317353786,0.0014940313447776134,4.416009476389335,255,32124,23.672869,0.0062142513,630.8976580212255,8.169416,13.619029,1927.792631896245,0.69428253,-23.016842,-59.255142,36.2383,5.479386385426654,0.0,-2.1030356569225828,236,22908,23.99185,0.003618767,586.8184460658908,53.743584,0.080370314,530.547196094174,17.680252,0.0,54.57757789913268,6.7459042724060385,3.3000000000000007,1.4400000000000048,0.0,1.9500000000000028
call_e4d9c2e0947a,human,train,118.48,12.592842673869006,-19.276255,-72.243645,52.967392,0.20107238605898123,0.0,2.787635043889264,249,31100,35.04564,0.07431246,482.14936563983156,23.449135,6.444903,1211.9672566134243,6.302681,-22.194988,-58.053665,35.858677,4.702580428954423,0.0,-1.9144296505739364,248,30076,19.215944,0.0034894238,616.2934052184777,84.87567,0.010274181,334.3209209237653,19.046272,0.0,49.392302498311956,6.583389601620526,3.8400000000000034,1.2800000000000002,0.0,1.2399999999999949
call_e58669998b76,human,val,124.92,13.848863272494397,-23.872272,-72.243645,48.371372,0.17341040462427745,0.0,5.783089177073327,222,23932,14.217106,0.09290413,629.2350931998207,1.3920804,5.567101,1132.041767956132,9.756981,-21.863617,-57.63662,35.773003,4.284682080924855,0.0,-1.900712455971822,250,31100,20.676716,0.0034338129,611.1592407015306,47.00112,0.08655823,590.6614503919827,16.98262,0.0,56.9004162664105,9.125840537944285,3.78,1.2200000000000006,0.48030739673390976,0.9000000000000057
call_e618b7b1fa5b,human,train,132.52,9.900298068216118,-24.804384,-72.243645,47.439262,0.800312502977353,0.0,4.024720796860851,231,28028,9.618538,0.028557654,862.9655059142109,62.61277,2.3936234,654.3849330815518,7.0124435,-21.839563,-58.739124,36.89956,5.770824798254556,0.0,-2.1957100814971326,249,30076,21.38353,0.0034876755,605.7890246485905,48.67415,0.06921144,534.1122745342163,19.80687,0.0,61.711439782674304,7.24418955629339,4.399999999999999,1.4399999999999995,0.45276184726833685,-1.6999999999999975
call_e697765a4dfd,synthetic,train,153.1,19.8300947093403,-13.773506,-72.243645,58.47014,0.367672791801679,0.0032364787111622555,3.687158719790986,254,32124,23.892395,0.005300682,451.2948008046806,8.070456,14.030176,1936.6434278874751,0.6149521,-22.484217,-59.458847,36.974632,5.544736267853541,0.0,-2.1644056172436317,239,25980,23.049253,0.0034149238,585.1515461168259,56.333195,0.077707045,504.1385975094953,17.939445,0.0,50.17635532331812,6.662312214239059,3.960000000000008,1.4299999999999926,0.0,3.0699999999999967
call_e69e8ba551e4,human,train,153.66,12.677176884029675,-26.510082,-71.82988,45.319798,0.31250401057508437,0.0,3.5657881036053625,224,23932,19.335638,0.030636491,678.8482923426674,8.522992,3.263057,1018.7988091057256,10.730156,-23.190063,-59.354404,36.16434,5.527535004299336,0.0,-2.097269946635429,241,25980,20.39523,0.0034549336,603.3993298761628,52.08337,0.09284456,562.2896723931328,17.142899,-0.41376495,53.78107510087208,7.809449433814916,3.8799999999999923,1.0800000000000018,1.5618898867629833,0.9800000000000004
call_e6c59d28e6d7,synthetic,train,118.54,17.61430740678252,-28.431442,-72.243645,43.812202,0.9255268199233717,0.00048262548262548264,4.524093133119622,246,32124,49.378963,0.020386102,382.082147147071,8.358099,13.775236,1932.075825017672,0.60849,-22.530678,-60.91884,38.38816,6.4278017241379315,0.0,-2.174320904336089,238,25980,19.971249,0.0033651243,609.7437070697898,35.249893,0.023640886,554.0327302067791,22.743568,0.0,52.75856251054496,8.098532141049434,4.170000000000002,1.3100000000000023,0.5061582588155896,2.219999999999999
call_e9bd33cdb226,human,val,142.82,12.281193110208655,-21.081722,-57.169273,36.08755,0.4803306727480045,0.0,0.8577090043411287,223,17788,60.925144,0.018760936,347.64626358214986,0.8060956,16.384977,2039.5836297555488,-0.6072769,-22.418077,-58.508156,36.09008,5.78463511972634,0.0,-2.030597955468422,236,22908,21.686028,0.0038680872,605.506916150495,45.81142,0.08704875,583.6322126150699,17.539764,-1.5360947,60.07561966111185,9.66251225318583,3.219999999999999,1.3499999999999943,0.8402184567987677,-1.0799999999999983
call_eb1c9a5a2c08,human,train,145.32,21.050010322047893,-23.313309,-72.243645,48.930336,0.18797069291718257,0.006243427970557308,-13.588284475639966,246,32124,18.138935,2.5971367,856.2035432118694,40.8857,12.475124,1373.3129835345103,-0.7753296,-21.840313,-59.21985,37.379536,5.0012463274204295,0.0,-1.838990675750069,249,29052,20.653366,0.003575739,608.3502427175702,45.57059,0.1106783,695.7772071548908,14.821419,0.0,49.573355353702155,8.257638315441785,4.029999999999994,1.9300000000000095,1.2386457473162678,0.46000000000000796
call_ec545493459e,synthetic,train,148.86,26.696224640601905,-20.447163,-44.865234,24.418072,0.17677403120281832,0.0,-0.7982500335886068,232,29052,47.02101,0.011543565,393.10795714361984,78.58864,0.008334277,236.5548923240996,31.246063,-22.760916,-60.24944,37.488525,5.696087065928535,0.0,-2.149889157597743,232,21884,23.136414,0.0034435384,590.7053066246517,54.333492,0.103031315,559.0543218327667,15.865059,-0.16503143,47.87048233239283,7.255139056831922,3.0900000000000034,1.539999999999992,0.40306328093510674,3.3300000000000054
call_ec58505fc522,human,train,133.46,14.371347220140866,-15.872883,-72.243645,56.37076,0.3819082377476538,0.021656617236387676,4.28340701333733,241,32124,14.782918,0.11477487,759.1397911126533,15.431771,3.591684,1168.66866583161,7.0654144,-22.725449,-59.549786,36.824337,5.521376433785194,0.00017745599091425327,-2.1111906189120337,251,32124,19.344889,0.0034358143,629.4645151286898,50.832794,0.10642651,628.6620859434398,14.297638,0.0,52.77985913382285,7.6427393975723055,4.439999999999998,1.480000000000004,0.4495729057395474,1.0
call_ed020e30c242,synthetic,train,79.36,42.21285912298387,-25.420029,-36.48996,11.069931,0.08955190465707218,0.0,-0.9290511592741936,234,30076,36.113903,0.008473895,516.613427611478,17.059526,0.015771247,657.7025462770126,25.877533,-21.718067,-59.213097,37.49503,4.921250293842188,0.0,-1.7204952116935484,247,30076,22.487501,0.0040268973,642.0017369162307,51.75943,0.08488314,564.1581537261937,17.47622,-2.0328598,19.052419354838708,3.780241935483871,2.16,2.1,0.0,-2.76
call_ed041799aed9,human,train,155.94,14.422133512889573,-28.526016,-68.82057,40.294556,0.36182948993713837,0.0,-0.9043093497499038,199,9852,26.321497,0.018635303,502.6475015386465,61.693966,0.75404525,527.5119271447466,11.544327,-22.658203,-59.62928,36.971077,6.046609863327386,0.0,-2.1584038732845965,239,25980,22.007301,0.0034620257,608.1483975664769,45.429474,0.08614413,590.5144820403892,17.23043,-1.9623413,50.50660510452737,9.619084263178147,2.9399999999999977,1.1400000000000006,1.5390534821085033,0.6999999999999993
call_ed99e3ea3f0e,synthetic,train,159.46,14.58673021447385,-12.752979,-72.243645,59.490665,0.27622527944969905,0.013578756789378395,4.005926251097454,255,32124,19.135588,0.026046624,854.7413587084937,8.157586,13.778901,1936.9555489353017,0.64538574,-22.009277,-60.454716,38.44544,5.6787403267411865,0.0,-2.2381349554747274,253,30076,20.91392,0.0037694215,592.4412802045942,56.252445,0.10210185,533.3761573933891,16.854858,0.0,57.19302646431704,7.9016681299385425,4.460000000000001,1.5200000000000031,0.0,2.020000000000003
call_ee227bc9d7ac,human,train,195.58,18.938477860721957,-25.386204,-69.457085,44.07088,0.19573500180548667,0.0,2.9315011759893648,222,20860,13.421185,0.15863946,557.541339769781,61.85259,1.1334661,440.1045586633714,11.5711975,-21.7881,-58.528862,36.74076,4.735437147128601,0.0,-1.877985990387565,248,29052,21.290884,0.003566075,599.0127980697137,47.634186,0.09722284,611.991536868084,16.290009,-0.35704803,49.92330504141529,9.816954698844462,3.1499999999999972,1.2699999999999996,1.2271193373555578,1.6000000000000085
call_eed2c7389776,synthetic,val,184.0,26.195584239130437,-14.139015,-72.243645,58.10463,0.3431025495398069,0.017724314272431426,3.176404891304348,255,32124,52.636246,0.0183222,486.66449197199177,8.116646,13.82741,1939.0059300448272,0.5840912,-22.212914,-59.574657,37.361744,5.483157373333437,0.0,-2.1281304347826087,254,30076,21.275639,0.0036081322,621.7271805661533,51.68891,0.08710078,565.6384615580705,16.613869,0.0,42.902173913043455,6.8478260869565215,3.279999999999994,1.6599999999999966,0.32608695652173914,3.8599999999999994
call_f003741555a1,human,train,127.34,12.65902308779645,-20.56501,-72.243645,51.678635,0.25589330024813894,0.0,4.056753573111355,230,28028,18.235836,0.22095953,497.4916128916362,21.579239,7.0344234,1299.1914165312294,5.432106,-22.40116,-58.24813,35.84697,4.492090570719602,0.0,-1.9207672373174178,242,25980,21.956331,0.0037936221,595.6832482060846,44.89771,0.08518772,618.7318275197291,16.954247,0.0,57.20119365478245,8.481231349144025,3.1700000000000017,1.5300000000000011,0.47117951939689023,0.6100000000000003
call_f0ad1cf1aa6a,synthetic,train,127.94,14.491167734875724,-12.646824,-43.877296,31.230473,0.16181229773462785,0.02252252252252252,-1.1672971705486948,241,32124,37.424152,0.0034067614,505.8597174617218,81.57797,0.010432087,232.7583181386825,30.214615,-22.312897,-58.545036,36.23214,4.726267529665588,0.0,-1.8780473268719713,253,27004,24.458874,0.0034813492,589.7890607235721,47.06998,0.08884157,600.161854357332,16.705376,0.067806244,51.97748944817884,9.37939659215257,3.1500000000000017,1.4000000000000057,0.0,1.6200000000000045
call_f1372119b403,synthetic,train,240.38,35.04440885264997,-25.95329,-35.88443,9.931139,0.0868058131701483,0.0,-1.3029661369498295,252,31100,33.751656,0.0121129155,543.0855275675707,26.728596,0.013268756,601.8767148942762,26.313332,-22.036747,-58.507008,36.47026,4.612133820435127,0.0,-1.8059801148182044,246,28028,22.447027,0.0035854625,592.2237253756192,50.257065,0.082544535,580.0639796123312,17.503181,-0.6085663,32.48190365255014,4.742491055828272,3.180000000000007,1.9800000000000004,0.0,-2.510000000000005
call_f1b82a4a46f6,human,val,133.9,13.338125466766243,-25.269447,-72.243645,46.974197,0.2792592281526897,0.0004155585106382979,5.664648991784914,227,32124,18.219683,0.045311492,603.4113129061094,86.961006,0.08588232,297.9947347344845,18.741707,-21.413963,-58.948013,37.53405,5.065160486568961,0.0,-1.9730022404779686,242,25980,20.210482,0.0033541895,603.7512152338933,53.528774,0.09535585,599.6259246391514,16.21923,0.0,56.355489171023166,7.617625093353248,3.4799999999999898,1.2800000000000011,0.0,0.8899999999999935
call_f202d4ff9f96,human,train,145.74,8.425964045560587,-24.3125,-72.243645,47.931145,0.09059446254071661,0.0,3.6681590503636614,238,25980,18.692747,0.053795796,644.9437087489083,22.16841,2.3148613,837.0632063455065,11.274101,-21.085043,-58.616882,37.531837,4.596905537459283,0.0004895553368875051,-1.9298785508439686,252,32124,19.504757,0.003342631,617.1513825072876,51.923885,0.08622942,575.9258773219492,17.036171,0.0,52.55935227116785,9.057225195553725,2.8299999999999974,0.7499999999999998,1.6467682173734046,-1.3399999999999999
call_f23bfe7d0e9e,synthetic,train,148.98,15.116039065646394,-19.690002,-72.243645,52.553642,0.2952947118933831,0.0010258514567090685,3.4483924016646528,239,32124,45.911163,0.018182578,432.29957497551754,8.232309,13.94715,1935.028291691068,0.65763855,-22.532757,-58.89311,36.36035,4.931754727768249,0.0,-1.9122633910592026,240,27004,22.135412,0.0031899915,583.4963136040418,47.48315,0.11593181,666.8825648651384,14.141243,0.0,44.220700765203375,7.249295207410392,2.909999999999993,1.9100000000000001,0.0,1.8799999999999977
call_f27db4ab1f5a,synthetic,train,86.82,19.64985026491592,-20.90657,-72.243645,51.337074,0.7151230949589683,0.0,3.8821872840359366,249,31100,32.072163,0.017207706,576.7439440144542,8.258522,13.769325,1933.2388653491007,0.64323425,-22.202932,-59.71631,37.513374,5.57883939038687,0.0,-2.148617829993089,241,27004,21.698423,0.0034003523,620.9505092403543,6.590521,0.0038834892,691.2538185132028,28.794388,0.0,42.686017046763446,9.675190048375951,2.7200000000000006,1.3599999999999994,2.0732550103662755,1.4600000000000009
call_f2ab1c408b36,synthetic,train,115.84,14.848066298342541,-12.148996,-43.141808,30.992811,0.05813953488372093,0.12305699481865286,-3.9031120511049724,241,32124,69.025856,0.012291524,322.31214935761466,81.53859,0.008322597,232.8284805836978,30.71083,-22.224258,-59.1621,36.937843,5.032703488372093,0.0,-2.189268603245856,255,29052,19.145786,0.004173262,626.5185751646551,14.423515,0.003593948,564.3602373636362,23.260902,0.11162186,50.8459944751381,10.87707182320442,2.3999999999999915,1.7800000000000047,0.0,-0.7000000000000028
call_f331303c4fb8,human,train,126.82,17.55233795931241,-25.04882,-71.45214,46.40332,0.13926403450154146,0.0,3.512726699258792,230,27004,11.883945,0.18732543,943.0183328023312,22.091003,4.9211082,1053.172918833836,9.019836,-21.970448,-58.678432,36.707985,4.950611807119312,0.0,-2.1872851285286234,245,28028,21.943419,0.0033639777,592.193263310697,47.67016,0.08942417,582.8562969686203,16.494759,-0.7915039,53.5089102665195,8.989118435577986,3.4399999999999977,1.490000000000002,0.47311149660936763,1.1599999999999966
call_f5251fb3b1d9,synthetic,train,132.64,23.552472858866103,-20.22245,-44.70601,24.483559,0.17605633802816903,0.0,-0.7897316043425814,227,28028,46.54364,0.01921953,403.1031678809147,52.53428,0.007462126,345.8797069963328,22.675117,-22.276232,-58.43758,36.161346,4.436219590268886,0.0,-1.943663299155609,241,27004,22.391417,0.0033562062,588.2756658518387,51.999863,0.08612035,592.2585749453577,16.108849,-0.07775116,54.25211097708083,8.142340168878167,3.7699999999999996,1.7399999999999984,0.0,3.6599999999999966
call_f68d3459fdc7,synthetic,train,179.88,18.7235935067823,-12.910043,-72.243645,59.333603,0.24235451306413303,0.15624949661888976,2.856056815654881,255,32124,66.05824,0.00931861,266.52272942626877,8.165955,13.701293,1933.376072532119,0.6356354,-21.488743,-59.738346,38.249603,5.5700712589073635,0.0,-1.855931732265955,289,28028,19.047995,0.006576455,631.8579490117851,51.90783,0.08575748,557.6869747624824,17.30774,0.0,53.0131198576829,9.673115410273516,1.9399999999999977,1.5399999999999991,1.6677785190126753,2.0800000000000054
call_f6ce5de7ac09,synthetic,val,158.64,20.184064548663642,-15.94577,-72.243645,56.297874,0.6944878201124297,0.0,2.7819213313161875,249,31100,59.790154,0.018565128,445.953334029179,8.278355,13.897956,1937.8335839313293,0.5137253,-21.775303,-58.081135,36.305832,4.443316677076827,0.0006520594482598978,-1.8831851991931416,248,32124,24.43567,0.0039534983,587.2611650594652,45.592224,0.09066939,628.5466935193543,15.652344,0.0,48.33585476550682,7.942511346444782,2.3400000000000034,1.7999999999999972,0.0,2.299999999999997
call_f9fbabf70f7e,synthetic,val,104.38,16.037555087181453,-17.567467,-45.463478,27.896011,0.17995818399044206,0.0026676829268292685,-1.2502874113814908,253,32124,27.896309,0.008176904,617.0217779502182,81.879555,0.011675978,232.3684841167336,29.602943,-22.54698,-58.413933,35.86695,4.602747909199522,0.0,-1.916463881969726,236,22908,20.972092,0.0034037363,616.642382812427,48.24889,0.116373144,681.582515238627,14.186615,-0.051448822,43.85897681548189,4.598582103851313,5.229999999999998,1.4100000000000037,1.1496455259628282,2.16
call_fa26d1186721,human,val,125.06,15.608407964177196,-24.667076,-72.243645,47.57657,0.39703123098892795,0.0,4.848564688949304,216,15484,23.852798,0.08796293,703.8507357609437,25.75332,5.062999,1226.4900789530222,6.3461227,-22.506111,-58.79393,36.28782,5.295243950076524,0.0,-1.9981608827762674,240,25980,21.490965,0.003436575,610.558511827108,49.253944,0.10088971,624.463672554342,15.515648,0.0,54.21397729090035,8.156085079162002,3.5600000000000023,1.6500000000000004,0.0,1.2000000000000028
call_fa4d7f2897f4,human,train,209.6,11.01139074427481,-24.569572,-72.243645,47.674072,0.2160973575463472,0.0,4.172223282442748,218,23932,30.92422,0.12879267,482.64755306348957,19.717896,16.043465,1545.6332878851267,2.1624222,-22.657688,-59.42045,36.76276,5.269200981374466,0.00011115063133558599,-2.074847328244275,253,32124,21.169285,0.00349985,620.0983587563092,52.415024,0.094770394,573.4890911882876,16.490242,0.0,53.65458015267174,7.729007633587787,3.200000000000003,1.5400000000000063,0.5725190839694657,0.7800000000000011
call_fa9e18dd83dd,synthetic,val,141.6,14.138418079096047,-21.371794,-72.243645,50.87185,0.16795704295704295,0.0,3.8234251412429376,235,22908,27.9781,0.009421111,587.1154035616693,8.278031,13.894989,1936.6135952700336,0.61047363,-22.727253,-59.251057,36.523804,5.051198801198801,0.0,-1.9208333333333334,239,23932,21.130367,0.003450256,613.3027415640436,49.189507,0.124185316,649.4854448747442,13.909416,0.0,49.83050847457625,8.474576271186441,1.7200000000000006,0.060000000000002274,1.6949152542372883,2.3800000000000097
call_fb1405943fed,human,val,177.6,14.003237612612612,-24.969494,-72.243645,47.27415,0.20054483860915367,0.0,4.402536599099099,240,24956,8.840276,0.11135686,702.0508032163436,13.818215,4.6466947,1045.0917081293067,7.5662003,-22.152157,-59.242893,37.090736,5.32273143075423,0.0,-2.164127252252252,243,25980,20.912731,0.0037567331,607.2420924814178,53.13918,0.09111699,578.4122043326241,16.870201,0.0,59.41441441441442,8.783783783783784,4.070000000000007,1.5,0.6756756756756757,-2.4199999999999875
call_fc8bda4b3374,synthetic,val,193.36,23.32430440628879,-16.186825,-72.243645,56.05682,0.20011141937754817,0.0,4.404220107571369,249,31100,56.5493,0.023208499,446.78884266552365,7.9630895,13.898195,1939.4805784782432,0.59889984,-21.517704,-60.53267,39.014965,5.668807286051236,0.00025746652935118434,-2.0736501861812164,252,32124,18.570974,0.0033316014,616.9694686284535,53.565598,0.09451046,526.1339054108768,17.772247,0.0,50.21721141911458,11.4811750103434,1.6400000000000006,1.410000000000002,1.2412081092263134,4.0900000000000105
call_fce92bad5095,human,train,185.18,11.79386272815639,-24.00215,-72.243645,48.241493,0.3113570933899576,0.0,5.200453612701156,233,23932,10.954574,0.060533196,712.2300492945184,16.974245,10.82757,1544.9379401269894,3.3714218,-21.784615,-58.710175,36.92556,5.091604233082836,0.0030876904075751335,-2.2306458580840265,254,32124,18.15914,0.0043099937,627.8862101522112,45.44647,0.09204955,603.7524626256168,16.824738,0.0,52.46786910033484,8.4242358786046,4.16,1.4400000000000013,0.3240090722540231,0.9199999999999946
call_fdc3a7dac09f,synthetic,train,153.3,28.636660143509456,-17.301699,-72.243645,54.941948,0.26765375854214124,0.0,4.547599478147423,236,23932,30.308239,0.0035808103,482.6232870891727,8.296029,13.681527,1931.532034950534,0.64099884,-22.237637,-59.19827,36.960632,5.18251708428246,0.0,-2.1699934768427918,251,31100,19.361616,0.0036592365,633.0027628472249,53.30202,0.083669215,549.8359177946109,17.794502,0.0,46.48401826484014,7.045009784735812,3.5999999999999943,1.660000000000002,0.3913894324853229,2.619999999999999
call_fdc44f969ade,synthetic,train,167.5,20.214850746268656,-13.628256,-72.243645,58.615387,0.2067343721735535,0.00887278380042625,2.84195223880597,249,32124,45.28898,0.0032087988,489.99345591123205,8.104302,13.698676,1932.1738523400911,0.6231537,-22.28052,-58.867477,36.58696,4.857888577556769,0.0,-1.782594776119403,241,24956,23.490578,0.003751426,593.5745138399416,49.626858,0.097800985,599.9900388696778,16.299767,0.0,31.98805970149252,5.73134328358209,3.4699999999999998,1.5800000000000036,1.0746268656716418,3.230000000000004
call_fe828697f60d,synthetic,train,142.42,16.472317792444883,-21.64896,-72.243645,50.594685,0.3053085321213348,0.0,3.4813368908861113,241,28028,30.26867,0.005229091,603.1187867025112,8.121976,13.757805,1937.233811756649,0.65358734,-22.826778,-59.128212,36.301434,5.258446602976359,0.0,-2.082130318775453,244,28028,25.017538,0.0036142566,602.9939058391939,53.007397,0.091182716,541.6013811549291,17.007217,0.0,42.45190282263731,6.740626316528578,2.830000000000011,1.5300000000000011,0.0,1.7999999999999972
call_fe8e4fc3ef69,synthetic,train,187.96,39.25303256011917,-16.443197,-38.203766,21.760569,0.0891162916779615,0.00030251694094869316,-0.8863029367950628,253,32124,18.931328,0.0039689005,579.6191215195906,16.969728,0.016604539,654.7632848397068,25.655357,-21.492498,-59.071007,37.578506,4.997289238275956,0.0,-2.0007767610129816,243,27004,21.327923,0.0036443572,614.9905105955374,10.740878,0.024950951,772.0338357021138,22.635979,-0.4852562,33.09214726537562,5.745903383698659,2.6200000000000094,1.5600000000000023,0.638433709299851,0.14000000000001478
call_feaca5a8cd14,synthetic,train,211.72,11.874173436614397,-21.936428,-72.243645,50.307217,0.2282219570405728,0.0,2.7056796712639337,240,24956,33.500805,0.0052941884,556.7021739729187,8.514818,13.625927,1920.9022476280563,0.69151306,-22.889135,-58.59158,35.702446,4.6181384248210025,0.0,-1.8048176837332326,248,30076,22.085968,0.0035411362,606.3981520166369,48.661564,0.089839704,610.7126732563665,16.400757,0.0,35.64141318722839,5.101076894010958,3.9400000000000004,1.5800000000000125,0.28339316077838655,1.8000000000000043
call_ff4042587962,synthetic,train,76.3,20.52408256880734,-16.055614,-72.243645,56.18803,0.19157241038003175,0.0019716088328075713,4.398302752293578,254,32124,21.648008,0.004025193,566.869675185753,8.303331,13.831507,1932.3789842214846,0.59581757,-22.544563,-58.62741,36.082848,4.647227388468937,0.0,-1.8697247706422018,237,24956,22.178377,0.0036009692,613.2210686714773,47.809635,0.107852735,634.6408717659824,14.729912,0.0,45.190039318479684,11.009174311926605,1.5899999999999963,1.4000000000000004,2.3591087811271296,0.6399999999999935
call_fff8cae57de7,human,train,160.2,8.064840823970037,-24.078728,-71.82988,47.751152,0.8668814520264322,0.0,3.358074282147316,233,21884,27.388844,0.19585133,488.4534548120979,3.1208003,0.39591283,890.8045728369765,14.414299,-22.368763,-59.81752,37.448757,6.040112617188634,0.0,-2.1087578027465668,235,23932,21.337929,0.003593513,600.3493217872536,56.771378,0.09379793,551.2284822841622,15.723343,-0.41376495,44.48189762796506,8.239700374531836,2.830000000000004,1.2199999999999989,0.37453183520599254,0.759999999999998
