anon_id,label,split,lfcc_mediana_1,lfcc_std_1,lfcc_mediana_2,lfcc_std_2,lfcc_mediana_3,lfcc_std_3,lfcc_mediana_4,lfcc_std_4,lfcc_mediana_5,lfcc_std_5,lfcc_mediana_6,lfcc_std_6,lfcc_mediana_7,lfcc_std_7,lfcc_mediana_8,lfcc_std_8,lfcc_mediana_9,lfcc_std_9,lfcc_mediana_10,lfcc_std_10,lfcc_mediana_11,lfcc_std_11,lfcc_mediana_12,lfcc_std_12,cpp,inclinacion_espectral,vocoder_periodicity_peak,latencia_mediana,latencia_varianza,latencia_cv,pct_respuestas_cortas
call_0615c3630150,human,train,8.020743429266439,5.424363361646494,-0.7583912733085729,3.210089980342899,2.647325018274556,3.132686429873665,1.4675331084284058,2.482852381309182,0.9343867636196059,1.9710982924651244,0.6533991452010173,1.6730822612668554,0.4639712010095073,1.5395318979296446,0.23224396950377837,1.3424688074718973,0.25667031020523345,1.0963782911151405,-0.1393363236972819,0.9398619138891768,-0.09031793742864302,0.8544949647316121,-0.2626156471538842,0.7389037963646111,0.3262018172934756,12.684557022711338,136.58076982900693,-0.8000000000000078,2.3617536000000006,,75.0
call_064d8dd77899,synthetic,train,5.972398201178308,3.688017185066337,0.36259800001172127,2.9127238065304963,3.1826624493518527,2.647011475272279,0.015386354235427196,2.2101766482276166,1.7662344418513838,1.971856961317883,0.19533603429109592,1.6479470170871438,0.32979369191697255,1.5275337655478936,0.6343048870341896,1.3323867991604363,0.32625846368322997,0.9657358652265846,-0.08561952002920833,0.8750116680425413,0.06261082335593253,0.713544233259614,-0.24161625009926124,0.5896185218916127,0.22973829774716267,13.744044013398444,85.13800031730908,-5.824,0.0,,100.0
call_06b5a78ea12e,synthetic,train,7.36034622958822,4.560254482705991,0.45129676281074027,3.085228149455265,2.974804678438254,3.01363177167898,0.2885580264561506,1.7993533688320313,1.7583814237653308,2.0405234653763573,0.38945750728015394,1.830007543321527,0.5123033100681729,1.5327472904083084,-0.0010811065799420788,1.1923389265015036,0.3776885019989903,0.9868642059535551,0.15167968428577533,0.8027023966872516,0.18919490301746308,0.7015663375229645,0.0445912614829245,0.6847112939205588,0.391832459155186,16.654612330059038,67.79007419213318,-0.28800000000000026,1.8978133333333311,,58.333333333333336
call_0847d7417bb1,synthetic,val,5.921441564735452,4.096187126250365,2.390677429444283,2.9891534662406913,3.2558583714401044,3.6627664604082657,1.2404381112216143,2.1608619619431493,2.148747335620257,1.9651368071507276,-0.30534455573689856,2.018097334216045,0.8088240608506481,1.530740963596706,-0.4392804089045303,1.2362358816006345,-0.08204526774799284,1.1058180455687985,-0.4174502886396873,0.8440920186583888,-0.035469726299363166,0.7654712906041318,-0.20837813180811302,0.6812901647202833,0.4069026696012199,16.86264856205939,31.1391026548244,1.6000000000000014,1.5382755555555565,0.7751702321999266,25.0
call_092aef8d1243,human,train,8.41297105899757,5.430013606668276,-0.13870627306821118,3.251185647004603,2.2088560994069297,3.8699394526732434,0.9513673322453304,2.636077330167413,0.5045606945687555,2.062200731886411,0.4629688669490583,1.8774337669648413,0.5713613964560549,1.4323995612447573,0.2808652866175657,1.2824525055169829,0.12305236469555803,1.0230407715847407,-0.15985867373153767,0.9236075642012392,-0.15653147474126966,0.8264237102793598,-0.2699490999460466,0.7045346071461419,0.30830039488479843,14.8210518175146,156.28946461732605,-1.024000000000001,1.1930226938775501,,90.47619047619048
call_098d8081babe,synthetic,train,2.6351782355348354,4.6676281140709515,3.1013424759270105,3.2398342573988086,2.3011161032239524,3.2640585144107495,0.2874259177732388,2.1620227381880115,1.6647161339760106,2.0304264446812925,-0.17730783698362682,1.7138676008556597,0.44481222715542174,1.4247391362081308,-0.31612502437485784,1.2463029378307047,0.3608555039734884,0.9840494653182545,-0.24061282836343534,0.8231254090925264,0.06759891114677942,0.7583266699963951,-0.1818616289849538,0.6981923067554073,0.41218643069838595,9.83124445882467,10.677823904551518,3.1359999999999957,0.5270186666666693,0.23149251057379075,0.0
call_099dffdf8486,synthetic,train,6.090351954275683,4.2764966835739475,1.3094825410634048,2.651804189707105,3.8496346856891046,1.6760540906422778,1.5859443231943149,1.8432121533237984,1.4527551199834075,1.5860714151417685,1.5242169949334317,1.5251776829489279,1.1570743178160154,1.3567667894610622,0.26810229829128074,1.2086415295808548,0.7845846598722993,1.057123537396237,0.20566924401554665,0.8952244524573243,0.21915774133078264,0.7339960654943736,0.08310470513271381,0.6479055740758253,0.2082224657631333,15.10443502844845,393.5580191469534,1.6000000000000014,1.1665814214876078,0.675052492602313,27.27272727272727
call_0a9c546208d1,human,train,4.035935502523769,4.304283707253858,1.7961373669605265,3.4953026145341024,2.198081331602873,2.689250836222527,1.584744652896207,2.0272626706053107,2.4818526752496544,1.726048683898909,1.2910541774957862,1.4954050508741557,0.5301860187576599,1.2295066751414647,0.5802251102799608,1.0644466122751406,0.6487440084454821,0.8685878419669829,0.19352888890090925,0.7120701612255446,-0.05004239197952878,0.6409228972450839,0.04203622301626866,0.5765286805397077,0.28474039459480116,13.010621963691854,293.24012117736413,1.1519999999999975,0.661712979591836,0.7061262355408019,14.285714285714285
call_0ab7d2a0c0f5,human,train,6.31523569328277,4.425348302328758,0.9380415397498916,3.1410809513243785,2.7800076611837534,2.4651335826348615,1.8181954856399214,2.115920783793041,1.014052529604749,1.7464167823248125,1.000746035617507,1.68306136274947,1.0788625676830177,1.2804814524562707,0.4712140626787692,1.1104660094883052,0.2163791807847839,0.8908283173271854,0.31686072245182967,0.7548054689103116,0.08363573104934513,0.6518257596085472,-0.10897608402039166,0.5946435215869991,0.28680116493668356,15.555993174508188,345.7369698554567,1.1839999999999975,0.9681066666666651,0.8310169901310904,33.33333333333333
call_0cf2f4a71328,synthetic,val,6.435255295568025,4.435533650156163,2.9902173264866194,2.995208661455316,2.900252502285531,3.078974630021564,0.6580351863985119,1.7046879098023702,2.2371171543493675,1.636277818252616,-0.19474057061859565,1.6804536940997448,0.5741038215436458,1.252845645223315,-0.18568980041807998,1.0531997867555376,0.16394826532151352,0.8748232067483178,-0.22471646387857291,0.7232037882707597,-0.12079052534505502,0.6825596822133009,-0.2627683839546193,0.6188399085439572,0.4127616124434385,15.97541615935905,24.890865238530093,2.304000000000002,1.152682666666664,0.46598550375728776,0.0
call_0e101713ee94,synthetic,train,6.004422301657861,4.444639788239826,3.5631021038445896,2.936560642103391,2.2274138542744697,2.414372193213417,1.2841417799059025,1.8287750582911124,0.9041247847260065,1.7155923490379392,0.01704791744526868,1.5812099022209865,0.22543621243039724,1.3347380964166693,-0.13531844771848422,1.1507412673924258,0.4921939184977868,0.9141149705690189,0.018890939730277147,0.7965564279671471,0.26079524630420514,0.7094245888485645,-0.10943532168886339,0.6331106103119424,0.30625639354896056,17.218599515758974,189.5359680001551,1.6319999999999935,0.863886222222225,0.5695188715532825,8.333333333333332
call_0e1e2f29bfdc,human,val,4.785575721998901,4.360118853095713,4.132624997402258,3.0878031942600477,4.9100027483351285,2.9052885955686065,1.6367204955388335,1.9201099771857173,1.6638052515774673,1.7124709147222472,-0.2349124052554955,1.4512417448845183,0.2675004307729848,1.2405779248638915,-0.42994546621534746,1.1270257513572026,0.19228701666330805,0.9044820478434779,-0.0239572423859445,0.7830432526278057,0.01272879920506298,0.6873880850004942,-0.24356368709651877,0.6966427388312791,0.3999037079072464,11.70490011675075,17.358241198889754,0.1280000000000001,0.9011877024793399,7.416477076847532,54.54545454545454
call_10aa0d1d33f0,human,val,6.6269163996712805,4.134140737281744,3.3609411102068907,2.453246379818591,2.3883193321004335,2.2168915530006967,1.9742225019694382,1.6525605692072534,1.7480269602766645,1.511038101117745,0.08178564398183558,1.4695307222034686,0.9058927021374713,1.082659232160392,0.3134460059774563,0.9503850058816731,0.504675446891385,0.869194200719158,-0.1631216585667697,0.7638247010705196,-0.02521533114557034,0.6688108699963161,-0.0015042334374482935,0.5815838264765171,0.2544819473364342,18.395414275287806,356.3762058089544,0.7680000000000007,2.807626224852079,2.181767283938031,46.15384615384615
call_10ceaf16fbbf,synthetic,train,5.7242478270686945,3.8344166010078955,0.945152523144625,2.349554715086347,3.363391121768311,1.8067115917505137,0.5462630041489516,2.3069909378442786,1.8457569676098249,2.146724954729583,0.8595555780941733,1.6491665340179094,0.08033717856214012,1.4474365016174524,0.3704522349683428,1.2812913790179168,0.3030736591747326,0.9957306629104379,-0.19017599126066997,0.7602543371627651,-0.018566913293278864,0.677615745625487,-0.1545441217958321,0.5991478427994285,0.2552982611080881,14.07052753919858,89.0954234242744,3.3600000000000065,0.117760000000002,0.10213147899774931,0.0
call_11d3230256a1,human,train,7.186027679854835,4.667059266282299,-1.355359852404543,3.337991774918769,2.509032811537113,2.5715821671962455,1.5303348301364617,2.0764793444909024,1.208290880231909,1.578421900768432,1.6349049549479977,1.818479267373346,0.31408546933843484,1.3832465519917054,0.539663936445357,1.1400983463477912,0.677373789895244,0.9587041652035754,-0.07655779510177292,0.8275329458825889,-0.1150295877910768,0.7601911621922408,0.1936899210014304,0.6554047860000355,0.26893836214982664,15.622574363232403,47.0261261153197,0.8320000000000043,5.364736000000007,2.7838821814149983,37.5
call_120d6007bcc1,synthetic,val,4.464452704158146,4.8764298176982654,0.4827278503463727,3.3521861544195093,3.322723291642906,2.7439181504362047,0.32940954927540533,2.2089436907218807,1.587195545347916,2.0411753885939468,0.6458446619260259,1.644147131254203,0.3417347246229123,1.56112339297655,0.2964109968830246,1.4841998990929166,0.3434732644309979,1.0950632994853156,-0.11976818399501735,0.8478706238417162,0.10219127442273396,0.7305271284322776,-0.1331088783526197,0.6645732469452545,0.22573346999890964,11.76170636303619,56.90053879327047,1.4399999999999968,2.0735715555555525,0.9999931412659179,33.33333333333333
call_1612f093f8b5,human,train,8.802559616432386,4.194946694812622,2.3230436783179713,3.6416657364565563,0.46040765451879506,2.816857136252973,0.9687610524840738,1.9764201355139146,0.32189517543334656,1.6580085185035771,-0.1424693364657622,1.4326216937365108,0.0874386747662608,1.122471171862259,0.2508512480504299,1.0335688607706486,0.10136697395165836,0.879157847552648,0.026934246402237072,0.7879498812302992,0.14184706874425387,0.6962543219187775,0.16505323309519185,0.6456924218920405,0.22548342366979757,16.044314219108188,49.97189776912925,-2.3039999999999985,0.7692515555555591,,100.0
call_16581bcbc272,human,train,8.54728086146294,4.185058401688099,3.4157525339258683,3.6776429996764217,0.1969845806598676,2.740951935834962,1.035140818506701,2.0713047135852127,0.597214097865193,1.7498915609048733,-0.14028980944836134,1.9729368128472107,0.7333483599898671,1.2210926044535175,0.010314442889130082,1.0384242579002274,0.2097484008066165,0.885296393573342,-0.0962029316154459,0.8050836634813037,0.06448238225929886,0.7557128439827214,-0.20542487945202248,0.6909133244735233,0.39157490616306406,19.537848209916994,110.95920756721532,0.19199999999999307,1.679699313609471,6.750167407279754,53.84615384615385
call_1761edbd6952,human,train,8.822241388120542,5.088222462644917,5.465715511071704,3.6644038241397623,1.982625670716141,3.0384743593483217,1.140594425565716,2.116216211088595,0.704275319108167,1.8011398141911739,-0.33275980936510996,1.5655546698921725,-0.3304235540598381,1.2389965099664704,-0.11868911942761803,0.9857323370239264,0.11635855695788702,0.8889577569742991,-0.07808316970007603,0.7785447898768802,0.008136113381303683,0.7432067818293645,-0.0966954539539494,0.6769731223568218,0.32955776945158005,20.646665475733414,120.84927101493247,-1.8560000000000016,7.594147555555549,,87.5
call_181a5049ecae,synthetic,val,5.55143896264903,4.295638561113653,2.4939884746568706,2.9919187556102926,3.473363595054961,3.198972742199785,1.0452192883078428,2.1879722910537827,2.1260561339206845,1.96830301733908,-0.058864410034956974,1.8851132153067969,0.5219413950978842,1.470375657007812,-0.19081802872976095,1.2590811232222296,0.08252523963281466,0.990017852256655,-0.36600258702858285,0.8148648006923724,-0.1391848418468579,0.6961297134165804,-0.29197792676910506,0.6798828668235949,0.39690270703832814,15.017528514272378,25.161959517353736,2.6240000000000236,9.406514776859513,1.168827820994343,36.36363636363637
call_185e958a253b,human,val,8.984885951810654,4.929226291708669,1.6046553053645014,3.227439518467881,1.8229977088711113,2.6076786665176273,0.48436399904073923,1.7963995678129938,1.158586585319683,1.6126000354801018,-0.20371824171910793,1.486974613699327,0.5730817841652238,1.3116883688029344,0.0837063898049191,0.9937967606063106,0.401276651034686,0.8386334244134249,-0.05180540787039327,0.7715766567621114,0.033535456013533846,0.7131047122515466,-0.1277175164717252,0.6594626097119294,0.39287500029500677,18.02274723306912,53.08835636875442,-0.4479999999999986,2.4178033609467464,,53.84615384615385
call_186e9d6ee732,synthetic,train,10.66812577077313,2.715570126099031,0.45048275539069776,1.4330664766664494,0.40671995319795534,1.546603755306047,-0.10820124485217042,1.0355623537283165,0.21025462965893155,1.247415397463176,-0.24031683862144143,0.9836584043687249,0.1513930816195756,0.8929946858889555,0.08508853169826762,0.7297618996996886,0.23995696879992334,0.6602661458581222,0.049924879803589436,0.5889355202871653,0.11378781816215011,0.5612906149924721,0.05158897470419099,0.5221051767886996,0.17782480714362972,12.970515501672203,224.3386158962674,-1.664,0.0,,100.0
call_189410107163,synthetic,train,7.857093349258618,2.8664638876285733,0.6718930262149005,2.3901840039585767,2.1878797477345127,1.9989155343574938,0.984224533128458,1.7987210860232423,1.3187599078667671,1.550953199587056,0.403979946063277,1.594885895023324,-0.16786762849628284,1.3002794055250744,-0.3107170713065699,1.1775831844974398,0.07369837666861613,0.9948819927651953,-0.2849880340462258,0.8319173868389559,-0.08316123022626465,0.7584432189028089,-0.18124670912727292,0.687574749781437,0.264616809893476,17.736918871836913,79.92513127849722,-2.240000000000009,48.73420799999997,,71.42857142857143
call_18bd3c505fd5,synthetic,train,6.2276006916160105,3.817349049767546,0.17096944513440449,3.412092159528974,3.185150425704092,2.7898727943071435,-0.005302462186648815,2.0514996517614144,1.5805005204123288,1.7171416303128815,0.37056081733320445,1.468237035696429,0.23849828835857753,1.2965838128514773,0.21432979577337333,1.1785879014534248,0.20925886024124182,0.9044032453386439,-0.04809215185249381,0.812483671678416,0.08967030180071855,0.6993349989693215,-0.1542414735520587,0.5951874195475299,0.247210904645936,15.141932682091081,90.60387613003181,2.080000000000002,4.377968639999989,1.0059421089840184,30.0
call_198ef413fe4a,human,val,11.691016751086803,4.653320927322803,3.1106633004338446,3.11949892921614,1.8305614114857462,2.3779926823823727,0.11958006567598514,2.1411169084331543,0.5158028624891042,1.7786087358490053,0.5554832673572616,1.3535353492211377,0.524839821623527,1.1450081574369384,0.6456552328307685,1.049462348613182,0.48664172761714897,0.8507703918966817,0.47220114772088445,0.7927233206588067,0.08244422932875059,0.6981121248384095,-0.08513099552854037,0.6354420808561421,0.3028898266272969,24.114457848767586,521.8864980779829,0.7680000000000007,3.1149670399999954,2.298081929687351,40.0
call_1a2f3635b411,synthetic,train,6.701915374810463,4.2363960468853215,3.3260521702329777,2.7371081554737486,1.946660487075277,2.163900201135472,1.4754286883714247,1.5491296920203952,0.7192525634128262,1.5414693266770607,-0.05741665748707003,1.4473692420698874,0.1929327497305925,1.1847776045289047,-0.2685604641151469,0.9807371727091113,0.36012845443263486,0.8389707604784742,-0.04782552581250264,0.7010435688243261,0.20779859390230346,0.6640349894096504,-0.07997207109650056,0.5868414660696619,0.28986687788974064,18.245539788265724,472.5168662049212,2.368000000000002,0.20268800000000006,0.19012197653231752,0.0
call_1ad99899456c,synthetic,train,6.424564657170611,4.748692920875835,3.3361327853860034,3.7002898051909896,2.9640829077045,3.298478682196926,-0.16428847697666488,2.0788105764020197,0.4259990003181198,2.0243513650913907,-0.8782223557101716,1.6952583377841466,-0.05980871341417088,1.2744557246456394,-0.9012199388858501,1.1311370570031718,0.117179289704826,1.0111702071913442,-0.40876155584652335,0.8382894932304255,-0.00028439179471284604,0.7362032708860958,-0.24264331379759185,0.659560615407813,0.37819917583792073,14.196719950440595,28.696776082172974,1.8559999999999972,1.693173551020399,0.7010883750335071,28.57142857142857
call_1ba56b3cce45,synthetic,train,7.178622202331581,4.039899940716408,3.53990959028528,2.664004475594168,1.9842499583262798,2.157798146951661,1.6181456174963198,1.750218188891669,1.0722194489481485,1.5432115330314775,0.006454915488982638,1.5121816632410614,0.4031594919530216,1.2755440216173466,-0.1964367796503392,1.039571616203872,0.45568861119091664,0.8969456909877048,-0.033579256547446076,0.7323229230972812,0.2884191614306449,0.6983603826249999,-0.054613310355337896,0.5956511601487394,0.2903808891085036,19.32260746754283,448.85958380343493,2.400000000000002,1.4673279999999962,0.5047221457836413,12.5
call_1bf0aa4d4324,human,train,5.983491326394425,4.895303850315296,3.72533029814649,3.1137341438765596,1.5726297285705426,2.90046252537629,1.2781284054523085,2.1557500475099336,1.9582786926932778,1.9291573547495136,1.3765435737041274,1.4773465254215308,0.669626316363669,1.2376555226149384,0.7793032930515186,1.064919599468044,0.8954063863452847,0.8823496345617698,0.31079768952673387,0.7655972468843244,0.0813968493352055,0.7113836802373872,-0.02112128476481545,0.6375846734599496,0.292762514022201,15.456909428062936,669.7938781138563,1.2480000000000047,1.022361600000002,0.810191493666931,20.0
call_1c1c0cce9fb5,human,val,5.4378113656728315,4.785786546152515,0.5827230879785287,3.267728989151156,4.000991494903581,2.5620746926458575,2.2581029758517497,2.4994158198916145,0.8148441976687425,1.9007566876159068,1.2223174004400015,1.3230065984985924,0.4646592549216739,1.4247862315950828,0.27173597597327936,1.2324015788507052,0.6054421470597342,1.074984864508734,0.17794939007859073,0.8635215350375304,0.15356668352716585,0.7448831541423637,-0.057250684298126575,0.6738094026423003,0.28243747835083904,11.82669482221408,97.99141075420363,-0.8960000000000008,4.205282394557823,,80.95238095238095
call_1cc930924760,synthetic,train,7.780779945759077,2.779920613499871,0.11570422711910643,1.9384356791093451,2.0963249687277834,1.9054681495590788,0.9773271207996268,1.8677827171287376,1.4777446647476993,1.4670313960346055,0.6111826223442662,1.4377442114172667,-0.14687856334382987,1.346831292525085,-0.15067434755574333,1.2022304070877112,0.03443124440902,0.9854903938058509,-0.307967667499517,0.8639502235520182,-0.09958901824252836,0.7507065511397121,-0.19133312382194073,0.6707231782747524,0.22613520085826386,14.303312608085847,70.60013011057524,-0.6400000000000001,0.0,,100.0
call_1ee2936b46a7,synthetic,train,6.936791367915021,4.629105451249588,3.8668722488701617,3.6177108069533004,3.385397099560531,2.8094773280234233,1.9006869494025822,2.2610242302049444,1.1148302590868842,1.9285212557805325,0.13167097907730355,1.7760738931875721,0.15980548133781233,1.328188065921345,-0.2472560386831456,1.077165948283915,0.2457186506433252,0.9820347117919281,-0.2660457279684578,0.7600361628289044,0.21885990104455819,0.7177144149367576,-0.09668838336440128,0.6688025790697981,0.3521893509174829,18.09873881897603,357.9943355208997,1.4720000000000013,1.5309937777777791,0.8405797101449272,22.22222222222222
call_224586045e67,human,train,5.782865820053891,4.9129351999336395,1.9266877781683562,2.717058707151328,2.248031248435146,2.8425153687313447,-0.02845173650911194,1.8768810219303445,1.3701411277232742,1.840434904590937,0.5550753082024146,1.4083302273013778,0.10764871642051865,1.2337583103808951,0.5933706151893476,1.0733228135221153,0.37046228560419037,0.7944362502757036,0.1411222223730526,0.7082702384717375,0.24463042835121218,0.6036342312325326,-0.0433555197663123,0.5551463213249354,0.23124738595270591,13.513664772167445,131.05119903387074,0.3520000000000074,1.673508571428575,3.675118162249068,57.14285714285714
call_22d0f235a47e,human,train,5.224504292936932,5.514940977664375,2.6671467374806794,2.9826559706156677,2.724816827662363,2.454764302145106,1.8376282185629105,2.1184634812041416,0.670558057409418,1.799522307470989,0.9889724376496847,1.6402921525937775,0.18261864283071488,1.4289135494574956,0.419154547370125,1.2650150297872744,0.4021892938187226,0.9762256487293495,0.0907181808274293,0.921982009673035,-0.07773477185926775,0.7349447441829053,-0.05877055550231383,0.7010957868762588,0.2577911688873027,16.002706177139096,389.132732378237,1.5999999999999979,10.399263346938758,2.015493052555122,28.57142857142857
call_22eacbc23d18,human,train,7.648999635579742,5.179882560872895,2.639060466827784,3.0956883278133707,2.1962906315984605,3.6432332470269966,0.7856168191935193,1.902289280570923,1.067071444454099,1.7357428987891121,-0.08033827072974536,1.5125322622221244,0.45487620902955334,1.374509535538529,-0.3410732690753706,1.0951325144219237,0.057750203719025894,0.943138341767339,0.061991475080703164,0.8310724081008628,0.056030545343809746,0.763340228475109,-0.15469519735972304,0.7901016098057333,0.39884666207445474,15.15698394915563,17.462057260526606,1.0559999999999974,18.225946122448953,4.042789442206539,21.428571428571427
call_23991b635849,human,train,7.566854020783085,5.366197647327767,-0.7889302630022463,3.7676067786570178,1.807872491352045,3.605321781201819,1.659509862888827,2.2096774473931062,0.48413845631130026,1.7199469057252394,0.2207459756619089,1.5135797212707693,0.5488789449184566,1.204406319899283,0.45180402224605365,1.0899985525094813,0.46033020403891245,0.9983870264528194,0.24709663246672028,0.8363884731031318,0.06325389872629919,0.7765257953453445,-0.06520840076859524,0.7523102056904724,0.4473958642950852,14.8985869534851,20.843953130304453,0.5759999999999934,2.252144640000005,2.6054074821701727,33.33333333333333
call_24e1989c4d6d,synthetic,train,7.845643758952686,2.4168370955802705,0.05299503258599475,1.8357879921334574,1.9560285352328663,1.727535223180469,1.1219466774547857,1.7970851209916803,1.4497556269191474,1.4508533038979954,0.6904355654081824,1.3967034541808523,-0.20447082257038648,1.3056163713743347,-0.1513482361196144,1.1759469958880588,0.06470498060204954,0.9927910992160836,-0.3047231719377345,0.8601506817715772,-0.11122198658514207,0.7642855801665206,-0.17212148067811373,0.6924722165716641,0.21563302936787038,14.533131375397716,166.70802778715958,-0.12800000000000722,0.7146382222222242,,66.66666666666666
call_253156878935,synthetic,train,6.856807889819019,4.955108967386685,1.84400256635127,3.020428939710686,2.9041887249805987,1.9747583957044346,1.200059936627965,1.8599266923465883,0.8401686813673734,1.6187028567497428,1.7512620517908313,1.4635970148756654,0.8026172635308699,1.3517718388112185,0.4983395243466764,1.2741909957526563,0.9390584903116086,0.9756678308718661,0.21008489906750846,0.9151425576445664,0.21763195995343088,0.7627226930563025,0.06394057501131983,0.7094259519419996,0.18723638594192907,16.737233953971995,542.2002427089898,2.592000000000006,4.623933439999992,0.8296039090663175,30.0
call_26be2ced1f65,synthetic,train,3.451524617172912,4.111579858281125,2.109920637721964,3.2138942430266213,1.8048136457990354,3.1801919610704585,0.4848818026803719,2.0996547761952287,1.857433496285211,2.0853415892316978,-0.46662567300558505,1.8337159304774444,0.35059447228200646,1.4754218479064267,-0.33268558262303904,1.1455226589194898,0.278651989675369,1.0426127574788724,-0.1590050588162285,0.8964684691951771,0.07314731892006404,0.788855203845199,-0.23365212946303293,0.7750516598213738,0.4369177959738404,10.695829071098245,10.686996786178426,3.2319999999999993,0.4817305599999976,0.2147488005747622,0.0
call_2741c273bfcc,synthetic,train,6.648470086004149,4.403390827173455,-0.003653183884805969,2.7862608083140232,2.768104841265485,2.838630206592382,0.44542790294037965,1.6729327785938273,1.7999748449585766,1.7078895997045263,0.47119337116387805,1.6752919809495,0.45902075504853435,1.3460394938480935,0.19226609111856727,1.0582884050762924,0.35324842126509065,0.9298550597928349,0.12038714026482313,0.7887281576540331,0.2781849929792271,0.6347186336501902,0.07190487022810144,0.6354263670983668,0.3852765580389691,16.553381221272417,68.7256323295799,3.9040000000000035,5.144120888888888,0.5809593879996615,8.333333333333332
call_290aacdf95ca,synthetic,train,7.572119396874648,4.680853794958311,1.6924287534542932,2.6099068555874325,2.9095992348799307,1.9312198486705792,1.1827694707147023,2.0033749312456366,1.3280966869604174,1.7524560611114104,1.5988838301696888,1.4859122627538643,0.6028996240350828,1.3343026091935561,0.2190738812962489,1.3255788551045584,0.9830297058133939,1.181355328126314,0.25140844646885074,0.8912495849695948,0.2254603969498078,0.7168648084237573,0.09373332268769952,0.6393281806557327,0.19365984157057375,18.942748772177723,447.66505623867505,1.8560000000000016,0.9615992098765435,0.528346794664772,33.33333333333333
call_29a23dea3118,synthetic,train,6.1899023104643085,4.590462709038126,2.4406015767706237,3.146511051765917,1.3216854079655285,3.146155681653177,0.39037671693368486,2.3089528454017185,1.28712530707465,1.9683039234423367,-0.35131051060032736,1.882326981175605,0.4971627522402091,1.3744637460570304,-0.42102436648897257,1.1928931272940297,0.36890362455378095,0.9895706389458911,-0.18365012840969092,0.8701900615890833,0.1429149017032831,0.756427011262662,-0.16453501779423804,0.7027484150773549,0.42324989978142596,14.19308957723031,22.96431869380407,-1.888000000000001,0.1239040000000007,,100.0
call_29e423c5b8aa,human,train,6.403116302864124,6.228638778956281,0.523518555217515,3.6607999913403773,3.56218505011966,3.9077960300744214,0.1951395388434874,2.542091480032787,1.8755143406054502,1.8520542785177014,0.1309562541573624,1.662717908311925,0.45607988685387474,1.3937712050677555,0.551644204707207,1.1387313576708795,0.13470852218926224,1.1199853438851075,-0.1510358290096419,0.9332594673261241,0.10746823999646338,0.7615112615457265,-0.1503092603818281,0.7156198880454966,0.4086098731929957,11.205194226139838,10.354370022051908,-0.7680000000000007,5.463837074792243,,73.68421052631578
call_29f2b21b3d8a,synthetic,train,6.405321452594056,3.824768436090741,0.19127899965207454,2.949524690466888,3.252849018650802,2.6054878889744866,-0.06717450785102555,2.0072252580772414,1.6899720118275634,1.698217839478494,0.417902528027272,1.5359300535766858,0.22062131530500645,1.3855939110727251,0.1983292955901675,1.1535338837761762,0.21916663306726417,0.9120722301537166,-0.11033677821952799,0.802924426900756,0.035100634337064396,0.6830440425969504,-0.1704299342326835,0.5922602837457874,0.2529667730763456,15.957325512550085,98.88093861292003,2.24,6.078296816326537,1.1006340227243312,28.57142857142857
call_29fddbedd6a4,human,train,7.7511648067361065,4.131461571331716,5.115699909251317,3.074472318064382,4.186130723928138,2.8356808187154363,1.613885474236738,1.7712024225101024,1.7402005924241664,1.468146760251602,0.4210674252868447,1.3539216461662729,0.5008468075918775,1.118079462693576,-0.007233878729067077,0.9786049193577872,0.12309549046704908,0.8666952921282887,-0.15286569487820986,0.7629151587838593,-0.14410924863744906,0.7213280756331719,-0.22152412485232068,0.6634022124462985,0.3374180073827625,18.864044201138512,81.54512073385109,1.088000000000001,1.9273982485207077,1.2760180995475094,46.15384615384615
call_2a34be1bd407,human,train,6.305566669182761,4.907366745728371,1.4882885126630616,3.0567582408351286,5.204253580769714,2.0157000498544178,1.5783251835296976,1.8527318068833647,0.40472714521473535,1.8720379124325928,1.2192081067255953,1.5313461311501007,-0.0540934999431954,1.3010498453880825,0.08690508044919967,1.3540246699216123,0.37399572613037824,0.943800483627502,-0.14444069079722216,0.8206516680111932,-0.5680176289748176,0.7752082338440296,-0.003489734168697023,0.677928453195156,0.2832269820115587,15.325827953035294,328.6948259600266,1.6000000000000014,3.415386975206626,1.155047850606236,27.27272727272727
call_2cd6a0b37e59,synthetic,train,5.309806124957227,3.756832826301501,0.4498323084305061,2.4441993566905516,3.334130208530383,1.7453857108044502,1.2056251004264422,2.3269648981896216,2.121481377163096,2.271522524865467,0.9839256876665874,1.5760395558913551,0.08559330122417397,1.4606218043406813,0.4440883845125629,1.30337266603554,0.39342250958927927,0.9576923850621948,-0.16314245602731572,0.8030838586200579,-0.0019069288443255283,0.6849650632571886,-0.14349414430242247,0.6011838189571175,0.24979047819643674,12.4419242001658,139.7715748835813,1.4080000000000013,2.577294222222225,1.1401955594029807,33.33333333333333
call_2d2c74bdeb7b,human,train,6.188699163269729,5.071537332203165,2.8781947337779377,3.2283130613562645,2.1844738831366612,2.7826384863775044,1.8591717932866785,2.083072960971769,2.4802859750285755,1.990551654328934,1.3216286467125307,1.4873136510435823,0.6103697549815759,1.1980042960149107,0.6408451636365904,1.0888282459923415,0.794660194620897,0.9374179907340847,0.3006502062843781,0.7475265962285534,0.14672745982953672,0.6726903963220401,0.01989874398549378,0.5856774281606293,0.28417052702901424,15.0640738593628,813.5433488337954,0.8959999999999972,1.7320106666666641,1.4688155832803125,25.0
call_2d4374d86df7,synthetic,val,7.77622088220369,2.6104119553594582,0.2464834500461097,1.9820630022091719,2.043638860532313,1.84980559554199,1.1294358981945194,1.762324257333378,1.508869448405905,1.4358098494771274,0.5987412136606229,1.4538540637168063,-0.13757927215017302,1.28322857819486,-0.2546307040597129,1.1607041419014759,0.01293928487795197,0.9881535182970517,-0.356450392685536,0.8442640865795185,-0.14700722537931268,0.7645064882409153,-0.18889575847215567,0.7009085291922391,0.23213837106238283,14.77928165291069,20.82507487887441,-0.9599999999999986,90.94894933333335,,66.66666666666666
call_30c4f6565eec,synthetic,train,6.644643450006024,3.9820199044135083,0.06051772870790395,3.1131922472000912,3.081757368031895,2.705493932128648,-0.3029081253758856,2.2597942525790846,1.7473498266904184,1.954661971169137,0.4487169195905134,1.6743292771995193,0.26193188423786506,1.539828384168925,0.5519151052168811,1.3316219130070053,0.340903156859544,1.0524518588749054,-0.07530388279106608,0.8471290000078732,0.0809940640161777,0.7278889086643685,-0.2098975540737913,0.6325306892909928,0.2244533440499989,15.182611896477155,90.89620743402205,1.5040000000000004,8.275394560000006,1.9126985054255967,40.0
call_312805f2b67f,synthetic,train,5.777143110592657,4.140710020173193,1.2611363240523337,2.3047011609988144,4.091755431699214,1.7162196986525762,1.6682788585567019,1.8468882238874818,1.5436862171309755,1.7917208032788885,1.7626167050738124,1.5922199237793837,1.0408191807477452,1.4216151198405604,0.3702095058206383,1.2641402418081011,0.7714046470660898,1.0080108360356843,0.16394465169446396,0.8404391775104176,0.21060880014107858,0.6973504839280295,0.07279298302313336,0.6692527412944581,0.1892287024059328,14.7858040134847,408.4322094009805,1.152000000000001,1.6040071404958651,1.099387183092992,27.27272727272727
call_3332ecee2806,human,train,7.589244954995911,5.222986965809822,2.4444336390979093,3.740400252189991,3.1811483678705748,2.876681144578398,0.996422283640958,2.0207682280964216,1.0059758473326816,1.8064771214170834,0.1219998567582259,1.699433712901102,0.4998878724893261,1.2593622086202458,0.0006334881768421952,1.161779811882523,-0.31406846524037235,1.0657382104009583,-0.02631311985779245,1.1117338721045742,0.03834025247995368,0.8068688959486727,0.2709596925209903,0.7248273810999487,0.3706185295764733,16.260742749783745,22.377021601393484,-1.3439999999999976,8.757359999999997,,75.0
call_349b9fddaff0,human,train,6.49929573180702,4.7411664022450735,1.0250460402813588,3.239727858294389,2.39362134601267,2.8159875367102605,1.4693669355456005,2.124455268327694,1.2427532168002395,1.619998601111124,1.0688256450134008,1.645678613255077,0.5540759343265909,1.3327631533922994,0.39517062788625956,1.0873198976974694,0.34164958581395055,0.8421545924157869,0.1752097546501007,0.7713901082210235,0.12530056071008916,0.665727619672568,-0.06565670589154135,0.6254044359285348,0.28324671129298423,15.375743657854478,320.70129447767147,-0.1600000000000108,4.280156160000002,,50.0
call_34f4c668dbe8,human,train,10.826030401128733,4.248040577752037,2.966051654381464,3.603996186220124,1.5781951529393012,3.6849302238058335,1.3861186672048058,2.34824360182027,1.3408327483544475,2.1892486571941268,-0.3981279842415809,2.028995832711184,0.2759683500666743,1.5057544441832438,-0.1129676040300718,1.2216447579435303,0.13176766736522577,1.0141031323206924,-0.179339039738771,0.8903267663843323,-0.02135018120363269,0.8003256876689236,-0.10549889380903399,0.7507097308201256,0.35740017363343757,23.43416602319619,87.2389940105606,-2.3359999999999985,3.0097280000000017,,93.75
call_35966c559fcc,human,train,7.157699491503004,4.857050233783547,3.239864985373748,3.215295120204893,2.5072901658405744,3.0253442522973026,1.6198454775949962,2.031202350272681,1.576535250354328,1.5452121240866827,0.3706616890176084,1.5287792216030394,0.5921187868731088,1.293233983683109,0.35539469785657796,1.0454806471169165,0.30128572072532034,0.824626864493199,0.08212336602711572,0.7471926640842083,0.05139628583588102,0.6493013316103775,-0.05328339376468372,0.6301544588669094,0.24366620152414917,19.459900981059057,348.13475307239776,-0.38400000000000034,7.360061439999998,,60.0
call_36640e327eaf,human,train,8.832568175481208,4.4135674935100955,1.334339506579206,3.2380303097418888,0.09751644602526041,3.1338106750472683,-1.2938681414952313,2.286399059412501,0.41705173912865734,2.840950253308881,-0.7769621463273912,1.6024313223245974,-0.1045921556056695,1.3898706457325447,-0.08188494148812062,1.184775379979398,-0.10624173539538131,0.9742177877209336,-0.04526788412578977,0.8557436787619167,-0.09744136690587747,0.7952533011972069,-0.22085428390834058,0.6763956200739497,0.32270702191140144,16.17525258850018,35.89636020239384,-1.2159999999999975,6.630389759999998,,90.0
call_36d72e4b1aef,synthetic,val,5.669097693856806,4.716445670505297,0.47104379552382547,3.6655823585988636,3.015995125188576,2.6795661450487596,0.1769571554086436,2.288887351579296,1.5835754042345633,2.055406452387649,0.8421689694940566,1.6833479714891737,0.31895383598793703,1.5584295387876133,0.40459018080577946,1.433379836133009,0.3752159589013393,1.0779997877239238,-0.06799421726118456,0.9001805114542771,0.09200874602034001,0.7209708288180295,-0.16230230200218604,0.661033240502908,0.23113919568236124,12.00972720416813,43.479689098308626,2.1119999999999948,1.1591341487603268,0.509768430418392,18.181818181818183
call_373750027ccd,synthetic,train,7.131787304779271,3.523827424586925,1.2974513373406247,2.218562466336691,5.776130026017995,2.763940567116446,1.2966956233464664,2.0023118991262394,2.9511868899632203,1.7935325590457911,1.4195877479904038,1.7754293177811475,0.3273059219718038,1.6643925042369878,0.1788309541866675,1.4567589635716953,-0.04062820659141675,1.1290626925061567,-0.29329859599613856,0.9244170364917332,-0.4696693701933662,0.7613096855614925,-0.4291330044989106,0.6203512111766549,0.2677382488564343,18.631427115305677,609.8553664470436,1.663999999999998,5.459598222222215,1.4041936989303563,33.33333333333333
call_374f870c8124,synthetic,train,7.898234746414596,2.4448708973006004,0.23913543506898152,1.8109537923981558,2.308930423997203,2.2210590481308,1.0485417017029488,1.8457254438948745,1.6726999773256253,1.570810400925771,0.7760339866920567,1.4902923711939826,-0.1833092024727,1.327152398967684,-0.20361401576482552,1.2854966822721132,-0.07586552635968913,1.015594847042833,-0.3636351942260742,0.8805599148979186,-0.17125029823030957,0.7775677860579924,-0.2296405737468476,0.6958003074485095,0.22649345354686018,18.483750830342693,579.6085132786042,-1.088,10.179379199999982,,60.0
call_37e63dcc8185,synthetic,train,2.7082482561422268,4.103785413462393,2.2190541430737802,3.2363412219745853,2.8663090975362566,3.204133471158698,0.6966279217712963,2.09654795300133,1.7561509328955647,2.106069630928911,-0.45491946405223554,1.7428668078040734,0.3677401727755186,1.388492425172063,-0.23063727016927085,1.2356697869951372,0.4011965178266158,0.9755950046915384,-0.21555121304585606,0.8104782211566574,0.07029738413388054,0.7796300997765536,-0.21492480719782328,0.7130604445162275,0.4043725625232877,9.878399017004277,10.494750133267047,0.06400000000000006,2.9896922130177477,27.01676008413638,61.53846153846154
call_387c5493a07f,synthetic,train,4.786569286975774,3.9161405409658943,1.1605891800752073,2.3634741895726235,3.932251653512174,1.5211399895131859,0.8830936491431529,1.8917913644446767,1.7848871847770735,2.0366163461448545,0.8911371590704056,1.4415857525464055,0.2676518936686549,1.319517494289239,0.3610068415184843,1.2270131510943563,0.3293185647557655,0.8670309577566283,-0.09103323627024595,0.7897318178524869,0.1341487840642677,0.6785110575074494,-0.09929542952264339,0.59222122627701,0.25575863131523696,14.41109923502676,137.29120146965246,2.687999999999988,1.0875049256198357,0.38795946517187097,9.090909090909092
call_39880aff21ed,synthetic,train,6.408847135972218,3.7672066863427807,0.15751028011835583,3.133758288264187,2.9021635022866783,2.6596375158606524,-0.2721807076244107,2.2167096205495658,1.757507755665174,1.9379367565619394,0.1455708943791535,1.7089042184449874,0.13928032705292978,1.5618607468899655,0.3715551369449732,1.2716554267711229,0.2644551513618635,1.0048761350557078,-0.09709807643099438,0.8285894990166683,0.0713635440793422,0.7400870288031477,-0.2353429573024033,0.6425721590842275,0.23737793446990907,14.838375529178606,69.29277542521604,-1.3439999999999999,0.0,,100.0
call_3adbf4ac0f30,human,train,7.226271499718644,5.1450603115108455,0.6848556171860746,3.194870684622692,3.623296496235908,2.8843996964886944,0.9111756856754476,2.0181351646517722,0.15761791333316955,1.4763184877764914,0.5239862893256936,1.2470316258819345,0.2036242537417862,1.2212616031769554,0.18581230015154468,1.0544013364231735,0.5968908740269306,0.8141821145763567,0.1851610608849815,0.726441871421571,0.13671066118058323,0.6537229038590192,-0.021792615780028446,0.5621504964624552,0.25188773942387677,15.893483552230201,98.8054147352194,0.5120000000000005,3.0577973017751514,3.415343468220605,46.15384615384615
call_3b1bf9fab29d,human,train,7.5666767401108235,4.4101925174297865,0.514198609312155,2.975021978287125,1.3473149962968625,2.8980149108301476,1.1241197579679783,2.066627841412511,1.6188618497142095,1.780892043102816,-0.23671665944222228,1.5709408744981592,0.11792576165107041,1.4529334708705808,0.7520648605770192,0.9850869444779633,0.4717126416073518,0.916572505506417,0.316978016800528,0.8223301729062917,0.2844301510534034,0.7388386626943458,0.018521522158198467,0.6686391832956585,0.39763237503212523,12.925174241189396,30.99803006355929,0.960000000000008,3.8416417851239686,2.041677770251457,18.181818181818183
call_3b9afdd4a2df,human,val,9.272431867208311,4.621313115726908,1.4508932552229261,3.297270574543793,2.6241740030339753,2.8516728391624624,0.6634805374820507,2.092432020737716,1.17412705336575,1.6619025222308814,-0.10002670239438702,1.3966164281460187,0.383863302999834,1.1415768982048862,0.25802066387495326,0.9605906417240996,0.2688028800010972,0.8212484517656233,-0.03630736807696995,0.7502724601877502,-0.07836855947688737,0.7164943488371472,-0.19673445014587848,0.6302336971147603,0.3508725666904791,18.25030356070411,63.15972174551914,-0.5120000000000005,3.533813759999999,,60.0
call_3ca96b2dd5c4,human,train,9.158666327462905,4.436375161348195,2.3004295195838,2.874407393955073,4.127769310223547,2.3769606729390143,1.6070419410087178,2.514983391167737,0.2908090422338746,2.029178731110485,2.06599610253324,1.6759605372092647,0.8291335867991142,1.4529220380882768,-0.04250234299463636,1.254337593027844,0.6178712618597592,1.0826342920988965,0.29395586377237715,0.9221006437205519,-0.10647243138518336,0.821873393258327,0.10141555124123007,0.7061863824839197,0.2745923413666901,20.34644574747348,532.6851575194232,-0.8960000000000008,2.972170239999999,,60.0
call_3cd08cbaf55c,synthetic,train,7.365726635255479,4.237199554821367,0.10111764519690059,2.8675172168532574,3.1567798226021537,2.975690812612869,0.29150080660105104,1.8580882354556558,1.707626139591319,1.885589200993742,0.40269657033638645,1.7588520046266107,0.46317353442148956,1.4943995150783216,0.03184177734121075,1.1305995827271245,0.2567485099378119,0.9147154119902503,0.10716747303096506,0.8317997993670049,0.20380772362013888,0.7021576700931763,0.0453443840973039,0.6612716695556393,0.38976714017744546,17.61333329740333,99.42336281744335,1.7919999999999945,6.636994559999996,1.437631981518819,10.0
call_3d69be34ef44,human,train,6.029425308454061,4.815508131564775,1.8808850013337408,2.6649261340113553,2.003931785774212,2.7513792440869804,0.08038821836443208,1.8676238261555467,1.4711708527116611,1.8191495414060777,0.5231620047920434,1.3711588367087888,0.17705460603602333,1.2178126511983696,0.47894380021761607,0.97445384313249,0.346543868312546,0.7972977246664542,0.08697404939662595,0.7014200628633223,0.2149612596431854,0.6046069732732953,-0.019254475746015465,0.563903122347298,0.2509461254581466,14.994658839973297,130.64988817958385,0.5439999999999969,3.4976705306122424,3.4378787001469484,42.857142857142854
call_3f3ac4984431,human,train,5.431308161424404,4.660762930125145,1.233606481367214,2.9971048631614643,2.933603125474785,3.0343207313003826,0.5842177942031144,1.8629479504651867,1.4853177800456443,1.7581359283932672,0.6804066811171485,1.3900118095717475,0.2396996997053394,1.2245693643187574,0.7048871126240819,1.107731784352779,0.46221846310718384,0.8404814773931041,0.04280527603206855,0.7170762147229705,0.2679209612784985,0.6307785858730561,-0.08238711039322255,0.5536917492151304,0.23770603983242636,13.62637855957366,85.36143273559793,1.024000000000001,2.823147102040825,1.640842126059989,28.57142857142857
call_415d987a1504,synthetic,train,9.029550207028986,3.5474566807302237,2.685353141566774,2.4341798974999693,4.447077128960381,2.8982872902012993,1.0021152321106543,1.9493953175047136,1.938728093425878,1.6457215223460218,-0.7807555213371701,1.8212649872315858,-0.016567491226401998,1.28064031990822,-0.449048450130081,1.153023101918737,-0.016240821162025045,0.9020649370059044,-0.042911890201467406,0.7884253960172212,0.006513724073823501,0.7249878482608426,0.022188042956456766,0.6748905012668889,0.41407790741772627,19.891779692002594,39.816018298206934,2.144,1.0373119999999965,0.47503971530864236,20.0
call_41fc5fd779c9,synthetic,train,6.476244358884184,4.0198478381635585,0.06598725847477395,3.4076538946898385,3.1251163078020014,3.0197058007982984,-0.49739198613224195,2.152371829052283,1.756812926642005,1.815127151819033,0.16636896307193486,1.6953291063488491,0.23001592009076258,1.6894441421441253,0.3263375959553514,1.4002572719803918,0.2094542080879898,1.0526344510058723,0.04149519944634509,0.8839096555629603,0.08743597265247773,0.735815122618749,-0.24063318791626828,0.6016427297519171,0.22787231405658392,14.980154104554593,65.9294186571961,0.8320000000000007,2.0092133877551,1.7036865913216233,42.857142857142854
call_450b4e13468b,synthetic,train,7.564080234444708,4.416431874953663,1.1862973036232778,2.9644218108610385,4.116304019624156,2.765044652832029,0.904355816656279,1.9029118042062176,1.6970526610969958,1.7958475700663588,-0.4543001745523176,1.9299899815883401,0.08515666656242059,1.3714375262370633,-0.30300671516199207,1.1905604311329363,0.015617930476161224,0.9606291404462145,-0.06480109194483141,0.7751261741263401,-0.01941510775896388,0.7321829989532195,-0.09393424057390198,0.6642187888252087,0.43564702938734057,19.32214439452582,20.70941261945318,2.687999999999997,3.56470783999999,0.7023970942455092,30.0
call_4789ebd9b148,synthetic,train,10.234629761260122,2.3584341049187603,0.7281001507085303,1.7951407187796056,0.33348244794369664,1.4668813220991452,0.0009601747307712294,1.1774323556531976,0.14219451421687057,0.9871685537330801,-0.23512235724953662,0.9280882248779377,0.17091482657512447,0.8534722709648047,0.03293868614796108,0.7306359393268993,0.23316588421915868,0.6542626250204749,0.003638820351690983,0.5958320402258798,0.09306471316979903,0.5708819931314459,0.0444987122831651,0.5323382215351558,0.18803756025523718,19.294615913429325,157.8313067857115,-1.6640000000000001,0.0,,100.0
call_47bef2f628eb,human,val,6.003024091380355,4.8093824466960555,1.4253397928573723,3.106847801058014,2.5929131611188616,2.176432473956,1.2250889172273949,2.323642754783143,0.9126708230704148,1.776783557494827,1.3066976336808493,1.5752139091936825,0.6796396472862474,1.3515905820505643,0.14538014588241405,1.1736437966181406,0.6339583231036162,1.0662614224948819,0.04160473787150832,0.8730995099109916,0.13852350065008234,0.7229777405607748,0.011071427100073139,0.6978955116669651,0.2950788279116068,13.554416893297024,107.53140898284718,-0.9279999999999999,5.971343360000004,,90.0
call_486215b37ca1,human,train,8.334577951966608,4.927415894096261,1.2227310192084713,4.335314392888304,0.32995235816653695,3.078422050733455,0.51712722326569,2.0069682602628047,-0.12907638113808126,1.8014107256918206,-0.23817412526895723,1.4433201067323809,0.040412618280731706,1.1580855774947,0.3313244524742617,1.0588321518854371,0.25240719959252234,0.8268535135167504,0.109385003243527,0.7903837616820019,0.19677668894609635,0.700547866831589,0.06111499084893973,0.6836001647163621,0.24600896428938795,13.11232137268751,28.63368961473649,-1.2480000000000047,6.246335999999998,,93.75
call_488e7b893457,human,train,4.581064784297745,4.660437438721059,0.2874251433826984,3.267645076508032,2.687476320387337,3.1361571732567826,0.3932883767249312,2.0383581883816144,1.582484600764837,1.9402473690714843,-0.172088980614899,1.6521848131932375,0.8642686502010681,1.4015078348674401,0.4951149094195173,1.1147553640494685,0.6047147014406655,0.9699098689931691,0.42637348873952974,0.8346412747821023,-0.13764622016978223,0.7831709978306715,-0.0991160289466442,0.7257150831494544,0.3796859967031435,8.769691415061516,13.882917400058002,0.7039999999999935,1.40190914878893,1.681850063035793,47.05882352941176
call_4ac92327c83b,human,train,9.180963552842002,4.025292931112238,3.4789835351210736,2.9554984657654035,4.551310138674115,2.852924744167356,1.8633099788940017,1.7646694903910678,1.629456353092935,1.6348747397560253,-0.4812678765434538,1.6408897179416175,-0.5060610686295969,1.164724825034116,-0.24718094142360525,0.9967018611012658,0.042360800043901026,0.8957817165530331,0.20102099472323268,0.8204449604147944,0.1520398318550622,0.682654179434236,0.05395056846527513,0.6718059162006783,0.4160725248297971,19.963962738637697,81.00632908624027,-0.3519999999999994,1.974522775510199,,64.28571428571429
call_4affad158a4c,synthetic,val,4.673181428735569,4.384219629587019,0.22683937950013242,3.286012913506026,3.0113656399768622,2.7232153186652486,0.39384387808586124,2.086806963545424,1.3746909688496751,2.0397569050536237,0.6075359323095799,1.7737794636792312,0.2547766773805329,1.4947148131464063,0.3894834905248692,1.4958797617672042,0.30449374635007276,1.1123682464572084,-0.12873199257397772,0.8762605550238035,0.09816480809136235,0.7290668261630583,-0.15655514343154697,0.6547570200904084,0.21320960251264107,12.691763007178174,44.72533084032321,-3.936000000000001,3.097599999999996,,100.0
call_4b1bec58d02d,synthetic,train,7.653617550869413,2.622931905410128,0.1477762175301484,1.7859239606614237,2.15224695460508,1.6680165691252542,1.0766912771493082,1.8534906319496036,1.5125991299281591,1.521607569989067,0.6817427078970235,1.404041190576973,-0.24108093040390396,1.2921645207190315,-0.1518850962661681,1.1826896202767578,0.03748822096321883,0.9802147919027867,-0.33864799128788453,0.8472703194061565,-0.11746594952872824,0.7656202180623544,-0.20114292420849728,0.6754573179400528,0.22486667655638817,13.920627460309817,96.59183007173132,0.06400000000002137,16.2890396734694,63.06200382582177,57.14285714285714
call_4baef170cf46,human,train,5.3177167822535685,5.74152590749224,1.1087618297837132,3.698917652200365,3.0157369780109766,3.978874374561646,0.4178295894154462,2.38768051089214,0.6493551924615949,1.9180336352341028,-0.02336542506443423,1.5368235529832275,0.5783084063271549,1.1805261133313028,0.6445851366806661,1.1182696391937479,0.33948599819276387,0.9959740548113023,0.285354980929893,0.86724776459245,0.22593634776145,0.7929660733586493,0.1673014241043871,0.7639460456227789,0.4168840355060618,12.002755357128613,13.917734153092283,0.7360000000000007,4.620943360000009,2.920703750292971,30.0
call_4c278007298d,human,train,8.297627950230671,4.686426798617012,1.7118930489748792,2.956829756019931,2.8852823608571585,2.7202839961110317,0.5002678103435656,2.0509631214166606,0.8149098775912849,1.6826000065083837,0.9440995125401624,1.4454846510775394,0.39935608623120056,1.1727719532070713,0.2972067417018281,1.1174253984392393,0.7569643959602935,0.9461764876358447,0.4336572799499003,0.7313949011162376,0.14927461121506608,0.6564785486800571,0.12244901200457597,0.5755354752200692,0.25725030544143823,19.950532075981748,719.4203784686649,-0.2559999999999931,5.63220480000001,,50.0
call_4c8c40f7c2fd,human,train,10.452591867015656,4.266314882453281,3.768227225737858,3.1069235314754113,3.1638717706615083,2.247546441040025,0.4827627026342318,1.6772129681631462,0.6040707429823216,2.049801698216395,0.9294605825145785,1.4171517282677022,0.10238443910568717,1.3230541027773441,0.4181283959381444,1.1566075988433202,0.5827236411332576,0.9364379068291605,0.1054187935220209,0.7856295994372989,0.10692860878401744,0.6963814422514372,-0.07831551141385523,0.6078498622266176,0.36176460976530816,24.213456704949465,1906.2263690260295,1.7599999999999971,0.7137280000000017,0.480013773907059,0.0
call_4cd5b14fbe3c,synthetic,train,6.666723650154335,3.880194979550181,-0.006915943245873968,3.2677191207615226,3.3341573013001202,2.581874078596949,-0.2778000758067589,2.224606927766477,1.6477444468906408,2.035784825359599,0.35147314476529934,1.7118338462178777,0.19832709712897623,1.5798326441497132,0.3856939166653989,1.3016467675048133,0.4101681586505326,1.0678643177474563,-0.03234794457341063,0.8378454060060666,0.06754386299535098,0.7297005340599058,-0.1756590765442677,0.623055596303318,0.24381863083265853,15.354085734318296,56.580166167262036,0.2559999999999967,2.560655360000008,6.250799948806644,50.0
call_4d8129939686,synthetic,train,6.021419630226469,4.0846510557146845,0.3351602672928351,2.9738977625478142,3.1901775680962854,2.7073472957939675,-0.1824246639970151,2.0315954184832847,1.9069623302603695,1.8740509330731738,0.36637816548799396,1.6440947640421857,0.3035720673402684,1.5287387818986222,0.2998890341522221,1.2687757926109646,0.3739950486525717,1.039573334338456,-0.06542039086178489,0.8524210009051457,0.018040103377172892,0.7472986298934513,-0.2371894505263013,0.6245035994769585,0.23623525069662973,13.933135525668703,64.40797147790074,2.463999999999995,3.5884646399999993,0.7688004556869958,30.0
call_4e60206f7e8a,human,train,3.5765969148464025,5.205549731680141,2.1873535645093805,3.563478510787608,2.070293060088944,3.238072702102895,1.1038905443804807,1.7834424169238394,2.3715664262524165,1.8126455213078123,-0.20560527780443721,1.56427337993685,0.4924481237165239,1.259995240207117,0.5065187549514232,1.0170550609076918,0.07921943563776601,0.8506686265254444,0.24860721137586067,0.7066933913378015,0.08846398873199487,0.631910802800786,0.011068901839239371,0.5240007749452087,0.3311594853009338,11.818828751242485,144.01916828169877,0.5120000000000005,5.354837333333336,4.519633097203058,44.44444444444444
call_4e9cec0da4ea,synthetic,train,4.320907405838559,3.776798674895662,0.8718846877387768,2.1400204008502466,4.048453580368431,1.4189695200911085,1.0656436747488933,1.875932594873359,1.8540162431242218,2.0296068024272063,0.7049551315249809,1.5099911507138657,0.30635496904408926,1.3261820032410796,0.33320555903544913,1.174257267140028,0.292545925701059,0.8632114197281107,-0.1126671759882771,0.7705158078741032,0.14736956751183683,0.6138171148868867,-0.057536125770981106,0.573363060394371,0.2741017362190893,13.578717004434317,138.73299484210585,2.496000000000002,2.1571174400000004,0.5884266231751202,10.0
call_4f0dad5104b3,human,train,9.702994040692513,4.650354377080814,3.2382242050539816,3.6665714807626753,1.7977276797731232,3.720192551536278,1.74071930455249,2.7207324564985442,1.448039172050136,2.322174969626189,-0.37081559648072493,1.9651173235029655,0.309368736574985,1.5089335230981145,-0.16733936398202287,1.2044768024963972,0.1070913366816244,1.0452944049806157,-0.2562243442081913,0.9347438902596291,0.006053271266765026,0.8104290149289547,-0.11207663245961053,0.7792807375614815,0.3642250577023844,22.581492140426562,86.39863733769808,-2.368000000000002,4.7453413877550945,,90.47619047619048
call_51851f91f064,human,train,10.328608891907841,5.661049450748773,4.185834776430903,3.4389511716613823,1.8794866759284554,3.0077768811151637,1.2558552680432387,2.155714962121255,0.7045004069370826,1.8670561471000657,-0.2984045619015654,1.5475628751087143,0.06724681830100449,1.1855517381147285,-0.18720689308425556,1.0058392318850222,0.10463119270982063,0.8176792020351739,-0.2929483798874224,0.7815257273334424,-0.05543459945994131,0.6977886361251742,-0.26792341076814785,0.6509680599013942,0.40612954699887766,19.779180427072475,126.48832666501659,-0.06399999999999295,2.426022532871975,,58.82352941176471
call_5273f6be303c,human,train,7.622007155537753,4.217802756156534,0.2955310410437081,3.2673187331315408,3.6333243889543168,2.5391668537885392,1.6848363199192078,2.5382397936623424,0.5822016201424034,1.996443706381547,1.7781339360420931,1.7345803220354155,0.9858850671625046,1.3876582353501905,0.465586564487519,1.3921549635011614,0.7177561123651495,1.10437441258914,0.3538840636054756,0.9037930171499554,0.20012327333167118,0.8488324037261187,0.31547277797981943,0.7006006113450873,0.26959596707879313,16.051485746732645,157.15679995825872,0.19200000000000017,15.539690792899412,20.531465885007933,53.84615384615385
call_52ba7c3bd761,synthetic,train,10.592092584630242,3.2978426548188544,0.5830639588624127,1.8437023080348058,0.6405759599632086,2.1384086446923427,-0.012346854264476206,1.2376955618277856,0.374258851044888,1.4966337048887237,-0.18339581868943178,1.2188343787913702,0.2149768654222994,1.0719083893609531,0.022131736916615297,0.8296624874798457,0.268283240712565,0.7168758164481743,0.057117183523516524,0.6673913237799678,0.11119521271711699,0.5923620735694345,0.08469745730571376,0.5651196119345177,0.22651820749807022,17.111980367512565,82.48577024435609,-1.728,0.0,,100.0
call_52bfee0220ab,synthetic,train,6.996604585142393,4.441955006303433,0.2459097370021788,2.955932816694888,3.2827440130541667,3.1097326982891875,0.48344529695576655,1.8558179217333037,1.6573995347522743,1.9274744256754446,0.4546449785812614,1.8725938347179931,0.6582521611995267,1.5010662285705967,0.02162777853296438,1.163679888136118,0.37847378906940304,0.9787554041709449,0.17122299615658632,0.8195457718793658,0.18248522037567416,0.6930405755491544,0.0430555177525167,0.6615902992868192,0.3894436894798646,15.66743343176389,52.37475246819133,2.2399999999999984,3.059797333333339,0.7809051960193824,25.0
call_54a09817b7e2,synthetic,train,6.152225768726886,3.732786945952706,0.9573553757363382,2.745338614589174,2.8444104512885815,1.694655188827578,0.44766563749326316,2.2882503500802645,1.5167753415618679,2.2968238359332305,0.9133798831987896,1.5312828072743283,0.23423978340410245,1.4649080092468203,0.35002302977756594,1.2951710052017686,0.47642809153258037,0.9785645628566398,-0.04046001138358128,0.772332437845495,0.06418536850236373,0.7060456957177821,-0.2277681583574106,0.5992021856404758,0.2473077707312173,14.991792237867102,151.91070157135437,1.9519999999999982,1.662606222222222,0.6605639786761413,25.0
call_565b6523733e,human,train,7.796727103864422,4.911827782640674,4.900451073651719,3.3752618904052905,1.6658309238808005,2.674861303738174,1.7717284080684033,2.0424651451995226,0.9539745950717103,1.7649271918509195,-0.47120622993772965,1.4988904480722687,0.1759680781680712,1.1748602893112763,-0.3768907933126042,1.0102646896645282,0.24244535954566684,0.8286728812194989,-0.25418564632259766,0.8081632794188157,0.17406817009880998,0.6659416763389446,-0.08423566053826326,0.6838985472148874,0.41559495799999974,19.506920254623026,94.23063777428088,0.6400000000000006,2.42143886390533,2.4314020597859503,30.76923076923077
call_568b5e814bc3,human,train,6.373193560449993,4.470955689802148,2.035720555153816,3.0593552995587117,1.6051757566271416,3.111522198648445,-0.6765986763050438,1.8833459537384094,0.411186230860218,1.7979812978120266,-0.653220084459939,1.5576887116114957,0.6860145002900941,1.3277493298001437,-0.27922137453675744,1.1697540815452623,0.09753118837373356,0.9036908498587887,-0.1310131430568645,0.8334969749733877,-0.035294321387450034,0.7852027825333773,-0.13290623768364512,0.7407694477073331,0.46888558859885204,11.37789477150632,4.308638774419351,0.671999999999997,3.387162122448989,2.7387268464912453,42.857142857142854
call_569ffb0869eb,human,val,6.132865565771519,5.376160416160539,4.369740840897768,4.171960485957185,4.2297779575748,3.0811825506799453,1.9543945373236822,2.1396811750038185,1.7830419984758634,1.7300272149930211,-0.22150696641817014,1.5417291821263404,0.021007046429542597,1.1397428274365697,-0.3481572325378986,0.9081087471192804,-0.10619354237713916,0.7966479765433537,-0.30927242945899824,0.7394615811405598,-0.0777217050779706,0.7281898225173252,-0.09717307637802042,0.7074696716178315,0.35662805598686487,16.464421843026393,59.599869806034114,1.6640000000000015,11.112094024691354,2.00329373023429,44.44444444444444
call_56f58de34ea0,synthetic,train,6.502835437123588,3.6542007343559084,0.3603966392535267,3.424945066916372,2.8202713322379296,2.900822636672691,-0.129910524844268,2.0456417658634396,1.6084206253054112,1.8623584771923452,0.24022421044799935,1.569569445835219,0.34320747589718964,1.5684063565914086,0.5644567481974452,1.3009232517405676,0.3620499058212357,0.9448525508309603,0.021020671094969464,0.8461832269630489,0.12332536789762427,0.7467973452683174,-0.2317100537820883,0.6120171486584204,0.20941331414478162,15.269806679886813,99.35929493898257,-0.512,0.0,,100.0
call_578504f9f39e,synthetic,train,5.236917217859061,3.6468713121630048,0.6781798628869299,2.3834244122300623,3.563690302505671,1.7887548559723152,0.7367557979810776,2.5560696637494495,1.978641193872555,2.2780211085495687,0.8500151621785196,1.6478065693846915,-0.08995915938726581,1.568573591004436,0.24207791734505701,1.276852011996133,0.3920088140984379,1.063263066560067,-0.13494926231596416,0.7991256417593878,-0.020137478750484522,0.7019291138270924,-0.17219122093417347,0.6220021280201734,0.2540927825979021,13.320025797258381,144.24984223985484,2.080000000000002,3.8757759999999877,0.9464899340543816,25.0
call_57f113803718,human,train,7.649156336608297,4.6518807194105944,3.48383780704604,2.7859976137305935,4.247399838074007,2.40307729562718,0.7417317952677349,2.4919980309524026,0.9205231082628722,1.977200696566192,0.3706610499308187,1.5083581208869465,0.24538217782874414,1.5975265317117562,0.9777071004925912,1.3767780765998174,0.23933308130610986,1.1440328787004181,-0.012724393646160759,0.9108124180145084,-0.29095787975297127,0.8802414698106725,-0.4659765246236304,0.7681560125062804,0.38893102267645757,18.577554004848942,334.7035251625943,-0.2240000000000002,20.066993632653073,,57.14285714285714
call_5823cd70919d,synthetic,train,7.9291546002101185,3.7740782084197595,4.634150841364575,2.5861629902116547,2.7643844034648257,2.4640336974253083,0.7957634537196325,1.617948994692292,0.20032894769470477,1.7308020091975844,-1.2734177556848265,1.5358613700907948,-0.2652490174609836,1.1680787641175934,-1.3402194258169753,1.0443859168240115,0.05472825731899278,0.8840098920597033,-0.4004599899901107,0.7514953548540896,-0.024574727536566233,0.7357545637637551,-0.16822407331143058,0.6883318116412578,0.38458477498032184,23.773640931097056,133.1796944646237,3.5839999999999996,1.734082560000001,0.36742346141747684,10.0
call_58a0f7394bc3,synthetic,train,7.453530779436589,4.3776667118713615,1.1651973430266698,3.182645478842893,4.041479922840975,3.002237695555815,0.5755430871655811,1.8480294519899703,1.7649351156958706,1.7358717636298076,-0.3812822817096461,1.821004405081465,0.08400528792607259,1.3904160112935053,-0.38841252825698536,1.1136192865203565,0.07831186583562266,0.9313441708748428,-0.13093653835672917,0.7839644949239553,-0.0502990222167648,0.7077647758072132,-0.08735889484730464,0.6919803980761183,0.4582582207848879,19.972391348969765,23.383222624258188,1.759999999999998,1.455668244897956,0.6855174845491057,35.714285714285715
call_58ed2170e352,human,val,10.60204538261749,4.870435546725874,5.228442814491637,3.103932614219526,1.4704703288012815,2.8295791409071387,0.6924061703225666,1.9904219838296628,0.8901864054989885,1.7305876235718243,0.08214089252130106,1.3921703624902768,0.18488543653656364,1.1304220639205287,-0.351980940532695,0.9947579171193017,-0.10479395519281919,0.7871094348520482,-0.21939581677544434,0.699488045298469,0.04556626938779472,0.652961907225947,-0.13791845493220914,0.5915528171080264,0.4033759888130136,23.610298508929112,204.46151850879838,0.7040000000000006,6.004422530612244,3.4806709116117402,42.857142857142854
call_5a6307557d57,human,train,6.210391925731713,5.040873308532205,5.245987318470846,2.903226505479176,3.213477158658912,2.961618484178434,1.3709110958079762,1.7426879163456188,0.764257561361842,1.7192152482628884,0.1777278132128367,1.5269228964429629,0.08129085244060738,1.1230934371894243,-0.1955237173948765,1.0082828817736402,0.07985939682098933,0.8752811761897531,-0.2543125097775826,0.8008237400352399,0.06447921042863552,0.6758106856666795,-0.17284625607398096,0.6476920307478776,0.38348131645184086,14.862474389356422,85.95036079477717,0.9280000000000008,3.2104447999999954,1.9307881616296407,30.0
call_5a7a7e3c9588,synthetic,train,7.08620606020877,3.6808102342184323,0.8470547914214508,2.948511904251871,2.404656103642928,2.3979525919977482,0.2515558389919882,1.9805250792016789,1.5761023911085488,2.180943932066104,0.6784745318050267,1.655323462745314,0.23934529912644092,1.5064450219914798,0.39696702914810084,1.209421245185596,0.5787526726519072,0.9343817661286183,0.19757899661848158,0.7692705054978327,0.20356040831661248,0.7055143773429728,0.017176061649650354,0.6178432160515265,0.24678216296303815,15.223221468498295,184.28826629446684,-1.408,0.0,,100.0
call_5c9d19646f57,human,train,11.573507829565854,3.965416824284941,4.105350561959418,3.058194439220646,1.669335799678115,3.1963529034485836,1.6286490155794913,2.4049057856347216,1.5497743352137263,2.045978402338168,-0.06407681181144853,1.931955661992408,-0.1530977870175858,1.5124142446013342,-0.25010861231929116,1.189649217140114,0.17046030377624483,1.0008165429860498,-0.06439954465182054,0.9571333365053327,-0.1354593498498548,0.8891591874994592,-0.2126261469756528,0.7643593147650395,0.36077330244949873,27.37472634237001,167.13769688055888,-0.6720000000000006,16.408888888888878,,75.0
call_5d86f0ca06aa,synthetic,train,6.7531964952560735,3.7070188134176836,0.5424100323724685,3.0631258906116665,2.870890383568692,2.6093890124670014,-0.4712319699977331,2.0816481021698765,1.7530341034783923,1.9689209038294961,0.44838814858552106,1.590996816612287,0.3227108867080025,1.4506741581914355,0.5319208935079838,1.2272411662179439,0.40959172915181974,1.0028190524525318,-0.1260499437551166,0.8678631745160625,0.07554107401236762,0.7224420699648022,-0.2081419707014491,0.6319253672918085,0.22704873458812763,15.522657068996452,87.953405226762,-5.76,0.0,,100.0
call_5e4539a471f6,synthetic,val,7.7993137241531665,2.6757959865701753,0.011164695684787822,1.845954629327547,2.0376231149131807,1.7612058007140001,1.1242121145694004,1.8187698531629464,1.3797926721731657,1.4534973601262469,0.6664752196605441,1.4161313540011877,-0.22419976461683166,1.3230391582536742,-0.2139028322080647,1.212580110651408,0.006986832903679151,1.0074025062622125,-0.33156414302578685,0.8545536686866878,-0.11338407500374417,0.7732981379001916,-0.1891621888912885,0.7049570911826151,0.22323487478587595,13.72185606025743,68.93630268586313,-2.6239999999999997,10.240000000000002,,50.0
call_5f7a4b3e8ca9,human,train,6.4710927430007334,5.699636937243473,2.848194285363009,3.3442984542960774,2.6252387424142425,2.8004973090025738,1.837967200796711,1.9339515411648265,1.5788032384779234,1.6502029342378417,0.4148706828022485,1.4118565831291605,0.6743357526172492,1.3644312106717107,0.31957337831596755,0.9994571472781182,0.26470110626995386,0.8344534424673463,0.14939678573653098,0.7073124955331294,0.017811893111443315,0.6683149004184145,-0.10562853566299098,0.6209812460473556,0.23207898910147562,17.486713766424216,263.8359326601877,-0.8960000000000008,2.8736912387543256,,88.23529411764706
call_6058d9c5c82f,synthetic,val,5.480420290089241,5.096660801908705,3.7390920283200475,3.3376869643577836,2.940544357633545,3.849887467258524,0.6787490268948029,2.1370384198318066,1.9430241235876025,2.007193738361253,0.01298209718917916,1.7410614237436097,0.7139928132538651,1.476347555326309,-0.4824981585820466,1.1869867169914297,0.0838027379697995,1.01208280091772,-0.36862632868394946,0.868281993482711,-0.11179076136027351,0.7617009076146651,-0.32300695828788756,0.6736662123403984,0.392337739686303,14.421055101506099,26.64808323335817,1.5999999999999996,1.450728727272727,0.7527887546256978,18.181818181818183
call_60ffdefc5f5a,human,train,3.8143471120722037,4.575111104592211,1.022988070024107,3.243174748761918,2.525030372052662,2.5706245356444506,1.2905109961458625,1.901698710648413,1.4089004129742653,1.8340862577019061,0.5038718591457136,1.2743147096303,0.14957406052862723,1.1803673322510486,1.1428137442987094,1.0388583510144083,0.6240524142653054,0.9182916992159478,0.7092777466732976,0.7899471278879319,0.2527798260618115,0.6686027921958526,0.051830578849809905,0.5922778324181497,0.2756047117610345,9.894703844477306,103.10710027917384,0.9599999999999937,5.079513315555561,2.3476849642484194,33.33333333333333
call_624a4731ab56,human,train,7.073966475100404,4.337656022693141,0.988286151095167,2.5498598770110035,3.068627224266062,2.2349540766939393,0.7533094280150601,1.722330599420011,0.03445170516485825,1.4910241244740199,0.39805942360783064,1.3044232119534251,-0.00038944526642409327,1.2382368112723807,0.16900354347250524,1.0954345476929157,0.48457007280061515,0.8904250837463492,0.3198206491805357,0.7810501878633979,0.12637186155205504,0.6578677919062494,-0.030340510949102728,0.5814722279819089,0.2246515545520064,16.210855538460628,140.8694811386743,0.38400000000000034,3.248675990929711,4.693771839268834,52.38095238095239
call_63a156c6b8d9,human,train,9.218576596471696,3.529444681155472,2.0763983325844224,2.6783593502195684,2.292647351932959,2.0692516358332353,1.4441962670213548,1.9009996602500796,1.1529043851082657,1.450633511411653,1.6561078665332696,1.4536012201967647,1.0359161489592257,1.244405323923143,0.591211020017374,1.1327698569484828,0.47991928250654003,0.9041209789312042,0.2942729562821158,0.7953490347604371,0.12175111496767371,0.638613061486714,0.06886380967558764,0.58909335884972,0.28114428355372717,23.078724921523936,1042.607199764167,1.1199999999999974,0.6145638399999991,0.6999475198986324,10.0
call_64637c20ee66,human,val,10.83976557640818,5.9604311638594085,0.6865480870597095,3.4436091627899548,1.265001783567989,3.239347203210714,0.37463922475757505,2.5086775033810746,-0.182111787665255,1.837671631179322,0.7313228871692139,1.6452394482992254,0.5005683695601534,1.4044265100676627,0.2649268778211651,1.1375488562252098,0.35580404508751695,1.0989800898173703,0.17214164055125986,0.8938379203551604,0.10341293665881025,0.7157017287110371,0.06386251129688594,0.7691902103663603,0.301985616883887,17.841676239628377,212.31250408272416,-0.9599999999999937,2.310964748582226,,91.30434782608695
call_65a7cdefc22d,human,train,7.05433558803775,6.493588485467939,0.5761899286877773,4.187023060999458,2.4957191070918725,3.988863829155358,0.6243181436613903,2.364234994327051,1.6830538627878462,2.0473550703907555,0.48289198732844585,1.86494313450952,0.29778946838013765,1.4984531584401133,0.2459025194773824,1.2172720691168286,0.10958128290570032,1.0558106904541316,-0.007555715648263663,0.9179749055894132,0.01044643865894572,0.8075919169558325,-0.2249872648376746,0.7089546369305695,0.3745744110318147,14.15034676114336,30.484498553632207,-1.2800000000000011,3.6628161107266393,,82.35294117647058
call_6756c4a91509,synthetic,train,5.47897386406963,3.48602845591891,0.4151568914940568,2.4489177791909253,3.299116518174189,1.6124684921503538,1.0198061264808453,2.3566003579392603,2.0753916552540144,2.373460580515352,1.0347448375613053,1.5911400203110395,-0.14853574830151786,1.4743551240200778,0.3422376368278556,1.3611430968339762,0.4719970541869923,1.0313493807764784,-0.10099511333047267,0.8312656675226118,0.038513728180407936,0.7201187153273871,-0.21481499275244054,0.6342439779787485,0.2599677422471811,13.565117495578058,101.62211111307005,3.328000000000003,4.391251313609471,0.629666848678107,7.6923076923076925
call_678ee1dd2242,human,val,6.611567230242397,4.742946254406273,3.922923645045992,3.2034690569300444,3.529733390857992,2.8380495651012505,2.4160155451077534,1.8717752481931151,1.5065257688030056,1.5381768073997348,0.6137847677603512,1.4177803172294245,0.38451829957884426,1.2305032629608215,-0.1302053796828994,0.9926421539749292,-0.05521752804125901,0.8385058243274499,-0.2957346384142596,0.7696340590001178,-0.034184382990018025,0.6918110360000257,-0.06250280550453025,0.637799623078313,0.37527154372832705,14.474230377401966,110.08372206608419,1.343999999999994,2.504122469135801,1.177412152017031,22.22222222222222
call_68544c09a58b,synthetic,train,8.97088745038334,3.466867123619786,2.526207241138734,2.5105697237797053,3.801047517891475,2.9775551352443874,0.981192686564577,1.907355631829897,2.2373617773581156,1.7202036221627575,-0.661501808213252,1.7614202022081797,-0.04183639677742919,1.3757315372221353,-0.610073218939156,1.022447213405434,-0.09251220913669903,0.8745525916165533,-0.13568857724978156,0.8161381296349309,0.024623836165206595,0.6922932023762246,-0.026704538290639984,0.692494766395405,0.4160017761166508,20.656690790143536,45.17723303589461,1.4720000000000013,2.508758204081628,1.0760230950908685,14.285714285714285
call_6971b2685c1d,human,val,7.316613471472688,4.8468239114622635,7.056293411446545,2.2446580967653667,4.118932655221716,2.2308935808347754,2.312630937340129,1.6214135504216431,1.3213297358813856,1.3903377009879303,0.3219596837271299,1.3100634646006786,0.3277443288316869,1.0374790368567095,-0.16556868483307996,0.8796294763348443,0.09657200282366252,0.7637005854993268,-0.2904817314202497,0.6963402049028741,-0.16522319126645996,0.6177966361551966,-0.2849642526003845,0.5570008264552925,0.29381771765333875,17.819514826582612,778.5469900725443,1.4080000000000004,3.779811555555559,1.3808052174975671,33.33333333333333
call_6afd8cabf618,synthetic,train,7.557546046444988,4.44892314562681,1.5253423436732874,3.3226603725443735,3.8515335591300146,2.8971043227150557,0.618211043594896,1.854587010441098,1.4289670773611212,1.7809904999577948,-0.186722002419979,1.7269946581330609,0.08851849828630406,1.4071695633786283,-0.4728587900981408,1.159578051226156,0.18754118065169512,0.9855822949765706,-0.20078678580506729,0.8241239853426949,0.04735813013494883,0.7905740535383063,-0.00160637414023157,0.6919652729112965,0.3910825738738778,18.50164276632546,22.88402554079817,-1.664,0.0,,100.0
call_6b0cc9c966a1,human,train,5.657801865755999,4.255523103066655,-0.3529146308557153,3.4717440238322803,2.751634205614396,2.9711038834715677,0.3582861015724616,2.05606055299836,2.180026549563404,1.8956988938249517,-0.5051248357914675,1.840827246063053,0.7750376841985814,1.4085524230945383,0.67171886537347,1.1415005401101908,0.39333367064771196,0.9687638575163774,0.3263950921874296,0.8853428754466297,-0.003794040908609242,0.7553776842571724,-0.13196632122682717,0.7041468911796418,0.41928898228066674,11.698855335196065,15.551132384442598,0.19200000000000017,3.819459408284026,10.17887358481385,53.84615384615385
call_6b31fbd81fc3,synthetic,train,7.936524390497786,2.324428580537767,0.2614123348668255,1.9415957218659368,2.125152366710468,1.8972520730118023,1.0868650933603332,1.7857652200689627,1.4880345459783717,1.4004323575728166,0.5602129624576995,1.4973629399081558,-0.2257345425191108,1.2890650957584928,-0.2670431228420028,1.165389968756145,-0.01236614737032904,0.9752134379504739,-0.3255872994962645,0.8431806618663723,-0.1141343427853394,0.7672854836776529,-0.16855235674023294,0.7090651076048282,0.23891072910793593,18.54207766103295,23.472821964116687,0.38399999999999745,19.87743288888891,11.610446551955027,50.0
call_6b6499e4474f,synthetic,train,2.8344249590388744,4.147541072025298,2.378301257343555,3.0913583345077478,2.629269019457303,3.170784772146339,0.7350263744276948,2.162997223418665,1.8286419715247422,2.041030883800297,-0.33596121672791734,1.8254434140624003,0.5474562151412418,1.4030004698811605,-0.29922276799709374,1.2198362767732722,0.35186205055145575,0.9829866033638709,-0.20332207555673634,0.8364650725046363,0.14167335560563965,0.7647953943500844,-0.23808654698304832,0.7034846099816655,0.3995841546917864,10.284734762621305,11.039947509313526,3.456000000000003,0.6301152653061246,0.22968692138781224,0.0
call_6c8d4490f8d7,synthetic,val,5.04482739250365,4.759167609983851,-0.10850778759110444,3.2262190124792123,3.327600026538473,2.640473114151984,0.43904266659857694,2.1776526127984264,1.5594241319748559,2.1302464242684045,0.9960202238864053,1.736060227679302,0.11151546990820188,1.6050413935507044,0.30483509379163176,1.4715969826997863,0.41949645143106334,1.07101575133955,-0.20387913160210044,0.8671607447638482,0.01642175988344005,0.745568834255024,-0.13709758620283669,0.6439807029279615,0.220119319841263,13.00287696025373,56.318957562964734,1.3120000000000003,1.8735513599999973,1.04327539863945,20.0
call_6d88a2e95795,human,train,7.889164354436595,5.65308137619318,2.1950677892127564,3.6502355194903067,2.8245020485576955,3.0872755081932968,0.8097741981366384,2.211525752943037,1.7341347394274103,2.1132398534045476,0.384991530460095,1.635581030483179,0.2821132956985408,1.3661376933419933,0.04718470502874633,1.3278551776179253,-0.033193876369003394,1.0307352795178173,-0.19279587155661362,0.9382743871898118,0.17793212481378806,0.7969738498067105,0.14626997547033127,0.739973283546971,0.37333758069388845,13.499234632155513,13.22259737297884,-0.8320000000000007,4.279823944636681,,76.47058823529412
call_6dfa70c50ea5,synthetic,train,8.138510006574098,2.4937111251821094,0.3925892303758751,1.9985360396843619,2.1981921538027143,1.9738828686053826,1.0957310245779337,1.793609888983929,1.5633212425916372,1.4694225811401336,0.49268187869328756,1.5533685532711632,-0.24788109115876572,1.2880667769065732,-0.2870361463578718,1.1707247512129626,-0.004745143881889707,0.9615771078110653,-0.3047013931093163,0.8423417271188447,-0.09519607875918545,0.7648953724587013,-0.15324115670950422,0.7043948342064984,0.25278819395747876,18.81212930071476,23.404297331596872,-0.5120000000000005,4.27167288888888,,66.66666666666666
call_6e83cb807322,human,train,7.392558960537855,4.903692942441805,0.5194556264528255,3.242483746682255,4.001161246327772,3.5426260235964273,0.5504970289449392,2.142650406302039,0.7334859460592087,1.7422942771057177,0.032848417068809976,1.564347697377163,0.11787601666344966,1.2514304645530754,0.7551984897336853,1.1307764595658818,0.45375727867909327,0.9344734875967657,0.038573166689784194,0.8172406065233694,0.06750251076066727,0.7114918437370139,0.11863267535917377,0.7061874490700434,0.4118053291518852,16.959295258282516,28.152992345521408,0.7680000000000007,4.236912094674555,2.6801771900171483,38.46153846153847
call_70101b573bb2,synthetic,train,7.183675804236497,4.49167455794287,0.24593409332567534,2.8987385865546087,2.7271531370275897,2.9447317200279546,0.43009865449024065,1.7081042947008855,1.4578348706672561,1.689965422955221,0.471935425511659,1.6241682532364312,0.5618024869434861,1.3497303001645373,0.08732861927137103,1.0686869768385585,0.2767253478400599,0.8822783497050731,0.06506069086844159,0.7988327065103161,0.20362660841984992,0.686262136453682,0.03951328731007869,0.6571546851339166,0.37579364974260193,17.155969584004716,57.38013997479385,1.9519999999999982,2.647437061224488,0.8335525967192825,21.428571428571427
call_70de89818ee5,synthetic,train,10.442179855643065,3.3248850941410866,0.4109625555587747,1.9007070346875732,0.6933532608909997,2.301189823614814,-0.07821758440687977,1.2392329089443301,0.37639357381784777,1.436647879264424,-0.22190276108731982,1.2198662567796033,0.19520535945806095,1.0451987935042337,0.06542936640395425,0.8547238363750459,0.25221580715047587,0.7541450253062079,0.033600038391106674,0.6321001251306031,0.1049216962170799,0.5938800332820663,0.06315324046036891,0.5543040306309179,0.2231119737471924,17.445215924733866,67.44858212864452,-1.3439999999999999,0.0,,100.0
call_716d56beca2a,human,train,5.193800727414709,4.968125621612816,0.56195783536271,3.2118023680711834,2.503474773847146,3.128296795187002,-0.04952808278800813,2.0552376110151167,2.468259665915486,1.9507109307427026,-0.17265786873798694,1.5945756652564862,0.8120865361702692,1.4255746100077569,0.651161128052475,1.0748590573780454,0.43745096205134815,0.9071908065379432,0.1631208937964782,0.8800893832738812,-0.006641043667923174,0.7253505064361933,-0.1837985778171824,0.695647650107581,0.3823501598421769,10.882273996838627,9.804577228201532,-0.3519999999999932,7.23831466666666,,66.66666666666666
call_71fec5a6b017,synthetic,train,7.066340077807871,4.990023482784579,0.5322335314582776,3.0885533311864823,3.224708321444756,3.101420396759068,0.5496101755660208,1.7214396338997213,1.5587610366747717,2.0808154577678635,0.43818272207314196,1.921012399901435,0.8238965573318403,1.5226121513961985,0.056572524063430246,1.1858428199827786,0.40941114776701015,1.032481850187612,0.11495217820747658,0.8071485618170089,0.15465405053567155,0.7120351085924969,0.07485952564949018,0.6428564803979302,0.3823830347685395,15.910635544808216,42.28561745570221,1.2800000000000011,1.1800166400000023,0.8486607095889382,30.0
call_743448b8a861,synthetic,val,4.172450980583215,4.763463998220552,0.06442903874828554,3.2360847492662774,3.265972228033496,3.1071239508201423,0.34332334806262826,2.13096997302691,1.7429813290752507,1.9954902674294974,0.7461408646365064,1.8477085451342912,0.24073889853238867,1.7393199317020653,0.07150239679846726,1.4455829261355213,0.28146151554073684,1.0535022211403997,-0.11252231806427006,0.8995737984167189,0.11904360947231238,0.7884866471121831,-0.10406006646586541,0.6779578489549184,0.24991145136016735,12.340830566710864,36.72420149112217,-1.3440000000000083,1.091038674556215,,92.3076923076923
call_74b20933dd43,human,val,8.502679108840727,5.471226443809758,2.3336354794084597,3.4364003441927737,1.150589888999562,3.472266552536012,0.480840515398296,2.2005055434851135,1.4305136828228764,1.8244822168118566,-0.13342631741717556,1.7019189908649328,0.3050219798078807,1.36991810426856,0.00679964286770901,1.1757104112969314,0.43771030497997665,1.0017475821799826,0.05948324705903308,0.8600138646529379,0.21456496486520593,0.8096137541785634,-0.08975589409597631,0.6949609691126132,0.308668294990368,17.444284531366378,47.12009863828075,-1.5679999999999978,5.15713480991736,,72.72727272727273
call_750153d8eb40,human,train,5.754087542151215,3.416072638674601,1.3329872509097496,2.0127650015810485,0.3288707464004127,2.5392979331071692,0.6202067443159546,1.5270998582759359,0.46118893667436356,1.2278255724904017,0.3661483581315933,1.2011658893368407,0.16155653299477493,0.93702958433856,0.35400893697226143,0.8322976978314979,0.2687638478971509,0.7383003829438287,0.151292682808414,0.6680593598348912,0.03327388421490815,0.5901364385231168,-0.10200892542034422,0.5302381403250132,0.21815185129526038,13.681234420406795,159.14416519910077,-2.3360000000000016,5.161984000000002,,75.0
call_7519d635bbbb,synthetic,train,6.556145973528424,3.6114741369765815,-0.13040277124944208,3.2380749855549253,3.2414582400102807,2.8766497024822675,-0.08327892441008869,2.4223971142841703,1.7158605778272684,1.910650146447081,0.3414074532754066,1.7384430702253078,0.06873613452826152,1.549012090785901,0.3688280771874756,1.3404881887016564,0.32861089346959266,1.0133803163447064,-0.10061047555283595,0.904214108060979,0.06501531178669251,0.7532481847759015,-0.1590762400338518,0.610158336929883,0.23300739276727703,15.447810230128454,86.7390837110683,1.9840000000000009,3.1039715555555567,0.8880086548145528,16.666666666666664
call_7601ac7d4fbf,synthetic,train,7.3964203153701416,4.29651720730709,1.2882543350287592,3.0010293171788525,4.191447586223928,2.8517709674497667,0.6984744667440134,1.915518206289076,1.804535770275021,1.7888513552695393,-0.10182049207738811,1.8837007752202697,0.10524884342063373,1.4456827836915114,-0.36068267633441087,1.252483517817414,0.007035954855314934,0.9529177030465269,-0.1391359180923754,0.7742869359064556,-0.055332017354061264,0.7298057529652687,-0.05201548070605125,0.671208094593621,0.43800653025677017,19.18454848285039,24.342114541980962,2.367999999999995,0.3357048163265306,0.2446792203514269,0.0
call_76856257e3ef,synthetic,train,6.735541279143496,4.659458197226753,1.5432768429277073,3.2583355215044265,2.4159616456819766,2.4936319074771855,1.0825002889547228,1.9847541805155229,2.415546169588054,1.980925852104057,0.5631860580164118,1.5552272582431326,0.49925130038570575,1.3140267972268207,0.4253274052296465,1.1301931045370277,0.44087957666093947,0.8952608085786113,0.21512795076165073,0.7201334318165605,0.13459052042597472,0.6589069345870101,-0.005180824331302514,0.6021692567423294,0.2501124055082525,15.634960451309091,241.60533742500695,0.1280000000000001,2.767480098765433,12.996675738315293,55.55555555555556
call_7744ab92baa3,human,train,10.237157158000176,4.388051928966779,4.815397036420057,3.347741994013602,2.2962485808632387,3.344480741830084,0.692654999572426,2.090288541501574,1.8078361024826393,1.8612419079321594,0.804778709334395,1.497168772994355,0.5982208076162931,1.3532482770519223,0.340639950842887,1.1828137066532938,0.10242079678829556,1.0509152378699516,-0.04478934377323261,0.931115369867754,-0.09078725922135819,0.7320391679987385,-0.13294030739565404,0.6637155983591755,0.3343149835697464,29.07883330092276,5584.287982800333,-2.1119999999999948,24.778503972318294,,94.11764705882352
call_794031bf2233,synthetic,train,7.785893370671374,2.2493879148351414,0.22187772887699916,1.7686534482059781,1.9645877046182367,1.6077522442235037,1.2042435898803188,1.731128725245449,1.387984672631864,1.3624083713832025,0.6231462899436571,1.362121350914034,-0.19608853067026566,1.2571875796999694,-0.21464628639113897,1.1375903232576094,0.015670683146356917,0.9713904132741301,-0.3249626892097327,0.8472189934403476,-0.11236169280686187,0.7602957937925605,-0.1808315336709721,0.6905958643188407,0.21107207314138762,17.720252822686753,85.51859283310517,-0.44799999999999995,0.0,,100.0
call_7a250598cb8b,synthetic,train,6.882850206373869,4.06219732505672,1.3928717009050422,3.0979521329287585,1.8917520447445915,2.772334219580624,0.27735644871667675,2.0184373440583325,1.5292439696498747,2.0976418751191424,0.5812680888935388,1.6834962487884408,0.29858064654542116,1.49012878962361,0.39105501109993246,1.1490386425863233,0.4955404108243538,0.941558404727864,0.24159380717058052,0.7939193922817975,0.2202562535070518,0.7130120015890707,0.013262540545917773,0.6417508672027359,0.22500233070943892,15.388503189338977,312.43850983265844,-2.015999999999999,0.17305599999999938,,100.0
call_7a345e2b0f37,synthetic,train,9.372465121548508,3.7122122121546006,2.786731516247103,2.4189860926300946,3.5782167728588723,2.9098770292781158,0.7819840521341554,1.8338085189944646,2.083549191952654,1.7587455941780832,-0.6061058714568403,1.7743879949536958,-0.04667880002646067,1.2927029893981452,-0.47773297871791565,1.1091248907695643,-0.005312958183960638,0.8683580623501728,-0.12192869011108337,0.7736502464525704,-0.09508215987890416,0.730253217123051,-0.0728853129066914,0.6645408901296428,0.41589625793391594,19.275804703945916,29.098743530683144,-3.104000000000003,13.542399999999976,,50.0
call_7ae75e4aa32f,synthetic,train,5.374333895663929,4.287402510235594,1.0622859588085523,2.545692281751781,3.89975349780609,1.7287139122312558,1.9517860013875015,1.8622381088681992,1.503921391625858,1.697706695411806,1.4468965190529517,1.507171743036211,1.154118977121408,1.4263116930500654,0.3369306416224258,1.250933051542592,0.7566516671384924,1.0447554883753392,0.17321045799847895,0.8468345442553059,0.24418430235640526,0.7184937245055653,0.06617682596222038,0.6360804994842129,0.2019186965855555,14.370228432391023,186.9867935817018,3.391999999999996,4.94312083044983,0.6554578508972124,29.411764705882355
call_7b14e69a57bd,synthetic,train,7.85529319781706,2.263928309125214,0.048198915177159546,1.7866535870094251,1.9800561689450797,1.6130150839991744,1.1351586391939599,1.7751296141615907,1.4252641609546035,1.4036557142239887,0.609225069698401,1.3992938082668644,-0.23138489867950413,1.284487143264384,-0.23497033370903336,1.182257719915865,-0.03442647947140015,0.9777832396577575,-0.349865646447689,0.8495449318362804,-0.1406037020943161,0.7752567443104335,-0.19448106759966274,0.6991595167497473,0.2176709278631489,15.844264411031304,19.074808217716857,1.855999999999998,23.65721599999999,2.6206187603840934,50.0
call_7b1e73c133f8,synthetic,val,4.642631509832352,4.817023835118189,-0.13059684256554396,3.3115192863122425,3.353308504156276,2.6015293553892773,1.2884488387267066,2.1981041069467375,1.4240454905678785,2.0663275909569023,0.9424828947913741,1.6613755810174076,0.21245699985214345,1.587720091868299,0.060038037847574756,1.5143599170620896,0.2642460363297918,1.0909228867834777,-0.10547450131714894,0.8575126702552351,0.11502870404181187,0.7344151146340466,-0.17965736843782903,0.6140413606040296,0.22337977842945836,11.163979318700683,57.749945421798095,2.240000000000009,4.785948444444446,0.9766433328224167,11.11111111111111
call_7d4f3b80384e,synthetic,train,6.833689742615645,4.442871278230398,1.115178711847753,2.981402409515327,2.551969010114137,2.739306993342376,0.8844157867136362,2.1794364911296356,2.311466621341522,2.22641683937985,0.6150129487883991,1.886787723432012,0.1637856696792469,1.6554448608789494,0.3540015837151211,1.1728173498227983,0.5366663544140629,1.0153183359462317,0.31724255439922217,0.7927246242118882,0.24367124969603138,0.697623256469961,-0.015522759186962637,0.6746578027425544,0.2262859602398884,15.763196995042982,417.6730363304574,1.695999999999998,0.12160000000000093,0.20560844073305165,0.0
call_7d5b26105bb5,synthetic,train,7.341735648301565,4.203036446558292,1.1381140209468454,2.732536572330347,4.211087547313137,2.9203733720298986,0.6771140267517307,1.91620409696302,1.7837278789499007,1.70720076230526,-0.44013298289510405,1.9239166556475347,0.14732252016990072,1.443772039121951,-0.39565876620044205,1.2609710759122434,-0.03901613928267968,0.9614167217662359,-0.11796467062656846,0.7903008959453904,-0.03719540254331244,0.7610591277947566,-0.09430077660662706,0.7564767737022379,0.44029225807925365,20.00801126744382,24.70140227203964,2.304000000000002,0.030427428571429046,0.07570946042991684,0.0
call_7f82debeb19b,human,train,6.657014523311762,4.9557205377784195,2.1620101578990414,3.5079828476239068,1.8599646710351894,3.3142789057353172,-1.033120756299208,2.012325820871041,0.8826503739224154,1.8209822414531702,-0.877091406047914,1.612152097714668,0.38514694544231654,1.239784609761054,-0.25207546403206066,1.063075071485858,0.09410112131214693,0.8519071937793645,-0.10779911578960424,0.7889016260864585,-0.06293424134478959,0.7506247038444374,-0.13918685188029223,0.713160406736252,0.42850215591114094,12.12915253147019,6.3129547484961295,1.024000000000001,2.2638080000000076,1.4693316667366165,25.0
call_802282383eb2,synthetic,train,7.1172410321024975,4.388125560419761,1.4471102210281623,2.5891758247368517,2.887915554603664,1.680348646232717,1.419280785599769,1.8585470168507792,1.1781627813646007,1.6904654385583955,1.6071297831680669,1.4917218488016701,0.6846157167474416,1.314758638955395,0.27703733385378876,1.2810208688827165,1.0103844058535258,1.0019088113896437,0.28996022903696855,0.893847703207742,0.32452990065432197,0.730779882189987,0.11989840883720793,0.6671517811352772,0.1864020666241941,17.70542752746585,560.9780771683577,1.9200000000000053,0.07654399999999989,0.1440968038815877,0.0
call_810c24005ecc,synthetic,val,5.937976093498166,4.622742401040634,-0.009997152003266868,2.9464639573054847,2.64729178546663,2.6064692602993635,0.5358986074168599,2.0260656806443267,1.031535518442626,1.9984286253635377,0.6119121371560005,1.5269278893748022,0.019007799719930052,1.5147906911688875,-0.0375196754688856,1.4102156112048843,0.22793904642931112,1.090749613484348,-0.09211655776976717,0.7916924779463771,0.19297222093911237,0.732415068393169,-0.1534975791206849,0.6400672765343772,0.22356539597113134,11.928606063189577,40.02683537378793,-1.6640000000000001,0.0,,100.0
call_810e3066a7b4,synthetic,val,6.261238766576515,4.307524610504297,2.666967877050099,2.8162528891299017,3.333405623942138,2.945191402588951,0.8428506744040036,1.7848325684174322,2.253819780921398,1.6006889943692304,-0.3859069625665024,1.7337676923737808,0.6352547654892329,1.2192059503280581,-0.2003370889239252,1.0921767077387692,0.07258235962479243,0.9248949191394951,-0.271789668515089,0.7669031119372062,-0.09402456601982911,0.6561761135342037,-0.234017885032426,0.6167171733596656,0.39900643165937283,15.621368967345624,36.15146058144864,2.048000000000001,4.193648639999998,0.9999218719480031,30.0
call_81b12145be34,synthetic,train,7.124606618187956,3.5981445844856332,1.2144661584289485,2.2377967099923883,5.7333159192266265,2.874207300540723,1.3430389848945787,1.9833049381055656,2.9534437496462567,1.7773484051002204,1.3591519897584616,1.803293601594076,0.3122780720674024,1.5328694213800313,0.3823318731914838,1.5556106787169615,-0.13214889882940378,1.0914425477716527,-0.3033706686216735,1.0007433574505757,-0.35418494307316595,0.7753194894424954,-0.4074194777704129,0.6233932602167392,0.26275216475923874,19.331407518383408,435.51923435722244,0.3200000000000003,2.5231359999999974,4.963869458396336,57.14285714285714
call_81b98c77cf99,human,train,5.73727387116608,5.498749835045457,4.269250635598757,3.617529385102878,2.387294291267148,2.9730633148708514,1.1221101456594051,1.792147247732773,2.017966981427816,1.9426561821580224,-0.17981186797141513,1.6531963407225068,0.4921362617216568,1.231638985083231,0.3601812258980155,0.9643505261311048,0.3422460074064688,0.8682126683967424,0.24273835071561706,0.6949296623958849,0.13419044245614664,0.678406938558301,0.059863537248289245,0.5831202206003094,0.3175284156992432,14.693969016443802,364.20449879566195,0.8319999999999999,9.646723173553722,3.7330738518535687,36.36363636363637
call_850d796d23a7,synthetic,train,7.86940393172405,4.37255218497027,1.33060770840126,3.022921418147859,3.792330421296902,2.8976041335631644,0.6082206563067463,1.9093069492190984,1.8500790022872402,1.7252757595199397,-0.5075812281449574,1.8488221265735036,0.216156848010316,1.4716620029666374,-0.4887466532814065,1.1119717805214728,-0.02647493008066104,0.9699253225762715,-0.1258715072429027,0.7778994138635564,-0.11561872674596774,0.684598152575328,-0.1001764198221422,0.6684753538410645,0.4300739348640354,19.538768093890006,31.06944440493123,2.559999999999997,0.9935257599999995,0.38935844667863606,10.0
call_8570ae0e7d61,synthetic,train,6.445965875426946,4.488911103805577,1.2267510852973436,2.711767754071769,3.0852252471901096,1.9569556514349864,1.4131425749049835,2.0339741374864855,1.2045424620776042,1.885615416007683,1.6550745965731515,1.548230401455875,0.573888662401828,1.4151876315051584,0.420809844168634,1.3214443063895465,0.8818005044461317,1.083860337359022,0.13323994547091747,0.895303980828865,0.29822879493428356,0.7329275839435783,0.08905417137067959,0.7030069472517624,0.1978209494470309,15.968713667871782,312.9237347483875,1.6000000000000005,2.717098666666674,1.0302265123101175,41.66666666666667
call_8834a90f11cd,human,train,8.077886531436022,3.9012120703560087,4.246242041474914,2.6217281932153087,4.017356582105167,2.5616996469130093,2.672810865208974,1.903119552963268,1.7027822950602567,1.5898547368555143,0.1411457415142343,1.6103639462983494,0.5052795545763744,1.1901995787511157,-0.02898698507518448,0.9989778329462284,0.42009321029549296,0.8373829769272161,-0.07874047909661525,0.7161285659563446,0.1256712315285033,0.7260912873866375,-0.15487296310062487,0.6554587899571392,0.37601196314042407,20.47379128240373,264.4621864355707,0.8959999999999999,3.0514560000000013,1.9496001356112778,25.0
call_8893de2fe204,synthetic,train,2.967302917302753,4.201583316154185,2.2993773629702434,3.2571379322655702,2.586865705462751,3.1615208307803666,0.6197429502175413,2.159529251624914,1.6347446744084642,2.0667457422117255,-0.37045665620554935,1.8145838297656758,0.4215492658137603,1.4541570964717783,-0.3309387300383205,1.2336573141104357,0.35056414067718045,1.0176096011016569,-0.1785468647413762,0.826354324982242,0.11015869100223336,0.828924260435297,-0.2240990763000661,0.8326173388659202,0.42307088573895674,10.809960097130208,9.660748912320097,1.4720000000000004,9.746880000000012,2.120923477843033,37.5
call_88cd54e1e505,synthetic,train,6.97301673899833,4.497346390151899,1.287438059801522,2.5612287169385963,2.981074397633559,1.9199575739144135,1.3265146635095053,1.8973623965555846,1.069195996303185,1.7016318460176165,1.8431711933046593,1.549268399572217,0.6812763711112868,1.4091310894784406,0.2236769562735515,1.202047101642241,0.8371077272829179,1.0062895255507545,0.231424482585364,0.8720334350903312,0.24666090868700574,0.737620602657762,0.13255150904162327,0.6721679692706292,0.18767245994444176,17.404743623231347,544.5866127867158,2.368000000000009,6.878772244897961,1.1075765881150437,28.57142857142857
call_88d7858b7921,synthetic,train,6.899014464925568,3.601841577786759,1.1044236917639187,2.0922530783533984,5.767251971064174,2.650726376753094,1.3237783011372497,2.0634904693669607,3.0849886437143246,1.8743577788154535,1.3138428441133616,1.8187587256322189,0.19589264261074865,1.7526677588016684,0.049715151500093854,1.547678302525601,0.06018716368389573,1.1726116562564368,-0.23800407248917926,0.9512897832032396,-0.5541951382489136,0.7502972267699868,-0.4332343176030095,0.6078973983502693,0.27051848045026206,17.519425096037082,587.8956196600055,1.6320000000000006,1.493770239999993,0.7488964070734259,30.0
call_893d552b156a,human,train,8.671119902468803,4.5279880109030985,4.901507651544998,3.054724730601575,2.730915682379173,2.6360514167271334,1.7307293977463383,1.8520354159221062,1.1005209712605035,1.6810978674711232,0.11069580026475989,1.6614076357042673,0.2577158541787228,1.1276528438555762,-0.19990643638835837,0.9481681478739699,0.06034840853900829,0.8407556210047542,-0.19982502475692332,0.8045193204780614,0.14295705760894145,0.7196797430828216,-0.17295226436883832,0.6620234729589424,0.35131423591615885,20.872246999603675,166.36395591441084,0.5760000000000005,4.856434247933887,3.8259234220811855,36.36363636363637
call_8a3996f823e4,human,train,6.948199656941972,5.01601772095571,4.914526787870746,2.9478969731065283,4.01296928886833,3.1664981321126855,0.3204654889033659,1.8805428288414754,1.1231713383320374,1.7742272709718798,-0.23970212984764133,1.5918909987856016,-0.07370850479452547,1.1716189039895106,-0.198428957847101,0.9724489473841477,0.1623952869604216,0.8226714556953421,-0.17339829674534254,0.7703156590711921,-0.11275735719681745,0.7236889287239858,-0.1874343268603329,0.6508114665599021,0.36422072698349955,17.500004816308916,77.5868596557169,-0.3199999999999932,3.5734045619834687,,81.81818181818183
call_8a570a10920b,synthetic,train,2.840822353723402,4.14375038997745,2.2950759710741373,3.0461991354479663,2.6111871744872515,3.2806286622347596,0.40808606246592116,2.1014254755117854,1.7642439945294455,2.048248285721607,-0.28867866400915776,1.8029486939399213,0.43451879865503806,1.4078597604154743,-0.34140099658022854,1.1877741469982472,0.3213000122570828,0.9890911588043841,-0.2049933578717193,0.9116711938927468,0.09143808394727931,0.8461250418174978,-0.18434783723709205,0.8444105657105512,0.40912618240563564,10.740080967528165,10.390063804628042,-0.8319999999999936,4.761991395555565,,60.0
call_8a61615c9927,human,train,8.100760582513526,5.712857305155878,0.17958461423696773,3.4690497777202163,2.6237840802268084,3.242311909390145,1.1067513330853918,2.3312004270944415,1.182294689381825,2.157840472415811,1.2989287873068909,1.7929126194945302,0.44899359849868387,1.4037184726353409,-0.0651314405744391,1.27770163692247,0.07780471884981677,1.0881310062531597,-0.028749070312305197,0.867588048759167,-0.11755678695166763,0.7876953714854715,-0.22107189786492576,0.6385901969393648,0.3256846083183926,13.748201239430273,167.72944353224048,-0.5439999999999969,5.552456691358029,,55.55555555555556
call_8a9391c1823b,human,train,7.415322003877167,6.132615727000443,1.4485743247669303,4.312765247392778,1.7890558572475515,3.6318089576398607,0.3127912168561976,2.5124785457033485,1.3967588592243083,1.9942633121718158,0.24667611315327526,1.63950221465128,0.41684253722372633,1.3370917917226453,0.49681517288425087,1.1024309965782801,0.36105337908666973,1.0656427089389708,0.039770438369513064,0.9760059217148409,0.15959193306105668,0.81709463021309,-0.04274736006680818,0.6914831314283866,0.40541184231673505,12.029033135585124,13.599291216520015,-1.343999999999994,1.0979555555555536,,100.0
call_8ade6f74aa33,synthetic,train,6.958451789060934,4.39316990854089,1.8169236540193454,3.1857792807075347,4.268908935034543,3.053695081391867,0.6636194261191924,1.8450332461885317,1.6436809110087864,1.611612070727473,-0.3307228675131837,1.7243428305833333,0.22111097837535806,1.3238881886901608,-0.29665140241980437,1.2046739053270787,0.09788036867725863,0.9083283526064836,-0.1275306312271008,0.7692817557185222,-0.05137924710309334,0.7415255083337294,-0.03392730577333381,0.6874552026531912,0.3974770126085402,17.835338769644736,27.16748054083779,2.175999999999993,1.7506702222222252,0.6080555843159754,25.0
call_8ae3fce602f3,synthetic,train,5.42542206520049,4.072069019417183,1.0375349407078236,2.5097987203189907,3.792815308588643,1.6655173821178606,1.7591576080428792,1.931229237465907,1.6111781520531814,1.790785163896528,1.6630477014018235,1.6301196861221612,1.1136751520824733,1.443151706641191,0.14571186320770813,1.1670494533164895,0.7353495944124835,1.036949086943489,0.10893952820847862,0.8790908490194254,0.18800469841221745,0.6913853813575002,0.03165495025310694,0.6587431089644104,0.21694001034303498,14.43447931578983,251.13187753583887,3.520000000000003,5.492280888888893,0.6657845403568219,11.11111111111111
call_8c2ebe3761bb,synthetic,train,7.717578337363115,4.2723775088738085,2.9916046510718486,3.113669636164166,3.3508508104424912,3.0779687130075626,1.0098054306660473,1.867215365773145,0.6400065160387962,1.8372681934015587,-0.039698971773906494,1.8522205689063869,0.11954783851643752,1.2630780322070352,-0.44216177637136655,1.0927473967517247,0.3943630317993372,0.9436449500186317,-0.05745808864182095,0.8159443707028514,0.029100623679067156,0.715739715411696,-0.11699227735791379,0.7012157517066485,0.40105850404745685,18.681075112747095,124.14574243436248,1.8560000000000016,0.2020693333333362,0.2421989368471909,0.0
call_8c6b33721067,synthetic,train,6.688409247971547,4.1748910851490875,3.5115671195762768,2.756985204518791,2.1311617992423226,2.1206585342476405,1.538142916688627,1.6015439927087043,0.6923822575832023,1.5469771816956177,-0.11841938123039575,1.4472539490370717,0.15007375344233537,1.1941340030772463,-0.2732344157635475,0.9928391920286541,0.38610283122621575,0.8170963978496036,-0.003192227638963936,0.7128449302541069,0.24780713269481597,0.6808871017923371,-0.10194028982979844,0.5915836253689635,0.30415890745379925,19.598553016821377,529.3379490498766,2.432000000000002,2.1685760000000065,0.6055133922086652,12.5
call_8cafd2754e55,synthetic,val,4.563652605236422,4.8167965210754105,-0.03880023274426415,3.0528695127424257,3.0328687461503545,2.743833785216444,0.3292575455361574,2.114568159983153,1.5736349747187757,1.9833829350024161,0.7241036019699594,1.7236970068190323,0.12130528232940732,1.666886689618523,0.11872555493685746,1.4869380615087424,0.3446668879761393,1.059443907513569,-0.05861059184480803,0.8489428774794603,0.13300028712282574,0.7535955801641199,-0.11772404656078331,0.6443876428065447,0.21666076856794456,12.57234177891278,60.16044050380138,-0.671999999999997,4.097934222222231,,100.0
call_8d3ea77f4bb4,synthetic,train,6.27590423476434,4.134550478157886,1.0455710010923014,2.64959232431354,4.087664465381881,1.6929174312663164,1.8720600148601039,1.9062462684179275,1.5316337337146975,1.701245055743048,1.5634501236543226,1.4569782523952568,1.1651809022372226,1.4033085223833046,0.2277546349690171,1.2387515739008674,0.7504431590427554,1.0482517788898111,0.13081321093723028,0.8525678009048422,0.17800995124076435,0.745416957842957,0.06160565792685724,0.6328477244130265,0.21357240521654572,15.102900785124518,333.80045885315366,2.368000000000009,3.418111999999986,0.7807490176029299,16.666666666666664
call_8d6cd93e02b8,human,train,8.20819967948048,4.278385932277314,5.9439692455236095,2.2901916865959837,3.375031001240762,2.560839896680016,0.10829955143610974,1.7510807870026197,1.3138884487773064,1.537647037031391,0.3836476631830926,1.3824129525904583,0.5922941902389502,1.0791756136481652,0.25501498206834367,0.9998442828185462,0.5113332723586322,0.8327250743442449,-0.034636300645852415,0.7066519163858974,0.10157217059286888,0.6806138263468349,-0.09195234884227022,0.6558303539022512,0.3658446665767329,22.4691910090665,486.68771912709803,0.7680000000000007,2.070152331360952,1.8734406182647925,15.384615384615385
call_8d75a71e6126,synthetic,val,5.207560416065888,4.8744330686016575,0.1607831507248491,3.241646567377682,3.238718341375064,2.7909716718919,0.29159288177375225,2.230835556671489,1.5195303168651928,2.1512681166443874,0.8504837802679329,1.7694140762008288,0.40210470012312083,1.598339039247266,0.12945319793970017,1.4631014722713114,0.3750454019067698,1.0439049723575542,-0.10933876623265903,0.8675925561967661,0.04116464023283854,0.7519251026226242,-0.11585577773951494,0.6439075852748248,0.2368625345829718,13.049332114364162,55.72584273440166,2.048000000000002,5.7333820591716,1.1691641475832557,38.46153846153847
call_8da8b9947630,human,val,7.2277676555410135,4.09083451492325,3.7945068343329202,2.778973471435089,3.1339901301371285,2.9324612758817508,1.8677872799597262,1.9749441653517779,1.4539756675451994,1.819619583772232,-0.9703194210954119,1.5862728384936164,-0.27541953279337095,1.3482690056399897,0.2827158762327905,1.0146099381410416,0.1334400424833404,0.9476850533092224,0.35968116372227293,0.8159881096755409,0.2191696657954227,0.7436187656440568,-0.34707095603488425,0.7364490233663687,0.3844445675843748,18.81840547097744,37.77382513515269,0.8960000000000008,2.155853254437867,1.638708054066672,30.76923076923077
call_8e6c9fa78a21,synthetic,train,6.8486800855765,3.8650213718099153,0.40368035011354614,3.216351211939574,3.110306058561123,2.507950335945638,-0.13102970762423408,2.1489290099044345,1.5867066071456062,1.6676124002489043,0.5629469392741471,1.5032751006046574,0.25983405032507756,1.3762556872874923,0.08574555439982182,1.1460254930940936,0.2343796814501795,0.9139739551912767,-0.173986597360852,0.8003275042406741,0.0020581885162360355,0.6954144109892185,-0.18343249450358834,0.5959320148387158,0.2536567831865059,15.518685237752187,102.15265467057812,1.9840000000000018,1.176917333333336,0.5468035326920913,11.11111111111111
call_8ed994ce484f,synthetic,train,5.1397634941430805,3.6014433945766506,0.5142126431809807,2.4191979090089486,3.391164930717623,1.8019266384829755,0.9408119003439585,2.3885194019764584,2.0087699331843667,2.3352662042502494,0.9249939746477337,1.580038430556546,0.00631290519150343,1.384866867004304,0.4057259000546184,1.3251308221022355,0.43532836683580456,0.9726655658355032,-0.14330237901768522,0.7858747043698354,-0.017277047313789262,0.7179415767914069,-0.1513188117356873,0.5895722135291371,0.26924047682033087,13.126970152746708,86.32731332278107,1.5999999999999996,7.733586512396698,1.7380829184492212,45.45454545454545
call_8ee1e10130a2,synthetic,train,7.869857552425881,4.321015212467505,3.1181264514951312,3.1375301542047107,3.562180123497032,2.9893063202313335,0.9670963119178628,1.9122399395007705,0.5427935294364548,1.9180192565920413,-0.1591349700175096,1.8579149989303412,0.1336314146697749,1.3393909551881704,-0.5601821912921721,1.0659646267441623,0.33003260446963933,0.9014357850525867,-0.1511411401662377,0.8172318557881377,0.08832756974439923,0.7257489496535026,-0.17227358385590244,0.6731774852615832,0.3894972453089324,18.464633305482415,88.42124111398476,0.8319999999999972,3.2190008888888872,2.1564392205134375,50.0
call_8f8e2145bc91,synthetic,train,6.7331381257591705,4.111743217177088,3.7323357120955754,2.8720411046875807,2.3682943490576784,2.495963581009691,1.4604287367218431,2.0114915904692854,0.8512040679187678,1.6072895513439796,0.08820435909404596,1.6392808303232884,0.4769132672552534,1.4396339306031154,-0.26390450215987715,1.1465174092389074,0.5497093329996383,0.9397208508256341,-0.0666112288911856,0.8008904886307212,0.21590381127823585,0.7032409671660875,-0.09371235266021685,0.6442728479950895,0.2883405565704625,18.073851413384503,211.36312863681317,1.7919999999999998,2.2682737777777695,0.840445837843941,22.22222222222222
call_9083846f078a,synthetic,train,5.3733035215374425,3.7739344068430136,0.5992925874993833,2.346971739072683,3.338594677292683,1.712221348863847,1.0587347922972925,2.2850458356473156,1.90947682768023,2.4077758919255023,0.90326542739508,1.5263552937269151,0.00029590543511370804,1.4927194913277626,0.29957638070986786,1.2574961437632288,0.41164055038161207,0.9570305740727767,-0.15005619218157257,0.7948837624572824,0.009304758710114436,0.7164183713207319,-0.17325232512929956,0.6098543448255009,0.24940228106346302,14.081003789390287,151.53131914710218,1.855999999999998,0.9824639999999991,0.5340480712908392,12.5
call_91a25cd95998,synthetic,train,8.290991673357217,3.6981032273111394,3.048670926029539,2.6921533513457763,4.527442072308855,3.241163244171801,1.1561526597491167,2.0198353136500646,2.0387717353949055,1.7936279670314905,-0.8998638390456253,1.8090296037841336,-0.16792227776724394,1.2368365371496528,-0.6170623360258688,1.067742332363096,0.16249771985946976,0.9519357202143313,-0.08776835565031246,0.862236176487424,0.007907127336883188,0.7171762806098362,0.03510745745215683,0.7334834088184861,0.4492579719747415,19.18051758064678,24.924380559390645,1.5360000000000014,4.26864132231406,1.345097038224599,45.45454545454545
call_924e8a27e4de,human,train,9.03506640558923,3.76114931674387,2.093046006552931,2.8165022594345555,3.874682107066125,2.3684480227153264,1.7061369130906332,1.8997408281452295,1.073898023317502,2.1094110604404435,0.9646942677929171,1.6279678071555377,0.6125126482552534,1.3470623824137533,0.4987657639631803,1.2960612478139848,0.44222896597465466,1.0714885768810123,0.3435019410124047,0.7801095086194785,0.0211748716610786,0.6873778513080459,-0.052318456892310405,0.6541642759843218,0.38457455110434674,20.49916374212758,605.06927173373,1.343999999999994,1.596006399999998,0.9399787714107987,10.0
call_925ba94f05a4,synthetic,val,7.769530656779007,2.6819635147474017,0.34716994776823484,2.149257127275359,1.9738034417149093,1.8877326555487124,1.0765428675620687,1.8287070833865926,1.5507319450887973,1.4834876115063222,0.5509914576824175,1.4741822023757762,-0.12560414609705198,1.3272426763315466,-0.22591951590430823,1.16217742681084,-0.02349026549057069,0.9885426728873389,-0.3622636689915003,0.8476103587945075,-0.13402866831815674,0.7610444679744724,-0.21605679664942878,0.6984875360162073,0.24387352854397226,15.746134097041896,26.202059100454804,-0.2560000000000002,25.399532958677707,,72.72727272727273
call_927c1f5f2007,synthetic,train,6.9024626668846825,4.748531375556226,1.4775968481001227,2.993343179915329,3.1419057652995335,2.2207166434813197,1.2225649200834052,2.0195591707694893,1.0651733834243977,1.8241487338179634,1.8555055174525377,1.5878621601240097,0.6470308105672453,1.394714621543982,0.4947336737126373,1.3126181007613285,0.9300254406410611,1.1382464505108552,0.1714530074910359,0.9202453837855673,0.2628778297357155,0.7778540070397996,0.07955542013632948,0.6803655219722426,0.1884413395273755,17.410586372855036,456.80699595725093,1.9199999999999946,17.036288000000006,2.1497415865375347,30.0
call_9491f635b944,synthetic,train,6.37280337375307,5.297181521375928,1.3974283932015499,3.715233785424363,2.6288461271774923,2.7143289463689464,0.641100654677703,2.1391064069394723,1.7754708002363337,2.2264810563369006,0.9565434753154289,1.7093540181667086,0.526579783415281,1.535391303254269,0.6076685442341061,1.272651695666534,0.5757495186585819,0.9400701124299069,0.30010770827986333,0.7470316701013965,0.17708915846916395,0.7015767875712225,0.006703354846907733,0.6474618611197318,0.228035427981358,14.20100071389745,522.3162638280065,1.503999999999997,5.286847999999997,1.5287996545931446,12.5
call_94a8c8502249,human,train,8.340310871769768,4.614255180534487,3.845142949657302,3.4541128006019273,1.4229990804202093,2.729320082962997,-0.16198518017202013,1.9991047757403795,0.9314209731466511,1.7526541931846933,-0.7110939161432377,1.5206221811903062,0.4794018060875789,1.173389324935863,0.17598972273068958,0.9300107447171259,0.3746410093729039,0.8725411960586559,-0.2694193342054686,0.7273006249205054,-0.011650755533032887,0.6937134389093063,-0.2909943008438852,0.6440720034811618,0.39814526921451754,17.239269552772612,27.800368260265074,-0.480000000000004,6.263551999999988,,62.5
call_957a8384caff,synthetic,val,6.273497850572214,4.541374710985473,2.75160279145303,3.244075877908815,2.768652338103987,3.47967734888848,1.00562641065267,2.183741939210606,2.03521240354008,1.9287212046038062,-0.1191582515310663,1.9900557387857583,0.692067130448532,1.5223703670316637,-0.3725826378934837,1.23433562277519,0.03837801747986942,1.0232989859157726,-0.3673270607440292,0.8428983838053661,-0.022772160779528816,0.7599095586323023,-0.2167583775265821,0.6870358437982195,0.4116444421317711,16.659250082174268,33.908807528448925,1.7920000000000016,6.0928169256198315,1.37743482578115,36.36363636363637
call_95ccefc6e4ce,human,val,8.426639095947206,4.52402763684715,3.626756920482211,2.63128615652934,3.3283204671965123,2.614464012230679,-0.02178600821223825,1.9456028238508631,1.0781572828107608,1.6150878746479933,0.2753531689720973,1.593667729464442,0.3701554363992947,1.2506212493792739,0.33018310837747034,1.070438557323554,0.08452994173982822,0.8553924192834547,-0.15562261290172538,0.7951248076272761,-0.23165737190669639,0.7206307394615596,-0.1612348666215626,0.6410771436724222,0.40790867503299727,19.19181600695056,96.26336415476473,0.8319999999999936,1.6322833066666564,1.5355870582328603,40.0
call_9741efdd34af,human,train,7.675470637142924,4.19374815918346,4.713281740747869,2.7320040337905187,4.30724000758634,2.662760302629586,1.0793968123869855,1.8958168035979566,1.045486306473206,1.6915765956597562,-0.2021996954841998,1.592078898648651,0.44876833814732214,1.1241439765284917,0.09771853774111952,0.9379118705489676,0.24422302937197582,0.7932102391186214,0.13302324316743314,0.7627362447347251,0.21478484894137817,0.7512247456631813,-0.08564098553849661,0.6722110040162638,0.3826913509668182,20.251343982108445,254.71446391181652,0.7680000000000007,1.3727162469135856,1.5255595568810896,33.33333333333333
call_97701e543c60,synthetic,train,7.816673161625493,2.4494473321458976,0.13290575616439515,1.7824122437165735,2.0385721491700943,1.634427491982098,1.1786494281316897,1.7887894732460505,1.4079384493402636,1.3821442774639696,0.7442936909965666,1.3991078098803094,-0.18687434272680858,1.2576678601205487,-0.18276071548801537,1.1555196401414487,0.0487241451677497,1.0109418023640764,-0.3210307906515558,0.8628623374252254,-0.10533946535019378,0.7711888796471219,-0.16403375216545496,0.700510777592099,0.21622805875801748,17.540044452390426,349.38583521860534,2.2719999999999985,94.23633066666667,4.272684809622383,50.0
call_989dad5aa1af,human,train,9.364706226790855,3.947907672738114,4.260211957485671,3.273947837930004,1.3509680145742184,2.451406008611858,1.9016423014341193,1.8329013370063607,0.4001149592112252,1.6935773024871232,-0.2872327763578404,1.7364368607472185,0.2685206880487209,1.2162493985632739,-0.1540570095196738,1.0564210342447546,0.2577715314219108,0.8809719944628907,-0.06962193606758851,0.827953786662538,0.04128168843433734,0.7474747226590196,-0.09358640261165288,0.709548496318919,0.3764390715516928,23.517903216555347,228.24976598774865,-0.25600000000000733,5.785600000000001,,50.0
call_9a3d5b0a64a3,human,val,7.139380649809139,4.417876652041246,3.704992428486889,2.453175624361474,3.223638287346085,2.8121955367473865,0.9428910359020671,1.8286451420559284,1.2786551955116328,1.635551741355202,0.07319329330992871,1.530006723818961,0.3940199493503094,1.2368288766349642,-0.08508681738351029,1.1389666112192869,-0.023060485381618284,0.9337521240622295,-0.07981302334301606,0.7952253398339904,-0.053517763397030946,0.7285374645131107,-0.14306999929321876,0.6752134534782249,0.4059832465901723,18.067195973771952,79.1744739578194,1.1840000000000073,2.017848888888889,1.1997551355832214,33.33333333333333
call_9bb847dfc83e,human,val,5.718951028348334,4.296143994976143,3.4515652412740057,2.9290640889268116,4.207356399134008,3.412862105488567,1.637504214594442,2.183196523497924,1.4086808950750584,1.5956747162256621,-0.3907928458424521,1.741359376111318,0.2804603285776015,1.3954736005297128,-0.38250373049439085,1.1584708784243232,0.27973811843306773,0.9214331102267364,-0.13382624413277017,0.8512776951428315,-0.046840092290559354,0.6824085070600743,-0.15966365675446043,0.693621443195277,0.4128945856641142,14.896083920635299,14.677621759647822,0.38400000000000034,2.0252672000000027,3.7060386158568583,60.0
call_9c2dbbd1fe2e,synthetic,train,6.625381680594548,4.241810167318772,0.8075481171702992,3.1669413096055328,2.7819886949734767,2.5656336299326905,0.580154760775092,2.272890098297548,1.936535533365326,2.1322441280163313,0.8776569714136377,1.8043620654935582,0.4279425713834444,1.5565978597063113,0.5413683438806252,1.2680152558466282,0.6292016102822566,0.9834846471316808,0.21954709204443568,0.8203844323819061,0.20202159314112095,0.6951700437410092,-0.0047265690764708435,0.6263130010904222,0.2637890085348755,14.606965717484563,222.14810289363675,1.8560000000000088,0.23888276543209866,0.263338548313249,0.0
call_9dc1a304389f,synthetic,train,4.623966415123322,3.584291865484734,0.5287088687957128,2.150947958797297,3.9384562545804678,1.4890671191203664,1.2835263775497505,1.7831720798616506,1.9105703850584723,2.002842975151569,0.7469169888833864,1.3812622719602115,0.22264379604591042,1.2986761844461379,0.2711022374660943,1.0934812508153182,0.3065549188716187,0.8246289765684611,-0.12230723335389386,0.7241761819981878,0.08101462608959253,0.6649700634357925,-0.058912347268793464,0.5652611935483115,0.2652382849339428,13.81759287315041,170.07954312478387,1.951999999999991,0.8498991020408168,0.4722846949304038,21.428571428571427
call_9f11e2c5441c,human,val,11.141517340108177,4.973721857284491,-0.07051553415628353,3.444075597202521,1.9161324012416425,3.068243184066929,0.7063712545349302,2.3501257366497854,-0.3297848837510396,1.7998238757074065,0.7919832814080194,1.4454053240790392,0.508167822585858,1.343622194534684,0.10715183827393636,1.1383385895443845,0.4348014712176367,0.9661475186005641,0.26073040428983385,0.8250563189229738,0.10916853300242754,0.7366083760241141,0.04722159650793212,0.6292049332856959,0.29728191267504556,20.265693036148043,245.23170283846719,-0.09600000000000009,2.873406693877555,,64.28571428571429
call_a0fbbe7bfec4,human,train,8.523402912299115,4.9782336196721895,2.9075927114877596,2.941587578187829,0.8575139348160772,2.7898552887820576,0.5710606212360211,1.9708680029676608,0.902586476809319,1.47982999048487,0.34182701080300204,1.3193624988732748,0.3916248555388175,1.1047641463098732,0.48596386499394684,0.9743849136976269,0.3006153516963228,0.8783638913037429,0.2611669615368985,0.7456492157736135,0.12949897312442632,0.6899683297774102,0.13336859371768667,0.6401460631724198,0.2858091184213262,20.304991946122712,1056.5952094416932,0.8640000000000079,4.808334222222225,2.537953035203955,41.66666666666667
call_a2aa58c1750b,human,train,10.568911656074274,4.422573055258892,2.49641943529957,3.329653217208964,2.821743972261575,2.5611450248755268,1.4400137712217904,2.3742244332203155,0.3915889369626513,1.9559266205029173,1.8779885840557977,1.6533519834278065,0.8796986418914646,1.4501898471520662,0.15142062049947203,1.2002559343715014,0.4258104042148156,0.9562387663794493,0.3859494049435437,0.8801554767830376,-0.10854632335822068,0.7596147906603083,0.03327328779176997,0.6631581331293932,0.24584690064161382,22.28830991580049,3124.7350486908613,0.5120000000000005,4.999107408284029,4.366930427765793,46.15384615384615
call_a381913d938c,synthetic,train,7.629986223205885,2.619321843809601,0.15965126965539939,1.8369691492380233,2.047790285608646,1.632194909373222,1.0508320105186806,1.8326798010865384,1.524145436591171,1.4826737861933434,0.651523225175337,1.4187533889856174,-0.22233808575538522,1.284250509927324,-0.18426801927196668,1.2108336770190289,-0.017941473772739996,0.9941310581547785,-0.32192102630360747,0.8383063186954205,-0.11316007174731117,0.7610587175795448,-0.1947359554601682,0.6901033542930872,0.22205087404734053,14.547379113279355,92.26091765083007,1.7280000000000086,6.598819839999997,1.4865838062128731,40.0
call_a3a1f51a4bf9,synthetic,val,4.9458131383372885,4.919370441982981,0.5047089415414001,3.688708270084892,3.1293016135002767,2.6547403227233617,0.3844007089651219,2.1567394619940377,1.7007543496827866,2.0346290696354186,0.7446416394476172,1.646757815048075,0.2103812276076028,1.553067012817218,0.2909715704141672,1.5283276172367442,0.27752659511757644,1.0913141309811245,-0.12533504453249542,0.887701019346414,0.14321000487612917,0.7078373432176431,-0.17428740692674705,0.6489620220082221,0.2294080445564712,12.568357952418935,49.54437691982423,1.9200000000000017,1.2358795061728367,0.5790110295070449,11.11111111111111
call_a426226cf8b9,synthetic,train,10.552834656787901,2.678556070777268,0.5282439973062693,1.6170540998829006,0.400585797131279,1.5818048619133396,-0.05447841399449284,1.1031869991055796,0.2485428106834554,1.2578942775580824,-0.24655037695840104,0.9677608693234991,0.1598384959507404,0.8960827469262137,0.10879739742733925,0.7372631883882752,0.23373668719834567,0.6470317808710201,0.06238602396688866,0.5892186494271553,0.08876844043486354,0.5469765406302523,0.05327112760812486,0.5089292307875662,0.1809019620062788,15.290594515101432,416.2857894547906,-0.7679999999999998,0.0,,100.0
call_a4683528fef4,human,train,7.227926343324066,4.664940956946088,3.123573828548785,3.2020355581913864,1.5111254837406987,3.1251861954143125,-1.0901657898470885,1.8967875664267295,0.59158358944465,1.791040744509766,-0.534625512621266,1.501044025169486,0.8492750548981985,1.117494818538275,-0.24239631593370187,1.0208241408027148,0.1151188520819838,0.8528917858648676,-0.1465648199051474,0.7966304311945738,-0.0344290323822557,0.7253885606495576,-0.15359834546153384,0.6314763297902992,0.4661192098754597,14.673286059757508,7.4053273634088,0.671999999999997,6.770005333333331,3.871909808236016,41.66666666666667
call_a49598543013,synthetic,train,7.735096884086823,4.696610181977396,2.7362674569663343,2.8983881302286503,3.1959223116618136,3.299548690591231,1.8163776796002644,2.0533691639216487,2.3189591200218884,1.9162748731439612,0.14857611668521348,1.9047661205738775,0.875695520860718,1.3741882047572964,-0.45835779978449837,1.134593116185368,0.34034695475618726,0.963722632565978,-0.15895758156701692,0.8146797439057707,-0.0029898396504554337,0.75983788369715,-0.036108855225277875,0.6873497084361667,0.40441219375779563,18.225925848337702,43.89796397178682,2.176000000000002,4.5127740591715915,0.9762541748533682,38.46153846153847
call_a6481017c744,synthetic,train,6.684165656525974,4.198074715810506,0.46988849210521155,2.7565776637919623,3.1776244811326215,3.042306079836082,0.5634303650795733,1.689888795416913,1.8557717502496174,1.9793825438551451,-0.13895285436827193,2.064619094532875,0.6863120240587058,1.4263734220105782,0.06225276978720035,1.1694386273490944,0.3819864781048836,0.9750767510091795,0.09819058288234427,0.823858083219939,0.08560116829553141,0.6892704022458915,-0.07584844534329133,0.6676453909324039,0.4118912626576164,15.831894455859697,81.62703011244464,2.911999999999999,1.308607999999994,0.3928379308297028,12.5
call_a71916766a4f,synthetic,train,7.501183602624471,4.330589196808334,3.095960941417198,3.1083457192764397,3.3293182101163215,3.2681032421080167,1.2467576996791565,1.8905797426121704,0.8976593301746496,1.8243724163581891,0.0038016941730666057,1.7557578241458194,0.31774125810638676,1.3368390601115312,-0.4692198433610336,1.0984880246719826,0.5637098309938516,0.947258777155756,-0.233967077085915,0.7402420426706412,0.040218872881336964,0.7289172967048397,-0.2369008401980186,0.7109250638669342,0.37969880423051916,16.926870879389888,43.398691756971175,1.7280000000000086,0.03135209876543239,0.1024683094484669,0.0
call_a766613f8c8a,human,train,6.846700121094857,4.873012717661956,2.5610233194328345,3.1200615733467734,2.7442717577187947,2.764080792874308,1.8967004718402545,2.0667293515840264,1.754608119757989,1.620262621731908,0.23160679906114623,1.5137322561388222,0.601525851323145,1.3237951563567305,0.34225128655601783,1.0013844916987646,0.24659630735208404,0.7948370253952949,0.05601126846649701,0.7373255270408767,-0.025876511028177063,0.6809056721663453,0.0021582654806122092,0.6414936358171783,0.23261571163535616,19.348314004155995,392.24394361939164,-0.8320000000000007,6.47490353719007,,72.72727272727273
call_a7c95e99f3b6,human,val,5.733029390570006,4.880085111347817,2.1518626082027845,3.4281143396809934,2.7732204548609225,2.6649234181539496,1.400761133214763,2.758278704235049,0.7906662034343179,1.6848680197699883,1.1734351667763592,1.6112869787970705,0.6515896790275133,1.4500481410039578,0.48253888463835404,1.2314153816161244,0.483069363087155,1.0935145535351531,0.06965641314698831,0.8704454638904663,0.08139670805382693,0.7963344057652878,-0.057298926478700635,0.6584751126640991,0.27349932091138524,12.97427189249882,89.89651267823247,-1.4079999999999977,10.539786240000003,,70.0
call_a7df1d46e72b,synthetic,train,6.36814834356683,4.222697393515484,3.663480349555675,2.9278239948410265,2.436819159174227,2.5213173530722965,1.3402972209509052,1.8965213118728612,0.8516369073374477,1.7267721541600831,0.03887746491576713,1.641511733685444,0.36879127493497854,1.4489732252103822,-0.2541243323625981,1.1153741887266744,0.5143293295136953,0.8974702986313065,0.005842174627642689,0.7556142148580188,0.2887171307354645,0.7104736677584339,-0.06497284192055766,0.6488862115375442,0.30134156786760624,17.971091569674357,240.81049826904786,1.6640000000000015,5.801829262222225,1.4475352558389643,20.0
call_a7ea289a43fd,synthetic,train,10.566266142059074,2.8625889461396374,0.3231354314689956,1.4178635367080983,0.4569004734691924,1.9073683260025638,-0.15766265420805098,0.9599792493150715,0.2294289669350985,1.171214455543065,-0.28982765655455583,0.9868551312854215,0.18474017723091124,0.8546074301187923,0.05307748856705351,0.7425695541403279,0.2379081377245792,0.6750013322603526,0.038377816337113825,0.6002137329329035,0.10271542352893709,0.5699419117376067,0.06328291937038093,0.5213172934550754,0.19956959607893718,15.907679126524982,55.54253299622414,-1.6,0.0,,100.0
call_a8ca5b456ce4,synthetic,train,7.574801023047671,5.386397788723372,0.40071518214442237,3.1413688525419547,4.007682406045758,3.0565750646481957,-0.5369605343020732,2.2853661560343603,1.775735731872007,1.9009645518066063,0.5083027018375119,1.765666974256759,0.3419393055662202,1.6747867176168307,0.36751120075512395,1.3228266618256743,0.33087108654617353,1.0906379574332714,-0.07075127187835206,0.9122575133638771,-0.024233275585771805,0.7256684680514975,-0.15505645637412602,0.6820290502952969,0.23930582331581027,15.99530369431308,79.05401735079724,1.8560000000000088,2.541071147929005,0.8588759475336943,23.076923076923077
call_a9d29125d786,synthetic,train,6.546208731746326,3.5431925318584105,1.1154644093879384,1.8740114390965124,6.31250425507963,2.633054614016696,1.3167798829404258,1.7628865829629008,2.8191973460667494,1.6140787515243997,1.3399897927397602,1.9157568301559187,0.26284833432641747,1.5449858508162726,0.4237189052112379,1.3178420405108766,-0.1092898817834207,1.0551375581993232,-0.18591450043287772,0.9774413672512855,-0.4117362932674685,0.6843378322693866,-0.43599217233771803,0.6211226085957997,0.2628040567245386,17.131507549215456,641.8859177526554,0.9280000000000006,0.9958968888888906,1.07537320654727,50.0
call_abf730747901,human,val,9.639494532976492,4.3782075132670935,5.543426482899857,3.075327942942737,2.2229137444610703,2.4928295034968495,1.0408831592644139,1.8003924197070407,1.2346638863624753,1.6707751845512533,0.1325267305227773,1.452845865276564,0.2511335332296106,1.180834570396344,-0.22470052671301033,1.0378869429577102,0.17165533657007975,0.7778384667696556,-0.18730546144647134,0.7590462726655489,-0.020811612097277,0.6722309671170987,-0.1884532324713151,0.6592715870025502,0.4011424206184872,24.119380019513976,414.3891149629637,-0.09599999999999653,4.95078400000001,,75.0
call_ac80248cae29,synthetic,train,3.1229640263648584,4.451155681222729,2.363028124531256,3.3067657378766655,2.274506151830286,3.2634663792522973,0.4930035012727104,2.1471483119378796,1.6177069181965078,2.144783452945463,-0.4049166873095745,1.8668745389030796,0.4634401609922828,1.3860100023334365,-0.3347533393360445,1.1975581554604984,0.31469497768148297,1.004293375184325,-0.26366240397491636,0.8471666900822878,0.11736561076954843,0.8330246806254702,-0.22275593297472196,0.8118208098631676,0.41431572104268977,10.406319705549656,9.374524878408879,3.584000000000003,2.008210285714284,0.3953999340815824,14.285714285714285
call_acda78859d0d,human,train,7.22523014139492,4.512800755079836,2.5909980817361884,3.1070684343445207,3.6903826084960984,2.571038943620694,1.8900418054497474,1.8092817332668594,1.4614691987492665,1.4704371232129059,1.1127656079336092,1.4719121990218234,0.5365115474397347,1.194858315870077,0.7413807053599577,1.1133007684107512,0.299190305885878,1.0051392110589477,-0.050599347217023034,0.8376022699118306,0.01281007285803637,0.7118859857980445,0.009503617469300119,0.6183413750110709,0.2932022194210351,19.130695590986136,527.3032736450876,0.607999999999997,2.9383039999999965,2.819322672630794,43.75
call_ad8e23b11d98,synthetic,train,10.3588374000803,3.3284714099196284,0.8117586085297193,1.868648466081857,0.4859107240927908,1.8342902471808007,0.11939360180921163,1.3532689141848941,0.4485164065276651,1.5360369454767242,-0.1791556672793416,1.1599884823009092,0.1212207340696301,0.9852896050073199,0.1263660849691209,0.8412627655742828,0.23477595278589994,0.7144823405323806,0.09266036767208709,0.6243792604796558,0.12346455875167367,0.5918521627744119,0.06372080699454266,0.5335500476061402,0.1970085890513956,16.292668327066394,461.4424454344018,-1.5999999999999999,0.0,,100.0
call_adf30039caa2,synthetic,train,6.534035053205716,3.880343596603481,0.8223180014596185,3.2271045142705423,2.7722220223547995,2.814098860529394,-0.39772703400915743,2.0677462066552827,1.64870861011845,1.5003115576666228,0.467968635507654,1.415681809997042,0.485325968060845,1.3807817180711401,0.3726348715823474,1.133359897789493,0.1699876369281164,0.90569510755644,-0.11148368918753064,0.7940791801882685,0.010139479198857493,0.6371583569576154,-0.1619391859496722,0.6118294745921277,0.2635022476393333,15.70656655293898,102.18332111605639,1.9200000000000017,3.840152330578512,1.020640969675779,45.45454545454545
call_aed9b45d6c31,synthetic,train,6.400621141286855,4.809370149936177,1.5046721947349446,3.144061108365264,2.4216345293736987,2.9221870141520934,0.5329235451957489,2.1869513076862646,2.1988806270670094,2.1587331878708356,0.7806806856182411,1.827869774210194,0.28499598647011504,1.67388016204198,0.3947610439713273,1.2947689805512723,0.35422487118617885,1.0335166492391374,0.23392803896062023,0.7927125307338643,0.2037452495911588,0.7473165462796305,0.0034968446805268005,0.6503296697119916,0.21849050999382982,15.012981459087918,267.70355821559144,0.9280000000000008,2.6872159999999985,1.7664579844817567,43.75
call_af9ad367dcce,synthetic,val,4.394735998070135,4.918316482698629,-0.006536367612528404,3.294541210793811,3.346613724462875,2.862529432236197,0.4654078981687127,2.0293339623016364,1.78961373873372,2.1494419458620713,0.7057069860576741,1.7287627681080062,0.152753239543659,1.6692613586337308,0.19128082185811163,1.5107365784850517,0.3601312027895883,1.043275162362022,-0.026309511169821803,0.8408868010750146,0.040147594589708735,0.7240582658420779,-0.11977762163726824,0.6805331257433209,0.22610805278552948,11.814515227754463,41.995178875607344,3.264000000000003,4.049123555555558,0.6164961438709481,16.666666666666664
call_b0836ff3142a,synthetic,train,2.826078854177405,4.339074238964383,2.4543949378013012,3.2687800375981277,2.0685058424213056,3.3079835962098216,0.6775353157080545,2.1956898015928723,2.0228117557601726,1.982379670108735,-0.16853742290292525,1.7669138565197386,0.45517629250804725,1.5328297420051487,-0.3458791372684969,1.2485024919424106,0.39911811360153787,0.9827825273255252,-0.22718838457233986,0.824890097425906,0.10638216705964415,0.8175408891954292,-0.22343214690885205,0.7648321938353523,0.4041939431799162,10.37361533189356,12.321058038049623,1.9840000000000009,2.712207360000002,0.8300796697091889,20.0
call_b167dd907a80,synthetic,train,4.604585555602963,4.709328190464966,2.8813072127960018,3.13811925159684,1.097643335009136,2.755011113731106,1.0251335239548944,2.0248775592558697,1.5812313227356003,1.8480774200385925,-0.4218410006226775,1.8012370108009934,0.4472135916958241,1.4608730933797278,-1.0542111159240233,1.2228913014594938,-0.13648364328112303,0.9504227797887165,-0.7363282710671679,0.8070896695494593,-0.21989296669154834,0.7002915589189032,-0.37580424438322646,0.6542075204737521,0.41724931321855335,12.870404174849376,60.520619919923135,1.6640000000000015,0.6599040000000043,0.4881879533649432,12.5
call_b2594d9c3ffd,synthetic,train,6.690800207855984,3.877020512795759,0.5034403869204538,3.1360895327021936,3.086039827095793,2.620737558912053,-0.39733893232746165,2.0903822464464157,1.7271888243538807,1.6805062714789802,0.5266491844755062,1.4644724479789502,0.2825471748139811,1.3303072980271768,0.23445184191126778,1.1630187814102686,0.20592144158234194,0.972710535447698,-0.11591167841209235,0.8225058368275091,0.06229626720216097,0.684524263815666,-0.14484887257150866,0.6143638397719988,0.25932648446836915,16.577887751570806,97.74183302737097,2.176000000000001,0.08166400000000218,0.13132772867273515,0.0
call_b382ffa5187d,human,train,9.079422932658554,4.148038875062671,2.390147685379956,2.3453410368253387,2.152605892943231,2.190995511770173,0.6327510648405941,1.7369862249007577,0.8176480197874308,1.5751253223639403,1.7663549354318915,1.4370509208352686,0.9524099195554003,1.3067136659413967,0.800278040203656,1.1872161417445497,0.4922057426477273,0.9224118994059791,0.2772153900844906,0.7880780063116355,0.3044901538775159,0.6846840854689061,0.23877746316847553,0.5922110595207845,0.27512167393767234,23.59203429333006,491.47639198449855,1.4719999999999978,0.8211839999999996,0.6156195873837279,12.5
call_b3f14bd5c2b6,synthetic,train,3.159644375912602,4.508864465428783,3.1238317163146485,3.1053133138405946,1.669023579555244,2.710615131429101,0.7851643301414947,2.149008881510304,1.4942112076210763,1.9373784984372509,0.011383773796106233,1.6358503740358903,0.5494537286772281,1.3710116334195037,-0.29375229941451086,1.1738655683028902,0.41904544094321383,0.9320409205740379,-0.25469073270492226,0.8459001387423126,0.07907137895382652,0.7670118092732814,-0.2657123084248675,0.7121615632641712,0.406149207741831,10.765413352877182,12.528148160925523,-0.5760000000000001,0.0,,100.0
call_b41c86402714,human,train,7.8534638264308185,4.9644316637539605,3.2786667238571905,4.2995038102599175,0.8396099946044479,3.2227845206393373,1.3864596190276912,2.114977599087765,0.6106915818031434,1.732562823725419,0.04142606795718384,1.4660801186196029,0.05637676895568075,1.1316629314156963,0.24555340523088154,0.9506381096296687,0.1580601913339552,0.849433432400365,0.05768548738125331,0.7868273912165947,0.17542133217135392,0.7003997227756549,0.0963848984527435,0.6598267991199112,0.25952190893973776,15.897087734736111,101.97831117292463,-0.7039999999999993,6.5952300246913556,,88.88888888888889
call_b5840ec7dd5e,synthetic,train,4.298908702114533,3.7107220876665665,0.543886200496642,2.1383637492364223,4.062761633114803,1.474024643152721,1.5849250201417682,1.8507440684958634,2.0536994517532725,2.0297316134693273,0.6953427404119317,1.4834459094982693,0.18228113225442427,1.405202578125145,0.2958679397670002,1.2341086991427666,0.18731500521378391,0.8202530941663273,-0.09646362454592931,0.7430113497060125,0.12996013306788354,0.647844813063088,-0.11350329264566661,0.5743169044371897,0.27900140044490607,13.316454930011467,113.6110131147816,0.5440000000000005,3.5779413333333348,3.4771042188232193,33.33333333333333
call_b5c4803ea37c,human,train,5.356225244915205,4.0608501648738216,2.3940472799938037,3.0978843382603567,1.885969670856335,2.44304675522001,1.4299503244145146,1.9277418927956127,2.632950903097206,1.80856639742285,1.1767502617675665,1.4053015268519398,0.8343383572205971,1.346581294444555,0.44750334855769075,1.071773230830734,0.6215488524375854,0.8289636310882547,0.3372416474711209,0.7539727842770948,0.21103840722347533,0.6466067614388438,-0.08151729449341218,0.6209517258425352,0.2811254330471575,14.832211306041174,531.9742749259934,1.088000000000001,2.657718857142853,1.4983926138069468,14.285714285714285
call_b5cc1f8d8fee,human,val,10.396337915297392,5.0692455603315185,2.3536111230838674,3.3096355806330746,1.959875946694516,2.7785877656308076,0.3921842695930924,1.7947485534513299,1.0323236393732655,1.6193788252250014,0.16587739584714506,1.3909950114429193,0.3022111841849366,1.1762687228809732,0.11535216649320185,0.976188967630252,0.31986476812177567,0.8775880749513192,0.021886721662589693,0.7233533530334368,0.02471854687280209,0.6577075341116735,-0.17063159208707204,0.6095138231117075,0.34297545845764377,16.133348960036066,134.48008810670552,-0.5759999999999934,1.7297373961218856,,68.42105263157895
call_b658b1155216,human,val,9.444985095456595,4.942519128432326,2.389133119940867,3.5212686901196757,2.578371172310046,2.6891421172558525,0.021741907422777373,1.7976196068153045,0.8886483366933738,1.6629433813789707,0.06563687234515195,1.3533610716505686,0.5102102324339539,1.2483855950249365,0.20439616373808706,1.0234837422200853,0.42637358069848086,0.8476332923498069,-0.0821242501425626,0.7374403410349217,0.03366675582163625,0.7028380032396091,-0.19770928577931524,0.6331949446146494,0.35660748900756767,17.301521126828874,24.290135192367845,0.7039999999999935,1.7921213564013811,1.9015644451534661,47.05882352941176
call_b712f501aeb8,synthetic,val,7.610962285922392,2.86598681234368,0.03587009719884031,1.975826744689049,2.1307001758398942,1.863188921222383,1.0411713571798618,1.866164012854786,1.5090067873713322,1.5093551006661048,0.7008428056446028,1.453011231887302,-0.16605795047590785,1.3214779530181375,-0.1978554943336585,1.2456008027230987,0.030246855502798077,0.9984742641689638,-0.33196242889608785,0.8490195723322566,-0.10542938458901652,0.7646455447067315,-0.18547090015943832,0.6759803310930996,0.21766954743314407,12.569629913571994,56.27011313636494,-0.5120000000000005,29.59507455999995,,80.0
call_b72eccd91b8c,synthetic,train,6.52793026206936,4.746953180344234,1.439211013585856,2.835520995839866,2.8708578854093476,2.628712847021404,0.5490852804522589,2.1916885369432664,1.7671719465668712,2.0427118147231482,0.7452463626043614,1.778208367483883,0.36879012328115357,1.5793699467224886,0.3495533769392318,1.1536673947202376,0.5548363139666158,0.9555510094444108,0.3250136542235827,0.7883681764374004,0.24410860989305505,0.71539015103046,0.08637018032283686,0.6288391083854927,0.23224864477823495,13.907491624791227,330.38279785068374,2.8480000000000025,5.718671360000005,0.8396679657101476,20.0
call_b78e6c8e05d3,human,train,5.736595697538287,4.641521044041113,0.9379683156986298,3.340350146885582,2.683671168978174,2.5938020285643395,1.906046628718161,2.2886365519535805,1.134621165039384,1.9287904214271623,0.9362785457821842,1.5493848980499914,0.5755358173477502,1.4081520803406613,0.6121909501281284,1.1035639404250421,0.48113306345388496,0.8411344723225674,0.06257296700440232,0.7684563422135785,0.10209574605319988,0.6807177893698926,-0.19802308367093405,0.6219586348022078,0.2889703639463329,14.293738827128045,257.7779081171037,1.1199999999999992,1.7886822400000004,1.1941216565376607,20.0
call_b7c3a7552903,synthetic,train,4.861644299196717,3.829050590170618,0.7717459466676353,2.1772281280860866,3.2486147929442444,1.8203675216125614,0.485159851580673,2.4390402148155794,1.8416359744939799,2.14609476788772,0.6820053989212062,1.6623708331182745,0.010782880794453093,1.4786031335121799,0.5030553786696662,1.3088986158717761,0.4098279074054417,0.9831578858970556,-0.19818366627982764,0.7923349417585592,0.04965503563684695,0.7094183678817074,-0.09450433771704525,0.5815806157741236,0.23698131269695238,13.43231093991509,97.1081284164087,-0.3199999999999965,16.859136000000046,,75.0
call_b956718b62ae,synthetic,train,7.258828918512428,4.888349310954124,1.3614502250986957,2.9434792266691625,2.744518404513283,1.9749856975740465,1.2648746489715328,1.8957831124216271,1.205899193949966,1.603868626113989,1.5943427624156716,1.5244987631243243,0.502223154451466,1.277790378054757,0.20085752387801564,1.2452833984870635,0.8556964675470722,1.1103787923519197,0.19317226398113702,0.9124669608897492,0.2397973709231695,0.7466156091298692,0.10319472764488302,0.6593968098082006,0.1879049937647844,18.6310601718816,581.4329327633651,0.7040000000000006,3.9199573333333375,2.812341210699627,33.33333333333333
call_b96e9305d9a2,human,train,6.805596865518783,5.240230192384679,2.9478986376224285,3.498503558310187,3.169387699532936,2.87142759983679,1.171229312174206,1.986888806476504,1.3341598472176646,1.9140612513094686,0.44339970311619914,1.8157048597467602,0.551137665048623,1.3423875701250447,0.10180978722591898,1.2095666016629152,0.18274790404523128,1.1666674205935714,0.1147357840449893,0.932132616458952,0.3546534951673075,0.7503145262000814,0.1874050152389006,0.6919193730747101,0.3615178711488108,17.404642356708436,31.662513728012264,-0.7360000000000042,1.9408414374999965,,81.25
call_bac44092a11a,human,train,10.414902409078628,3.8328809336693586,4.230692459270438,2.6489757145435764,2.8851130552065225,2.56225149193319,1.2105498048109231,2.0247215345739096,1.699197057220773,1.8359093228994887,0.8624208679186895,1.542722274018024,0.4945626752757247,1.3498664809239185,0.4708540963129284,1.1887089719355335,0.30319915843095213,0.9756430313592036,0.05071919582341663,0.8112598096351078,-0.0017191839844307166,0.7048415403480762,-0.15917685174022556,0.6272210451210087,0.3213162177800185,30.61331585208206,7010.232116437324,0.0,2.3865081799308006,,52.94117647058824
call_bba20372ca37,synthetic,train,7.451558181527106,4.363685003149089,0.3423771580016801,3.0626439141692354,2.8736847201314015,3.189063612871116,0.3497742270073014,1.8687162883308566,1.4937812928013765,1.9522701682269208,0.4087877516878412,1.8876217686475314,0.6192081449394272,1.5170305975487077,-0.030293262621413908,1.1834333097471037,0.3981666761091197,0.9737960285605758,0.14100677192088298,0.8351835559215324,0.152534247418803,0.7184291793388506,0.06099879825927512,0.7054599467418636,0.4016839327265031,17.565409630972333,68.04003071851325,1.8559999999999945,6.684773135802466,1.393045701840898,22.22222222222222
call_bc24a38d8bf2,synthetic,train,10.489141137721678,2.0461905591423633,0.5766667127355567,1.5733505248672537,0.37122508003232957,1.199714566756955,0.00865625216188736,1.075615426947177,0.17598645214844777,0.8940102178622719,-0.28652968775548077,0.8738642674962182,0.174988566782013,0.7913439362350019,0.012571446836594766,0.6759656277334495,0.2539218647230357,0.6211929621878146,-0.013229760049861799,0.5605550273658672,0.11935128119824656,0.5608677061438219,0.031319482857605385,0.5100870015914071,0.17682966283827914,21.21156380203329,353.687901745331,-1.6640000000000001,0.0,,100.0
call_bc2c7c34acea,human,val,7.2361228602088925,4.156315425936261,3.6070324358418224,2.5742275070731613,2.261771883750928,2.3314031832131414,1.8758087718191396,1.7127404471643788,1.7805174822026406,1.5840302969105216,-0.17931706286464527,1.4297673297963795,0.9375346603157907,1.1886228364470701,0.19489493698670762,0.8949480434160719,0.36390228052910095,0.8994669567674616,-0.07770835817137156,0.7468856430965267,-0.04619945187914278,0.6665295179936668,-0.06459102608107326,0.5826517289154732,0.27807897122927566,19.414069932361798,381.36167728067426,1.056000000000001,2.5988702040816323,1.526610962832289,21.428571428571427
call_bc7120020303,human,train,7.82861869056676,4.831670380004725,-0.86149918414775,3.193192375132,3.465578348357462,2.745616828091905,0.06497290492713932,1.9332303889441285,1.1501994964119957,1.9037225332122139,1.7459666151114828,1.495279061210469,0.4817139110967978,1.3043259709465245,0.32009330409171366,1.2270419241406887,0.23766852891947549,1.0467596772191323,0.21145277907490995,0.882501722367711,0.2891230028015566,0.7217786108570384,0.11073923160388408,0.6102206934960869,0.25406793454843896,16.591227685441545,266.46148640398934,0.8960000000000008,2.7507768888888915,1.851056494921829,33.33333333333333
call_bd2262567810,human,train,8.733541166071747,4.524296216602463,0.56082856495948,3.4193604839522385,3.448292384497573,2.8875141292824487,1.8629699419898194,1.9427226264039565,1.3425452570867806,1.694305147037042,0.9226556707398832,1.493674052985751,0.07531978345983617,1.3378035624727764,0.07419318317616802,1.2672575809266127,0.24010239749568296,0.9587653435524756,0.3677737758892412,0.8400660099200484,0.2661642965754193,0.6657499091162601,0.16758847237567304,0.5660675029778578,0.2507482891400139,18.204583292743834,560.2251235510001,0.5120000000000005,5.092337817174521,4.407462665390869,42.10526315789473
call_bd98a8224da0,human,val,5.761984273350022,4.470468439521927,3.9029395895228847,2.955084846323234,3.9273931803051063,3.1041698170674517,1.2693405540012146,2.154522705934885,1.2969752507478112,1.730423738571169,-0.4645790426852762,1.6322597082742607,0.1346946671945047,1.2801133092878194,-0.0969262852032518,1.0165401478374898,0.14117351637521625,0.9456285387939917,0.05279595803722591,0.7929220410222072,0.002157514223121217,0.7358635125325527,-0.18193439465432798,0.6558634547645782,0.38671824566471585,15.284809995964842,17.72526489806883,0.8319999999999972,15.15988114285715,4.679770677347496,42.857142857142854
call_bda847d77eef,human,train,8.533686838473889,4.332103139390978,1.6414808807775192,2.8144440627318548,3.16239939881625,3.049233011331629,1.8734839099423817,1.8701493493799874,1.9039173402344876,1.4970709835104903,2.0700999121682964,1.4869921515114684,0.7855381979567037,1.248178144897321,0.38942183953451504,1.1611729998808564,0.16528430124184468,0.959022790021843,-0.17446134550365902,0.8109991862014628,-0.018938131830565808,0.7390256543201292,-0.04841998241377854,0.6119525053289886,0.29770016082899614,21.324114328651653,384.1887725743636,1.152000000000001,1.79257344,1.1622137242094237,20.0
call_bdfa814252df,synthetic,train,9.502847772671881,3.7565506291386717,2.489153031685774,2.7189152331077,3.1227477486880293,2.8952990211648078,0.5764326828935225,1.663699225542223,1.5868510052934635,1.4782416941466565,-0.7935897619992061,1.578859639832174,0.22283422917986112,1.1977568668026628,-0.405940004035155,1.0740485416920964,0.17240729312959624,0.8546548438204953,-0.04324685830512352,0.7396640133936618,-0.07986566209939913,0.6950898151731724,-0.09960838398571215,0.6361314190294686,0.38003438917372606,19.8451449788856,20.900419779284313,-1.536,0.0,,100.0
call_be72006df132,human,val,8.99567559628818,5.837151054778468,3.563222841455901,3.208617438430141,1.859366534558713,3.095952261267185,0.2519355336213526,1.8436745239554222,1.5380116593953654,1.5321162493009057,0.36790444017160223,1.3437476749120256,0.5485270212774075,1.1888377837104254,0.1338297829088987,0.9691851757503732,0.1064533721845157,0.8125692424150556,0.025357281120610708,0.735690813809115,0.031112046281627947,0.6897242977456618,-0.17487499740704815,0.6235266040884888,0.3359838127488081,18.67154717616419,111.61682933954316,-0.8320000000000007,6.8828091733333245,,60.0
call_bf0384ed27ed,human,val,7.820007806095181,4.260195977627041,4.351418109279605,2.784088635378748,2.915918209622969,2.567383567024821,0.8150924468757166,1.8192598002187426,0.6001259012587302,1.6920000150278895,-0.2596848018612302,1.5848391662403807,0.34209786870477005,1.245202603745759,-0.043320033101893474,1.0848077386967308,-0.023414582347165397,0.890744436057042,-0.08205340100241915,0.8532022577231511,-0.14690329623525267,0.7461494747079838,-0.08363868854392312,0.70419946089418,0.41716189628189665,20.41242218228235,108.03948091351032,1.024000000000001,2.272023893333327,1.471995527620014,46.666666666666664
call_bf4ed1a05c84,human,train,6.527298706013557,3.9797101875724503,1.0865153711433502,2.500139555203859,0.6421159216380726,2.7198326661411567,0.5828841626283353,1.9609488674189246,0.3835325513248672,1.3934055921608632,0.5966564736117235,1.3062807010937585,0.5781977958048392,1.0985697588376384,0.2156160186334637,0.9951563882462429,0.1418541718119003,0.8495557212349198,0.0356459420497894,0.7293788544563126,0.005818871042854104,0.6949988758231971,-0.09955603001235436,0.580129330465312,0.23525484762964885,13.10069118048225,212.680408460124,-1.2159999999999798,3.7601280000000044,,84.21052631578947
call_c04725672945,synthetic,val,5.859528778318871,4.672972920669116,2.8256912482340075,3.2056025989683854,2.883657456161151,3.3311130817426458,1.0234427789523195,2.0941587864702735,1.9188335440882418,1.9726418756350794,-0.1855442583467622,1.9855376250707997,0.6058496505649396,1.5558169419831538,-0.3339282990706852,1.232910427901162,0.018950606624989264,0.9820519364766209,-0.38809314062193234,0.8366565317598648,-0.10270823503963732,0.7529365648577688,-0.27117840448044467,0.693396909724525,0.4046940636867626,15.79918582630328,26.274488490077573,2.5920000000000023,9.05887744000001,1.1611870795108439,40.0
call_c1cbe639d50f,synthetic,train,5.914362811039109,4.0322597021440485,0.8662027328474484,2.3048323569556546,3.4080648633140043,1.73817128929945,0.6237568897158842,2.3528084413908816,1.7261462484933425,2.079224752948278,0.6848171292837502,1.6907050262063525,0.047711258353744485,1.570912608051766,0.37928035321068976,1.2508178106954522,0.34757297152407113,0.9492844152362747,-0.1535371741225645,0.806725281582722,-0.000580692699568397,0.7142631316987367,-0.16448562718651133,0.602135879826752,0.25218509921938104,15.129287289772734,170.79514235289406,1.6960000000000015,4.742389760000004,1.2840229145699145,40.0
call_c1d95df7a179,synthetic,train,2.7037503691156735,4.105136177624985,2.2736725375285385,3.40756854162222,2.7066691241567966,3.0757151081185583,0.5229918769027431,2.2212218343568058,1.805721991783641,2.1704978947237326,-0.3710229084586828,1.7983807514748966,0.3027128499163317,1.4325399462458372,-0.2693125749302539,1.1820830431504235,0.2245093097451645,0.9866483563583593,-0.1782722851885821,0.8196138656949709,0.06237462577155731,0.8120701142516367,-0.19678486214592372,0.8123412286524467,0.4198499689998955,9.652108514186743,10.97774296029828,1.503999999999997,5.0851430399999975,1.4993525085087223,40.0
call_c21f9cf2390e,synthetic,val,4.9553000524521185,4.879108026852597,0.1340663158215155,3.1572717486371356,3.3104946247820024,2.556503767894293,0.18522185193404286,2.2167033594914627,1.6649748033728256,2.199860723006225,0.9633640688977856,1.7460734306215606,0.10730702137891118,1.6180858672628886,0.2723966680016286,1.4127599218905942,0.4612424132607606,1.0920866599175163,-0.08645696414376586,0.8416201023504637,0.07452527326600988,0.752793897747746,-0.12679342467197174,0.6659946914082993,0.21909568017335512,12.324099894134633,63.19141553993448,1.7920000000000016,4.904778224852067,1.2358668471584313,38.46153846153847
call_c337629bcbbb,human,train,5.189069540741703,5.199387914578974,4.801583697822233,2.760466059809619,2.9365855400436356,3.0100936276618016,1.9627630067567767,2.2226375672436296,1.7925171677126925,1.7577634964105435,0.48628071316943944,1.54972113185563,0.7804645474408443,1.3206658432013292,0.15597929446706377,1.1682319047184404,0.27550879721899035,1.0650717538644854,0.2741297306745117,0.9214186588984461,0.18488836797736208,0.7947346614056692,0.11049374468107537,0.6820711540857929,0.2830155384867012,15.163885537999079,318.85956807640474,-0.16000000000000014,6.241320959999994,,60.0
call_c3417b995627,synthetic,train,4.949613726255496,3.8806278028160492,0.7393611345796636,2.3583809421426074,3.248184928394196,1.7907076774444428,0.840978200117539,2.499504703867902,1.9441227066128388,2.093306703750958,0.7972149755741658,1.6252708088143284,0.007542738026548174,1.594314025411068,0.3058288235093394,1.3940403880581884,0.3900833744629898,1.0163063606760676,-0.0844441932977221,0.752151519612319,0.061365398641790914,0.6992397356918445,-0.18545315593176923,0.6102142453266552,0.2522102641774242,13.112539223472162,107.89823431727137,1.4719999999999995,1.5727285950413241,0.8519597580829407,27.27272727272727
call_c3a3ab5fa472,synthetic,train,7.175222759104805,4.754905720427796,1.4846245666158087,2.837384168387843,2.9299252442237353,1.9388150633986132,1.1136200096830118,2.0257547939253,0.9645197701746755,1.6745795431617807,1.8019238974854193,1.5546960403946395,0.6023208000020693,1.3688956393920026,0.3788626227518571,1.2680496149907472,0.9965242257003415,1.0255181561891813,0.2234052273289368,0.9428714510967603,0.30347620459163294,0.7483480423777417,0.10292349396195317,0.6858020896122692,0.19284313416280735,16.476848981589512,440.78307715862405,1.7279999999999873,4.35070400000001,1.2070799338632376,31.25
call_c3e9e24958f7,synthetic,train,7.141026513009384,4.061382637698491,-0.032723612556210493,2.9512558833660245,2.8779494656680598,2.789516754925595,0.38621782331356524,1.7549414194229922,1.8628601612480806,1.7188042538130581,0.223487622281219,1.6699745769665182,0.4250882285638612,1.3908676278085788,0.23444555026621394,1.1126199745246,0.33107413388290036,0.9029522082222685,0.0846908792503806,0.7915830515221169,0.23628259073910052,0.6661357571620475,0.09811687663036807,0.6576482337778322,0.39937797238355344,17.797256254195737,72.06150026399067,4.352000000000004,1.2159360000000012,0.2533765810513266,0.0
call_c49b6face6c3,synthetic,val,5.584083290543846,4.3034242118376085,2.3969333057212565,2.79539543623505,3.397626098371517,3.207233235118226,1.1807299499419044,2.1852707914668548,2.111172166753322,1.9281856860032118,-0.3393225925996779,2.0007039774231408,0.5024632852731982,1.4171804441128668,-0.33254997414336557,1.1649108227864178,0.05201239082947248,0.969827683378356,-0.398008640837996,0.8513142638966414,-0.10817268628761287,0.7438309943693218,-0.25566676976528013,0.7025666961944669,0.38803350396019287,13.88926149585415,19.721261527429952,2.655999999999999,6.924031999999981,0.9907212139312888,25.0
call_c4fc8a865292,human,val,5.415930624944492,5.081198888513972,2.622726080152799,3.568361988264621,2.7910903148051265,2.893820743101331,0.6981218789503325,2.1172699554762775,1.8603295407362674,1.7955600156143796,-0.22784495764749346,1.5380329235662058,0.7659591948157806,1.4246347334539706,-0.48302221609758444,1.2547788087202483,0.3910819029577074,1.0430820607527813,-0.11764450296658337,0.8902857442057567,-0.07767470318251715,0.8207656761880131,-0.22502090180974965,0.7864515036035649,0.4259731655799331,10.50838090151106,8.021186876648743,3.552713678800501e-15,3.0397882469135897,,61.111111111111114
call_c509bc8280ae,human,train,6.956311720157663,4.141494948202087,1.2241148727076183,2.9045478520239487,2.6962496882092477,2.564194363677087,1.7825008434286793,1.9946732308765152,1.6898679894306639,1.759159677637218,1.0853139602983668,1.5360698106063937,0.5565300837188624,1.3285942885727506,0.7562698168948871,1.111728878139564,0.224530237802545,0.8872655283283745,0.10568848599945914,0.8123379445894691,0.2188168541191699,0.7140618498593336,0.03782513925648459,0.6128579242732602,0.26305902045653284,16.36804630657045,271.95585161024974,1.0879999999999939,1.7747527933884297,1.2244471334823974,27.27272727272727
call_c5b04c36bb62,synthetic,train,7.895686025095822,2.5924785012265423,0.4183530294268922,1.9149195242598689,2.533993262630565,2.394072425170202,0.9647458754774735,1.7886944127140063,1.7827040914276586,1.6296582775808495,0.8433322886685155,1.5658707137536925,-0.1351389340460359,1.3802133617382795,-0.11322367929740806,1.275100202486588,-0.06876181781559199,1.0354179748411463,-0.32405477283199574,0.8852357103334406,-0.18173017013075876,0.7865324100588424,-0.26390477944634766,0.6999709976166898,0.2286781756954387,17.84570844966838,458.54230170182944,-1.0559999999999974,2.876757333333328,,66.66666666666666
call_c647ee088162,human,train,6.306476717213119,4.669514716384692,1.111570485261537,3.152513783960998,1.8259478226113985,3.0064293169000615,1.1679494052395087,1.979635708532361,1.6054656474085633,1.6960628208145272,-0.11856156647261037,1.6543590086016422,0.6138630006398723,1.2008506929534277,0.8214482667071086,0.9712906936911299,0.2995087502307603,0.93772092513293,0.2885852583085934,0.8099113000170778,0.059891886426678406,0.7398321777521369,-0.10714811870604393,0.6611647399331837,0.3863197605170358,12.8351067801715,29.765499699181337,0.8320000000000078,1.897740515555552,1.6557512382754145,33.33333333333333
call_c67ce09b3316,synthetic,train,6.4335681373351115,5.5934867915717215,1.2996142590219213,3.726922365264684,2.3188900798565353,2.6622232420810663,0.9642704261766843,1.956130710552486,2.0651935087108457,1.9019299842367061,0.3696732726438107,1.5860717658015107,0.5193130331259688,1.4233245843696838,0.33909810702678855,1.1489035758136503,0.39445139087611725,0.8666751644666848,0.19014840845495856,0.6872271478426506,0.17680430424504628,0.6542578007091575,0.04900142643538641,0.6032118908658631,0.23616067284440412,14.855510349647993,547.4624931192513,1.9840000000000018,4.751196159999998,1.0986511453732555,20.0
call_c6daaae3eb0f,human,train,8.008639533510902,4.0180652408638435,1.3230149624113008,3.6099937273171006,1.9446433219162949,2.3518527404543734,1.4721598459823644,1.8371864634312887,0.8001761290914782,1.855498357298831,0.9699577543312135,1.6052542906950773,0.4891334857926964,1.2675932007644302,0.33713952603262454,1.2007992173049786,0.09632721168835437,0.8494134738778506,0.037659733318351735,0.7839541492067567,0.07672288863545307,0.6872730931995761,0.1425880946917728,0.5972355733029273,0.27771649125710596,18.258246160573982,262.9108962661983,1.7280000000000042,1.928192000000001,0.8035842205091513,12.5
call_c6e878157063,human,train,7.525071358290436,4.351550864995594,2.4405835350438485,2.983869231611143,2.955079904931261,2.5039810894925876,1.0827508015132876,1.9902656556776868,0.9973560807106516,1.7226912378106778,1.071153456083776,1.4125651950490055,0.8454300716639062,1.3122273556804764,0.7073857832965518,1.0608352858948633,0.6048865877998044,0.9208456665763476,0.20899603479062934,0.7828141362470473,0.04447548336462674,0.7129937764207425,-0.11573605776717838,0.6124718003420694,0.24603877311175912,18.147148479499087,852.2335109705475,0.5120000000000005,3.6916723598615824,3.7526807027440188,47.05882352941176
call_c87e905eb0d7,synthetic,train,6.468202417312009,3.758402285671811,-0.09392213611103187,3.1490265833515165,3.140328901490837,2.8155137268177226,-0.15475983462021004,2.17542284930402,1.65583216582941,1.9477568920805346,0.4091483876107616,1.6223870286533053,0.241262841566513,1.4936323803196943,0.5618311760026709,1.2798865750118136,0.3599848891582181,1.0065160329694858,-0.09935486396815044,0.8422728360692637,0.11062952285558914,0.7182484256023025,-0.21824933705676072,0.6321491246791345,0.2362764109211542,15.305109187130881,72.41639328898741,-1.120000000000001,2.4563200000000016,,66.66666666666666
call_ca184bb77a63,human,val,5.571685277765358,5.647834436073223,4.400093825601502,3.652927610970313,4.658556970521654,3.50877673319072,0.20564545958536978,2.2052178856611935,1.4079095297017075,1.9265192753275084,-0.009882304519583038,1.6118344676676664,-0.1467599309663159,1.3255026870680784,-0.39786542842033884,1.0439415948458637,-0.12963189713101317,1.0652064584246275,-0.4662277703761828,0.9685137326649081,-0.18938238458152082,0.8452663397275437,-0.35588098002753865,0.8022737926785662,0.39734199124243486,12.539411015265593,8.221557112365176,-1.4720000000000013,5.90848000000001,,87.5
call_ca5206a4f854,synthetic,train,6.759601407081638,4.317187085784268,3.460036303723297,3.010522166875246,2.127207807024201,2.478612530007124,1.3106650018789912,1.943139462230269,0.9933372754509284,1.719520714689503,-0.03755095195263569,1.7089195365273702,0.2528330773735485,1.4298549866315067,-0.23953142908767777,1.1466150095939052,0.5066297117161902,0.9646876760272811,-0.03954527491262394,0.7889664201399816,0.22828722242990884,0.7409134946853984,-0.06400612196391459,0.6458263924983251,0.3313456526395193,18.00304111686569,158.66380295858548,1.5359999999999996,6.502281520661163,1.6601283597357472,36.36363636363637
call_cbad95f3aabc,synthetic,train,2.9045989702807837,4.285315942093313,2.451090194238044,3.3006875014735413,2.347525393744739,3.1528212136777554,0.49211075108339936,2.232069410387141,1.94162210535946,2.0131286228508443,-0.31809430669470445,1.7467320393184398,0.3188121649201618,1.4289859798225504,-0.25249391833855295,1.1971547468582981,0.3704799491868955,0.9627089526177471,-0.18062844867530675,0.8757367777633251,0.2274968905390409,0.7835226656657038,-0.17829322522239854,0.7164575206950718,0.4194194456973855,10.166863456091995,11.231170433446023,1.6640000000000015,1.7607743209876536,0.7974409358494553,44.44444444444444
call_cbb902adb22a,human,train,8.083639822453307,5.31352109950402,2.085626080080466,3.651389641812569,1.102012129222015,3.9614630300261835,0.421894351375748,2.1929488425991726,0.5198632022010319,1.9393523064999563,-0.575648128653071,1.4893707888837286,0.08743435384186471,1.453761305309926,-0.31284964902131074,1.1648457988956347,0.08499284173469411,0.974671231233471,-0.14338499306141173,0.9127444319699302,-0.14822829622915723,0.7926613270301007,-0.3659914281965211,0.7760202934024566,0.36784575678415976,15.35209758593178,25.224554466879134,-1.216000000000001,9.626175854875292,,85.71428571428571
call_ce3072c8e106,synthetic,train,10.592903558747498,3.038776125040813,0.544206896218456,1.4462437507796457,0.5660911812402118,1.6945515070151798,-0.009397399946538293,1.2389592331915598,0.19176178194780208,1.0967707227455537,-0.10177593884262981,1.2073391595395528,0.2074038160680518,0.9509553349167807,0.09284410611566782,0.7855000617848141,0.286393051733026,0.7351821073126764,0.03924475322473035,0.643720725199426,0.1056546319261922,0.5790165414833847,0.068265844517083,0.5203403645186977,0.17083035488274198,15.140065410924507,334.13424128011326,-1.6640000000000001,0.0,,100.0
call_ce6146a1c53e,synthetic,train,7.052077557506524,4.147743069467421,1.517066330502313,2.9428933996141327,4.170263022747999,3.0628597633488157,0.4973378408216942,1.9777771646602718,1.4548934010760675,1.9039403558242014,-0.289953167272095,1.787314554252141,0.16230392487090567,1.4590705672010735,-0.2962145607872094,1.2491581368370204,0.11900288293780747,0.9814674249145121,-0.11080343199550285,0.7991474640025082,-0.01149268628836804,0.7722338695855535,-0.029651834784618206,0.7197948598277999,0.4037945213745159,18.848269040250266,21.633130570446472,-2.4639999999999986,8.19842133333333,,91.66666666666666
call_cea74e96e420,synthetic,train,3.200977530019731,4.003312357051335,2.573995573227358,2.980308217908532,2.331839056794895,3.147546180761547,0.7453828010680458,2.2673301150716716,1.9031934289706363,2.0296360688901265,-0.4005719068389272,1.9104527437596113,0.6111828453441971,1.4540969611381604,-0.2742140083994266,1.191561082496589,0.38701703219108374,1.0266888152132456,-0.2200287797553503,0.8642025115355202,0.12961519489566203,0.7910483223007818,-0.22590366809492307,0.7168853643956266,0.40255501117038384,10.899284310650941,12.532267136688809,-0.96,0.0,,100.0
call_cf313f91b995,human,val,12.472684612710884,4.098014344062295,3.658449782260263,2.881163144885341,1.7777971198875853,2.499421809279391,0.597953158169755,2.1041852852883394,0.593226259064437,1.7424965176510898,0.4140795898493548,1.3699488418471528,0.5328758133431535,1.0638234608509447,0.6771788811292967,1.0549639199760907,0.41588206064836203,0.9106497032328449,0.34364370597139865,0.7217247883506879,0.06133210372738068,0.6362743658953669,-0.09213666274988716,0.6011132275745067,0.29138084269463876,28.3849206626208,1625.8983088114337,0.7680000000000007,0.8738133333333317,1.217161238900367,33.33333333333333
call_d0442c9e97b7,synthetic,train,7.997738291902433,2.6519738024019417,0.7243597362235821,2.3312279051002722,2.1442650340478497,1.9046428398011637,1.0138833611238836,1.7679725135418574,1.2681002600488016,1.5145540614816002,0.2610901379610385,1.6247230007323388,-0.12020660842903008,1.2674907952796384,-0.31956977750432974,1.141114354971195,0.14350835064562883,1.0288770599475174,-0.259171587057307,0.8421409161699419,-0.049759411160370345,0.7683494928255447,-0.1851359102483994,0.6839595204068112,0.26442604920578766,20.709845546898705,157.36961738535445,-0.06399999999999295,17.495742413223144,,54.54545454545454
call_d13864e1e455,synthetic,train,10.488884899737881,3.2858296916805596,0.7132024417110798,1.5025230970614132,0.6729860938647829,1.8659064040956719,0.11941735242661394,1.4131301850680211,0.25484469162856516,1.2560659251888742,-0.04510702069983426,1.2551204925647805,0.2539096070557997,1.0107489228774156,0.10707089939816342,0.827315281058799,0.32075543116473526,0.7686988696175852,0.08927985136416801,0.647129693082656,0.13717933435601187,0.5967474060370035,0.06673430151788706,0.5244802510963853,0.18448307188283758,13.217731839022129,224.72206018988393,-0.19200000000000017,0.0,,100.0
call_d13e6463c6fb,human,train,9.895372606032545,4.238765458141903,2.6356552341043415,2.897235614932753,3.114010444282207,2.248882503898349,0.13821955489881071,2.056299956879942,0.5553160858462105,1.6207042294524758,1.1388278934880005,1.6290036088950548,0.22036378593086153,1.268469876128676,0.5535166956265101,1.2271674996223907,0.6461051643656586,0.9821359979388076,-0.035988356713943806,0.8012046383216876,0.10982530063591917,0.7654012445569629,0.15192718091024862,0.6671799389229693,0.2968399533684112,23.81317328393959,405.7386708024962,0.9280000000000008,2.423234560000003,1.6774506448399482,30.0
call_d147a02786d2,synthetic,train,7.309331246905181,3.9733707613172413,3.4683633208700098,2.7234478520867857,1.9496271434586512,2.0785194900572885,1.511564052607087,1.666986271343723,0.9960203183179587,1.5661133450161053,-0.1499846309120221,1.4107581809640553,0.2673631437952426,1.2340189649007574,-0.1967267292502038,1.0442842919997486,0.40945630964147045,0.8699474943154698,-0.02770463720583248,0.7335841442841932,0.1999549683390275,0.6571875640303645,-0.08727585231683725,0.6157823329683,0.29607097506263164,19.307617677093575,474.03515537883175,2.176000000000002,8.451072000000023,1.335970934975888,12.5
call_d17b2416d506,synthetic,train,6.705450439438705,3.845745121896958,0.32629593312057625,3.2694527281132366,3.2151335524723246,2.6475131168799586,-0.1332926187805007,2.1378260021537816,1.9324573974487969,1.908287222966561,0.20366091335250405,1.6415250158031824,0.3618307368349345,1.5197705888685782,0.3748370815441485,1.2486736462731585,0.32194413661417864,1.000973547214848,-0.11496711374501467,0.8695308642436628,0.048244956218501556,0.7181736552575756,-0.1699756277827949,0.623869994293231,0.2533109451542358,15.937749898364281,73.24229231838981,3.456000000000003,0.34497422222221874,0.1699493814560015,0.0
call_d38f7d5159e7,human,train,4.534344061622635,4.7895638243542304,-0.06652509337233674,3.2557992657095727,2.519432493653529,3.239662503403447,0.8277991898372685,2.015602689212766,2.4806215072458793,1.8021866775108506,-0.46072232909165023,1.6429151620487261,0.7225800932153829,1.4473504608928422,1.0276738607631655,1.0452637174089952,0.30717113161136356,0.9756328283410831,0.064988261151468,0.9321280941245298,0.07257600556296309,0.7901180966351544,-0.18217408206092706,0.7221909412805393,0.41416504730147574,9.08018127644516,14.616676586118158,0.7040000000000042,3.1997440000000044,2.5408846965815366,33.33333333333333
call_d3e854cbb77d,human,train,8.40473731067597,6.283520130593886,3.2742034859637332,3.7156717191219575,2.208022178474403,3.3966267960137606,0.9951310966744432,2.151766652565118,0.3584929205698716,1.7681103805120155,-0.1241606394269445,1.641796479548,-0.028188714916522077,1.1315087374095296,-0.17912371447723927,0.9357063398432515,-0.08394872714585704,0.8504950270128235,-0.3494108841564737,0.7674635600786542,-0.08328367037117898,0.6759554611001573,-0.1415075653405773,0.6420720889912639,0.37544877493141793,14.70795198970859,42.989981716441385,-1.8560000000000088,3.733879584775092,,70.58823529411765
call_d437831f4543,synthetic,train,6.013662127112388,3.7199209214288067,-0.051732770561712466,3.0346837174386874,3.4572172109606782,2.7387534450488835,0.08453362337260428,2.022621457789803,1.7371102016989413,1.5790540289452892,0.5180507430398951,1.460902938749063,0.25435734304928515,1.2779330409077267,0.3319158619014807,1.1434748955496095,0.27713160065360243,0.8928438214924428,-0.16320774531137117,0.84205337286329,0.052861933376206385,0.687544762532753,-0.21244114952400447,0.565800518370131,0.2415382364350831,15.184529916055723,98.16504040439311,2.1119999999999948,1.077703111111112,0.4915363660847061,11.11111111111111
call_d4518fcb700a,synthetic,val,5.144973873646738,4.865144311149668,0.02489930837617202,3.3240149934137393,3.1814552156458866,2.571202007059421,0.23071293231876017,2.2393510066380244,1.7749670172503935,2.085787049843039,0.8969450470701188,1.836723195504819,0.05221240051615821,1.6749942587942883,0.17370179081647896,1.4591576455333253,0.36496754836976075,1.1185828315105457,-0.13361302668781874,0.8704613524856777,0.08066710187351986,0.7268407514055871,-0.12067792920929026,0.6791425678594694,0.23182951048200842,13.023594620512831,55.014324045884656,0.8639999999999999,3.8675840000000026,2.2761775468898975,50.0
call_d557fa43925b,human,train,7.023954635635775,4.7015949826649654,4.230580718441026,2.9368101483521305,4.042624808022187,2.5746917735606036,0.32075840408164036,1.9908486201648194,1.1370425786235796,2.216755735057627,0.20838044358134228,1.5463461488962993,0.45715936242088484,1.484538726537526,0.9337159459532454,1.2249131331220515,0.20190394495211203,1.0736122824504932,0.19032333298537746,0.9060983964812345,-0.2677486196048524,0.7679547877029224,-0.394442344234164,0.7558671610744389,0.35841172500237606,16.563850721955973,392.7512689930162,0.41600000000000037,7.582947555555553,6.61950775902023,50.0
call_d5d00276dd35,human,train,10.287339714043629,3.8706441346058247,4.772653202488436,2.8102159724984475,2.4290374910569783,2.8138266170890165,-0.12434953668940663,2.3135014364021513,1.1950128647594505,1.9518367363906464,-0.5570436950922738,1.567754598952702,0.4453923379404496,1.3186385501324718,0.2727691548942881,1.194018045723169,0.13816776196708352,0.9983674865385127,-0.09887404816511362,0.9044697995231208,0.021381277996811707,0.8011421534088529,-0.08327786699096018,0.7136744019484403,0.3721782738184099,22.62263333086124,201.15586636330505,-1.7920000000000016,9.740996650519039,,76.47058823529412
call_d60330be1b1f,human,val,7.590366348638861,5.0080255355199625,4.190394630705651,3.517178849296292,3.100181581920151,3.02680147422356,0.4957751610555031,2.096036548155576,1.3423755745013908,1.771639010925529,0.24671861168463954,1.5475554990549096,0.26941147085096,1.324168028377004,-0.31731023212151316,1.139887706359483,0.2496014348680672,0.9986964204760717,-0.06365562582852594,0.9345990690183686,-0.08633157277911503,0.8174396162198728,-0.19551091260304723,0.7061605972237417,0.43861622130281364,14.426515584955041,16.299767140237645,0.9919999999999938,2.4723865599999995,1.5850629507222647,30.0
call_d72a7cb67eb0,human,train,6.719546719852692,5.505902961059757,4.115801092015646,3.257046936826648,3.2656532815813755,3.0643475845902706,1.3494798091325246,1.8317311845611386,1.8213382897814854,1.8145977914819214,0.36312560620986545,1.6020934561139752,0.38147426513352545,1.309443870347259,0.3325744517279363,1.0190348812072485,0.12592684196287934,0.9286526344693478,0.38309621185806597,0.7111969779264946,0.2888048172235427,0.6784180481365243,-0.017029444996301102,0.5631226742022101,0.30700555886655856,13.910171014009308,281.5114223289312,1.3119999999999976,7.864688639999987,2.1375039789353183,20.0
call_d80d9f6f7884,human,train,8.876398635096958,3.876600678148788,3.015632503778133,2.958739256334962,5.027680048821134,2.609773191776774,2.305874187099507,1.6743680275609014,1.0582101658572765,1.654999697244491,-0.6053370155394303,1.5644340997844666,-0.11248715818183944,1.2127005229153192,-0.4188099397427351,0.9990743075887997,0.22201045534535654,0.8263020244356708,0.25381140829666976,0.7779806420406246,0.20336256176538414,0.6541770512413978,0.08171902002446249,0.6596707590281036,0.38120745390151073,21.45170675429557,209.0882410476646,-0.1599999999999966,1.0716728888888938,,75.0
call_d88d3c23953c,synthetic,val,4.658366224642952,4.670616125825262,-0.15063255245212936,3.2317017170845963,2.9766000398904935,2.565430183377087,0.3578514379573384,2.1615503598707133,1.5030874010458144,2.0532865044832715,0.6912412198053066,1.749407176932623,0.10442666942400305,1.5818322867561412,0.16612157544810052,1.5146692704855256,0.2974942526022162,1.0919652110322133,-0.11264086924359996,0.8726873986445328,0.12443860108942809,0.7816949236079819,-0.1676465185166815,0.6706965387458073,0.2071404606559074,12.57759014133486,68.04198851210465,-5.952,0.0,,100.0
call_d88d8e15e430,synthetic,train,8.745161877172468,3.7298593153754216,2.865695585013966,2.6741714697933703,4.296387619220251,2.8262165264525403,1.1042656582576016,2.0419556035767696,2.039926912335206,1.8825688885169596,-0.6131857730851589,1.7588644229766777,-0.14004732497897335,1.3549047921237385,-0.5052003742575683,1.1281516645876204,0.06931850068569387,0.9274873597923643,-0.05049786761655666,0.8004035794718498,0.00684764351562972,0.758834361361942,-0.036916412590848324,0.7223002005771437,0.43869307985452344,19.166709845581913,30.126261879819918,2.048000000000002,2.081512727272734,0.7044652630316008,27.27272727272727
call_d89caa393417,synthetic,train,8.129642107910447,3.734234933806886,2.740552419566419,2.611030906580349,4.34778830283831,2.8773858775144405,1.075138307455316,1.96762709320665,2.0879054391681127,1.7357272647973603,-0.9798779673491651,1.78145954012686,0.17138930820956566,1.2484722744675347,-0.5642822053390135,1.0597028039255956,0.09025653321541585,0.8565986502680584,-0.05108494007563659,0.7680284141044407,-0.042050871145183355,0.6870335258367313,-0.01657794044359054,0.6593694558455456,0.4820910153991219,19.341925034023554,22.106994716754844,2.303999999999988,1.64976848979592,0.5574796612328904,28.57142857142857
call_d9b9c625f406,synthetic,train,6.8292116625650605,4.779779433603528,0.5723612108968792,3.1220694335424755,3.067479042893831,3.035621655982628,0.12851684016173281,1.938845049498546,1.7253827248484486,1.958559627023304,0.42696905324444834,1.7970330987042968,0.7406660877001789,1.4830254324546244,-0.0128133202922186,1.1846226442531729,0.37367875701105496,1.0217861022053236,0.11707486325568642,0.8288029725977157,0.2254189160572777,0.7219306869907682,0.032049541502013,0.6450300099890117,0.37256658119580527,16.582618639076898,62.538648621159005,2.5600000000000023,5.277005254437868,0.8973333274718567,15.384615384615385
call_db5326bcb672,human,train,6.464160740001917,5.292112759882033,1.058355094779142,3.3995565611070617,4.177884494220601,3.5434550366210993,0.567314870968209,2.014710555553905,0.8061796045783132,1.80553464219356,0.5099356279415262,1.470469449956451,0.3419727635527625,1.2282481848489928,0.31959926219484025,1.1158481085633363,0.2552665927535709,1.0193199859444921,-0.00530121665596419,0.7919787403970803,0.07584518211585076,0.7201530249615736,-0.1698961425316505,0.6744302444079603,0.41264460449731205,14.45731870526054,26.180221882693512,0.7680000000000007,1.9625899171597683,1.8241206576238378,38.46153846153847
call_dc1a55102190,human,val,8.725740528583902,4.602860687504952,1.1766677627367055,3.1517704821020485,3.3141758975780506,2.850638367349019,0.3885758305195799,2.2451430590325523,1.1146900706466136,1.967154094389665,1.039031439384124,1.4425478461977232,0.07523275601671464,1.3274005940391989,0.1508202275577456,1.2863122768432782,0.215096935261857,1.0821564455973118,0.028443100672634065,0.8193725624731487,0.01689752637271913,0.8225272800940647,-0.06569208370269472,0.6746051373945969,0.31145296890246216,19.91749242986034,227.1106600490176,0.6400000000000148,1.8498408520710101,2.1251383526140786,38.46153846153847
call_dcdbcc7d70e4,synthetic,train,6.348621251166733,4.2870509096419775,0.6128320207703553,3.3910912679873273,2.7755687113369447,2.692692068330768,0.9578433964948134,2.1435398061018773,2.176741964267236,2.240194360642038,0.8775550245380139,1.7622639754655418,0.2564102187514583,1.6149873345267205,0.3962591957736869,1.2797456630339128,0.5516122817750844,0.9688958145293682,0.22233746128218218,0.8041660825584455,0.22380981631840724,0.6930000488532856,-0.009613756040297211,0.6340797260075957,0.24477705654058696,14.054941588011935,242.95243630544144,1.8560000000000016,0.8347038677685927,0.492252852051749,9.090909090909092
call_ddeabfdb99d4,human,train,8.893284873568799,5.043840754934883,3.5830248228607218,3.4319164511613596,3.0903252743224146,3.210710409024618,0.8922937449815811,2.127663888774076,0.5451625847393962,1.838675836311779,-0.24390929755975344,1.455319729766796,0.19190076070996304,1.353821249015209,-0.5079759215211974,1.085980648152608,0.08237429263728568,0.9519762196834253,-0.12347534899601906,0.8092172777845104,-0.09733512499498101,0.7515248048104055,-0.3750024027559117,0.73098645575922,0.3605854315409646,15.581881867312198,20.405023987739327,-1.216,3.5391143440453683,,69.56521739130434
call_ddf2da1910f1,human,train,6.943604434630884,4.994411507163445,3.348819203494834,2.9194290544180417,2.7310394214819174,2.934962779286194,1.846053794064864,2.0367822306173102,1.745591115047624,1.6417557140103476,0.3988817634983376,1.5063929741783588,0.6875702473736288,1.241646078767176,0.325037798925245,1.0295831939747666,0.23119165598085087,0.8047636922765443,-0.006370960481663416,0.7008634123379525,0.02529781911988349,0.6462238046614138,-0.047536273251868405,0.6246837278292104,0.25504975708392014,19.056801982199794,487.03915065962997,0.8320000000000078,7.471388444444462,3.2853173853002846,33.33333333333333
call_df3e278ab7fe,synthetic,train,3.3891855005925065,4.106551197392625,2.641849091345502,3.305081699366034,2.2383908906319427,3.38896119123912,0.4940451625269303,2.123817443372556,1.8877928164229312,2.1282299938706997,-0.28105220114039176,1.87417129970762,0.40677125139878767,1.4105724928433208,-0.28863472587052197,1.194793568578581,0.37271691695369824,1.0391766255703252,-0.1690947883536596,0.9119425148761118,0.17372181774172407,0.8023385094028883,-0.1992103599940906,0.8330877230709725,0.4204971931010909,10.719417251888665,11.052666656232201,1.2159999999999993,0.9959034710743854,0.8206822644209495,27.27272727272727
call_df75973c8794,synthetic,train,7.212608484478309,4.393224747274897,1.2163037395674121,3.2440212014434144,2.37222385065556,2.4262269042819935,0.9182062788675843,2.102336107520039,2.031791413258323,1.9567177666447781,0.6016532493843566,1.6594372211303623,0.41358895077561036,1.4140384517303508,0.5023131727784664,1.1607646706916463,0.46708670688150206,0.8997079456501945,0.28179153513809096,0.7460346270907847,0.1959454487825249,0.6525801035472257,0.067303036358808,0.5796732991067685,0.24481202713407998,16.861992202156898,549.8821321364059,2.207999999999995,0.7096319999999994,0.38152019075617993,12.5
call_e0a8703be347,synthetic,train,6.989385094362855,4.356847508496553,0.27183686460256484,2.8361634376405838,3.131428552423058,2.8453066328412997,0.4866570608769726,1.8370255405802625,1.7878330452676323,1.9448367783009821,0.3802751829711513,1.8738224224068079,0.4448192021508727,1.5181462120922484,0.02236181011440419,1.1779664455960808,0.3883974930077697,0.9426251961545866,0.1560396317819183,0.8024462261557892,0.13753218378551382,0.7000068763098317,0.04705948503592228,0.6673055031679312,0.3881581491772119,17.12362992972625,77.60648924118188,3.1999999999999993,0.2942566400000045,0.16951696080333806,0.0
call_e0c1f661d9ca,human,train,9.16076506627106,4.509713763659162,4.457374835916062,3.32342092410074,3.2078874590024617,3.103518882590597,0.6798081380062935,1.894129510986844,1.047234745469125,1.670645216392372,-0.7084705525858905,1.4888923018447495,0.1667655025215447,1.1857454148040658,-0.004376839040028127,0.9770685415163454,-0.05959980103569788,0.942994719083593,-0.16136127186889487,0.8650922972773065,-0.12580508372431104,0.7423202530498034,-0.2291370408615629,0.7007839549781014,0.3601769072799557,21.897007820264335,176.2689303002583,0.5119999999999933,3.7601279999999955,3.787314351885826,50.0
call_e106a61086bb,synthetic,train,7.041477561124619,4.202540695693604,0.11621391024611699,3.002409106636357,3.3233443459537044,2.912213267095104,0.5715425671670258,1.7581333227812148,1.6840284856769645,1.8662189678975243,0.2109973520016159,1.848483859888111,0.5084909203569661,1.429260629924958,-0.0060387398305835685,1.1320336533080624,0.38389625196822375,0.9435299279489838,0.020612321672773902,0.8220903452847064,0.1842585812676284,0.6779631741242478,0.06056443454720868,0.6427290008432938,0.39520498736027126,16.533170552296937,78.1634673836149,3.0719999999999956,0.3722854400000005,0.19861718133691855,0.0
call_e118b75d4937,human,train,6.28478601846515,5.460690399240587,0.08032904639293836,3.609530163250842,1.4913950019119884,3.348200777471474,-0.08808439354119119,2.1243100683566913,1.2961164768764433,1.7846854499917764,-0.04210150477451299,1.6623083719002285,0.05743762195411229,1.3069430529465635,0.23483105917967884,1.0875068535792198,-0.021228699010432388,0.9448862843595062,0.0617804717356983,0.8916759758800418,0.21425970204430708,0.7382044715372804,-0.08700647831277153,0.6135470240485387,0.37748527559780487,12.605112125754538,14.212182634293143,-1.1520000000000001,4.760969301038081,,64.70588235294117
call_e2200941723b,synthetic,train,7.343137980258723,2.9755695432582265,0.23167156423318216,1.848742849490209,2.2187798204520175,1.7333194603297968,0.9838638353491317,1.9680980924176255,1.5951228350687419,1.6247469893243836,0.6493300060998717,1.4910649556478186,-0.21035386968147296,1.3643835865576885,-0.1098251583112203,1.2534594868416853,0.013475770410737779,1.0142349793466576,-0.3092789400686745,0.8512175224934038,-0.1372513217652273,0.7578991526388394,-0.18325193859865654,0.6809111063007878,0.234526353192077,12.579969410297565,64.56991454565988,-4.991999999999998,11.565056000000006,,100.0
call_e2d538297f0c,human,val,9.878930666526841,4.285297388185657,4.0112253817560815,2.6316890708434437,2.8171045637709193,2.604906311421055,-0.09523979157121305,1.9413444062957999,0.8881948322886062,1.575465157168513,0.21225198824365468,1.4872060575675736,0.3290835291234023,1.1541934768868896,0.3403791422369542,0.9919501846559909,0.004462152587623815,0.8615368273422292,-0.1504259535933024,0.7866483723401514,-0.23282658269966788,0.7140674867685781,-0.14502996595624518,0.6385479069035648,0.3966175286784024,22.985941315133175,97.96896957077519,0.8960000000000008,3.1547142382271467,1.9823119693845288,31.57894736842105
call_e3064936e37a,synthetic,train,4.871289727994951,3.731165641438702,0.682855360389169,2.3687902971339674,3.2629988205942144,1.7719224264014488,0.9289743091525404,2.377301383315598,2.133891071755512,2.2662080952774835,0.6401305220396083,1.5526126783682523,-0.08319765253342198,1.5308492936826839,0.5234362594539339,1.3017978433612738,0.29043311802386407,1.0002204674890045,-0.1358484185794521,0.8213225852504435,0.15339773865993178,0.7014354127753515,-0.15103927158805677,0.5954532959922729,0.25440193881214224,12.854531982256333,98.22577677503793,-0.4159999999999997,0.9840640000000004,,50.0
call_e3084824935d,synthetic,train,7.783197377553131,3.470584802756244,2.774677086628346,2.6219412594545215,4.9391114689259235,2.748775149086035,1.0824257841534255,1.7811362645388469,1.8363005714226015,1.6309523278981328,-1.3759855762777111,1.6320551110428934,0.27533694595346925,1.3050894101175685,-0.6384563828030596,1.0231056554553672,0.1315035497494419,0.8283750723419201,-0.06133880659915912,0.7587290625623907,-0.01788946580650791,0.6779029694603111,-0.09127943165487445,0.6384098265457643,0.4693883331970014,19.33675955384998,27.822543366549073,3.2639999999999993,2.875796543209885,0.5195518894890353,11.11111111111111
call_e31bf946a8fa,human,train,7.298239487353207,4.6012452870021345,2.17422547136674,2.9359356899632827,3.7252766879488677,2.2677713519197042,0.5571779796468259,2.029942254314491,0.8304840704120044,1.6621497456909957,1.1318455223131612,1.6323174218170649,0.16446159813785155,1.4121552643234094,0.7155228684047378,1.1613779196171632,0.5681350575952897,0.8864782320363069,0.03753424567318112,0.8053920274324563,0.06468913714392055,0.7148709411790601,0.020138347735260048,0.6399459466384456,0.29125146187695444,17.685235469454703,153.49390502646045,1.055999999999997,1.9385958399999967,1.318498742814182,10.0
call_e329faf2b6a1,synthetic,val,6.180585930994603,4.294141581996321,2.8068087591153423,2.78998812172172,3.2828333168172383,3.022820647108086,0.8554663596988629,1.711283938488768,2.09686240312946,1.6789681359650206,-0.37652309973005743,1.7845206416819084,0.6464106479697607,1.301738733581703,-0.2210824066020461,1.0211964665383635,0.14217621056457813,0.8942679685722494,-0.2536279272309415,0.7491725481600846,-0.16014870026465314,0.664998373238499,-0.3408329081393687,0.6310545203451771,0.3926890900650792,16.479093236199326,28.42819241016332,2.9440000000000026,8.881955966942153,1.012316935069363,27.27272727272727
call_e3f555297277,synthetic,val,5.80408436513792,4.5371121536862065,2.3881353897231015,3.154891601409184,2.946733899502414,3.5245051655988693,0.8736465943653802,2.0921680906190803,2.3222663403523955,1.9879212748482598,-0.19224807189453783,1.8916706204872809,0.6683496555235896,1.5098501715062866,-0.2801313726064797,1.2475900626352139,0.17790932319342434,1.0283068542876532,-0.2113229511726348,0.793066729374495,-0.14390990541573445,0.7535899455659787,-0.23645751918140318,0.6933176206630673,0.3793894554725452,16.144699045124547,37.09011965918107,1.6640000000000015,4.981183999999996,1.3412599917184627,12.5
call_e4d9c2e0947a,human,train,7.354068381754444,4.528091433914906,0.9406167543660994,2.8292947899706,3.8824805441995744,2.3818070661686424,0.8402406977990939,1.9055984817767166,0.7499509125285003,1.6070704104640408,1.4731766117559069,1.5533818677039062,0.3873983885389314,1.349391882503024,0.6095439036270899,1.1957881685864047,0.5085149049098101,0.9484507921947816,0.09691447011573913,0.783698907324346,0.19638052633053832,0.7451690833125606,-0.07566348612569707,0.6520768344796566,0.2706988409337595,16.54424379935501,133.98724169117082,0.9920000000000009,0.8898559999999999,0.9509292240634619,25.0
call_e58669998b76,human,val,10.233100416779745,4.941763087237859,4.563805848795586,3.287125418112496,0.7797112786034125,2.8568546060328037,0.27492623444474007,2.026026301992169,1.3761600131333207,1.7503678131701428,0.08236214542017695,1.3994656266563683,-0.03158593863833523,1.2503498876425643,-0.21754454401186757,1.0015586231896032,0.09807128625216571,0.8667987874834093,-0.30703950181430967,0.7663026945428935,-0.16961113037966882,0.6757029523543349,-0.1499714844339989,0.5865722366341728,0.38638101134576847,20.716354661776293,162.54998433889907,0.6400000000000006,4.870380958677687,3.4482718153296266,45.45454545454545
call_e618b7b1fa5b,human,train,6.635761962323668,5.4651402468720125,-2.155200003671567,3.2679503686020905,3.686416471493737,3.7654600934987563,2.1319737778494563,2.651022279287676,1.6140953106131826,2.0231423786525875,0.9035596647799179,1.8069745732644793,0.30139693643156373,1.5238285608989692,0.268758147803014,1.2292102891060215,0.04331453041284583,1.0413781227693517,-0.0869497046768172,0.8862968622789908,-0.06846056707520465,0.7283838347190646,-0.11728478208372395,0.6304749111359088,0.3454227031241758,12.416549240314929,171.5798335973194,-1.3759999999999977,4.357546666666674,,83.33333333333334
call_e697765a4dfd,synthetic,train,8.994391362581686,3.6129667576072118,1.907834667945817,2.7195546918210876,3.454809874780006,2.4439940743866164,1.2003742287992933,2.19152269697434,2.30550989530005,1.924133066723252,0.8135308905448451,1.803658583120649,0.2041845773252962,1.5524043941801695,0.6432173573602311,1.3311439663749025,0.46003036819444443,1.085964575547619,0.15229426567734267,0.8532043112866561,-0.012533816616232138,0.7170979481542321,-0.17601572626494916,0.6402842280377681,0.25838539542139066,24.136747908378602,468.1706839021706,2.9439999999999955,0.3900800000000022,0.21214804613349908,0.0
call_e69e8ba551e4,human,train,8.904418386172331,4.507386524375085,2.435307159616412,3.107722547091259,3.028215614442944,3.391099778447444,0.8477798622717378,2.1010745624931215,0.5706869642635992,1.735654381830917,-0.13129829520161365,1.4405683495958708,0.12661286887000622,1.2680320125750228,-0.2545737902501766,1.1387270743198847,0.2860546535557298,0.8866252101287552,0.16240073563095653,0.802503167668305,-0.11501681525468599,0.7445158751218586,-0.3579683119037863,0.6780623733725436,0.41195122834292325,19.141981981976464,41.17891658242244,0.7680000000000007,4.70734617751479,2.825054618289387,46.15384615384615
call_e6c59d28e6d7,synthetic,train,6.049047664864753,4.217822391581824,3.5339546406387226,2.8311488437674894,2.142240116133909,2.367312446435278,1.6330560848359346,1.6283704736033386,0.7513338893158203,1.4855696626516244,0.08111371379788998,1.4248226860264588,0.4045736037598019,1.2390086873754278,-0.24442505080638866,0.9654066712549979,0.5829083791470836,0.8514029656581338,0.011814767590662675,0.7176963722644413,0.29949518983041706,0.6721335567704733,-0.04994110603170416,0.5944838877714693,0.2804329806022465,18.014534519743705,259.70045201789833,2.016000000000001,1.8757119999999998,0.6793483902415304,25.0
call_e9bd33cdb226,human,val,5.063349056444299,4.544527609470934,1.3121058797438057,2.7560309825931744,3.0808540841904755,2.291505119375514,1.4267147350655596,2.5453971437695775,0.9448846303359142,1.7319686785915749,1.3207992960734516,1.3563197747530635,0.32709640417024144,1.3304643937600182,0.26181673393952254,1.244051439449897,0.7613378816630509,1.200975483231682,0.06315690962755635,0.8597121439555486,0.16313250520222067,0.7790570926439128,0.030972590642083297,0.7009780409606895,0.289600939355796,14.029795163165005,100.63273336863668,-1.7280000000000086,4.732040997732428,,90.47619047619048
call_eb1c9a5a2c08,human,train,6.180626505857268,5.989534172719199,2.323215258413376,3.5065771385762714,0.5522409322012471,2.6002180506364927,0.12110274891795325,1.9124522114006932,1.2614236825062415,1.6615273028541124,-0.1783816065175635,1.5373444083011902,0.0623539366106534,1.0726882188520024,-0.16391282877262953,0.898333458810013,-0.08128521540067243,0.7360364442160905,0.07202573183180766,0.8090931627757754,-0.006066336927558674,0.6781936131896228,-0.016649407677859912,0.5523026779130507,0.32644018032266453,11.081874514388304,93.12822524931329,-0.9599999999999973,5.654896000000006,,68.75
call_ec545493459e,synthetic,train,10.489077397638265,2.4239788891278224,0.582254133990649,1.4910712565123152,0.34773034440804873,1.4025231023784084,-0.058842976662850294,1.1360491785758986,0.21142561141216398,1.2682777333738893,-0.2322826130652455,0.9742506704583447,0.13107211242518316,0.8099260771431912,0.1309644338822879,0.720588762188962,0.24549108826234475,0.6256483010190743,0.058021224133378645,0.5791418890584389,0.0965886501352589,0.5602451661991603,0.05762907593491487,0.5051303320894021,0.1710878088187362,16.805285516962456,696.1874435007278,-5.952,0.0,,100.0
call_ec58505fc522,human,train,5.817932271223443,4.594595279071809,3.58372274924825,3.0437562910362534,2.6807540994108168,3.2154508287384957,-0.3754050930249705,1.9249776421958775,0.5800602196364069,1.8015210941194473,-1.0216246361412629,1.5304080214299423,0.4746844950312048,1.2702968500156315,0.02291564874449189,1.1138876192095328,0.2912521472875774,0.905773695758522,0.029173855004181983,0.8366311778378076,-0.12280529522372949,0.722848683643641,-0.1614662829155871,0.6904906240337217,0.431384015933985,13.666445606544897,9.903237936538883,0.8319999999999936,1.2742246400000006,1.3567495092202024,20.0
call_ed020e30c242,synthetic,train,7.794341936684438,2.2636162920178027,0.27657391100406087,1.842766478038159,1.9530988797567765,1.6020826789708806,1.1998337416952138,1.7298941977803974,1.393666460896743,1.3703369895977173,0.5778334927785689,1.3900545934040653,-0.22289540186001913,1.266799125379394,-0.25502530810866625,1.1544186937142566,0.002604381845956641,0.9793308276901345,-0.3385628410251489,0.8517051117467884,-0.11245043326016083,0.764491959828018,-0.1905020251311557,0.6989909531064887,0.2131914898512533,18.581712534892766,78.65500014857842,-0.8320000000000001,0.0,,100.0
call_ed041799aed9,human,train,6.772043121705992,4.616634354859927,2.369465856207138,3.0337872909259205,2.319065820821936,2.6673877244070026,0.6755671938545991,1.8296079660222497,1.6113850858930054,1.859392243981143,0.5696303720773792,1.3158231605970818,0.2181791185957087,1.2076550281124836,0.5937697483797444,1.0347234868228707,0.4542444618680228,0.7935086868564011,0.23294631933733098,0.6869111018487415,0.19212332388212028,0.6092830848570732,-0.03480961026077911,0.5572682943287505,0.21785606330315707,17.235859097712492,270.63495458800594,0.06400000000000361,2.569072000000004,25.04425770011821,56.25
call_ed99e3ea3f0e,synthetic,train,2.5388014186285064,4.382735139471225,2.7846035689932176,3.4073453287330357,2.4959571903633964,3.3229155434100655,0.554114738160688,2.329819775820113,2.054060622782115,2.0966828068076278,-0.133338086621169,1.7563016114537189,0.6213287812868626,1.4095154057655632,-0.2833570687189896,1.2916307978930899,0.3618305120813565,0.9958977757484913,-0.18558791207259043,0.8553782847023692,0.12473044863030236,0.8223846567911457,-0.21104857979539948,0.7114044490127704,0.4002125262516601,10.148625812178338,10.50107127189062,1.7920000000000016,4.311564694214883,1.158722521399718,27.27272727272727
call_ee227bc9d7ac,human,train,8.129210522088547,4.376098356524337,3.7533788369209065,2.956305820596396,4.05173826280753,2.273072151970376,0.7654667716809543,2.0692219562386893,0.722218526333041,2.0084302818479847,0.6157960205627362,1.5924974029732852,0.09480377646175213,1.5512462350310756,0.6907631212784787,1.3578542631771071,0.3052692994513473,1.1107230148538072,-0.14245600646842763,0.9879860129827461,-0.19899975635580458,0.7691707624184682,-0.2773577487403078,0.7236268302762556,0.37738803904647433,17.654532501685296,280.18595237670434,1.4080000000000155,4.706633041551244,1.540822156578224,36.84210526315789
call_eed2c7389776,synthetic,val,5.3073154226493875,4.520822307899558,-0.23428815006607615,2.9770128668867275,3.06541291770548,2.694578408652467,0.6723734681436436,2.290626919251357,1.814087120164483,2.1346275925143345,0.7380657671580554,1.8348427818811417,0.1174863951386734,1.7172528974480632,0.02572434475429161,1.4515943219315792,0.27806813336125935,1.1166263452829457,-0.1864613620572257,0.8913946753564406,0.017025218068812895,0.7273158041230539,-0.09423865803396159,0.6465506158739187,0.2327251033653628,13.201468377597308,47.587363038883254,3.6480000000000032,3.1362662400000008,0.4854579659968191,10.0
call_f003741555a1,human,train,9.304790587792205,4.246617249344888,1.203721765122439,3.185270756080406,2.9130840315036646,2.5241343461346233,1.9456978397671922,2.598279755953604,0.954732557714771,1.7922330420118577,1.9522983351596022,1.6999895221693082,0.4385054827125583,1.3892846221427446,0.13983273056795947,1.2481442580579412,0.6639498681722775,0.9873854394614066,0.30860339088743394,0.8284855580923738,-0.13901138330985974,0.7432549044042118,0.06816986795037466,0.682059716984443,0.27956868515952915,20.795766310472125,618.5599098222974,0.2560000000000002,8.282112000000001,11.241663577958548,55.55555555555556
call_f0ad1cf1aa6a,synthetic,train,7.435502354910734,4.415013280545609,1.5960381989351382,3.151137100261975,4.2553627782556624,3.0235372924085118,0.3335665128443306,1.8964977118755912,1.4822470058987691,1.7733100204497412,-0.09407757658466304,1.7156071482513888,0.1286618667871835,1.402971664362715,-0.26182608702126586,1.1831622460107434,0.08382299208208405,1.0101590503287328,-0.11924411038017557,0.8973992023499187,-0.05555705166384167,0.802446505665138,-0.06474241064757713,0.7496170006331332,0.38247793476404013,17.926855275247114,20.460359368141297,-1.472,2.058532571428565,,71.42857142857143
call_f1372119b403,synthetic,train,7.834885285483983,2.2614817759664683,0.25005936798860956,1.805017432594323,1.948459045373351,1.5902035839633768,1.1989602348629713,1.724961525221343,1.3791410305458027,1.3563477451291936,0.6249015616007689,1.3616019561211352,-0.20453958921671012,1.2520324063755273,-0.2325801026917625,1.1475676871543699,0.03661446635142316,0.9790881636270106,-0.32518042878229364,0.8368237345465953,-0.10906967425444808,0.7695580038435669,-0.18195818983759948,0.6903929612627252,0.21179883438991465,17.49639834082634,93.97913402450897,-1.5359999999999998,0.0,,100.0
call_f1b82a4a46f6,human,val,11.882392567543933,3.9847981745047596,4.599696032093037,2.9361750260736654,0.9823973748988858,2.745826742012451,0.8738497517756204,1.8835489903033147,0.8812183445750978,1.7327860924193017,0.43246766774613,1.6725990424712835,0.43037671216561285,1.1820357735912639,-0.32740952560595804,0.9116633367340433,-0.15446847576928674,0.8551101908235543,-0.1729822128724661,0.7304419711675666,-0.03616401382596021,0.6538442398804551,-0.10756323110075927,0.6007650423617039,0.37910644960078044,26.617210259872472,920.045821913775,0.7679999999999971,1.8647039999999986,1.778049024445995,33.33333333333333
call_f202d4ff9f96,human,train,6.815000945917691,4.957692002365134,4.864257781279723,3.5308511715832815,3.1612089137942796,2.9644868521731995,0.2732619479368434,1.9381423250239556,0.9439843444845627,1.687876856146518,-0.05812626954605579,1.4595577428703141,0.4915347410865659,1.1037751475040627,0.06311467924300035,0.9866374619402591,0.30348521175131493,0.8600819039421781,-0.03940556086461304,0.7742208086046997,-0.05717434957617648,0.6657473740715875,-0.15883461622878348,0.6509498448311885,0.35593673674061677,15.263380882544482,30.40912036671139,-1.2159999999999935,2.218123061728402,,77.77777777777779
call_f23bfe7d0e9e,synthetic,train,6.272930164260611,4.297079828645201,0.9889668491034471,3.147687302869002,2.748098084319455,2.640895890175523,0.9455294014387275,2.1900426926980305,2.134023198631146,2.262184694337463,0.8409657472399634,1.8281077681157045,0.40402675832373025,1.5735553140704335,0.503362032332332,1.246747632154679,0.5996375019556739,0.9479894733183658,0.2247409027491202,0.8022115013374662,0.23562687392454595,0.6843545777609428,0.04620445736527945,0.6181252726561536,0.24744586812627087,15.23245562057047,288.1257148392246,1.7279999999999944,1.007717135802478,0.580932379753792,22.22222222222222
call_f27db4ab1f5a,synthetic,train,8.708203340725472,4.522002951200989,0.24048877298404478,3.567527048770905,1.5513158886304679,3.25750665151305,1.150492143666637,2.725192860131288,1.1489192417740952,2.1771250766339336,0.5865416996343775,2.131279652357719,0.2245057436236433,1.7534843182517739,0.7760009961898582,1.4858730820232016,0.43782104153322793,1.0514997657041107,0.2961919676270368,0.9083080905214486,0.3700510629881856,0.7860125766899098,0.12230449871877347,0.6344476508465162,0.22771131107040737,18.19372310257944,418.69751210260597,0.1280000000000001,4.171521514792898,15.95648668898078,53.84615384615385
call_f2ab1c408b36,synthetic,train,5.285012536090672,3.745712232425332,0.8022417925718639,2.285254065091341,3.1336944361103978,1.6692281990295799,0.5440537234923981,2.0938062316212895,1.6159896452332236,2.1240285527567826,0.8558424092437016,1.5531850281268569,0.15930332270646624,1.411213334897433,0.400350154786663,1.1898418965868292,0.39986568294939967,0.932304622916638,-0.024321516008281314,0.8049010685316873,0.12435104955225859,0.6981489059862521,-0.14799052142817182,0.6151370152048403,0.2313171386779123,13.60120864436822,103.74207066027645,-1.472,0.0,,100.0
call_f331303c4fb8,human,train,6.844586265512022,5.287976941890631,0.4277085316042777,3.6868072609466442,1.455659275831917,2.9196365709726004,0.7594053494885158,1.8602439762914142,1.7475736960242731,1.8744282198671647,-0.4157981664454756,1.6389578888736422,0.5758064704685657,1.4115712359149644,0.5021198509880197,1.0317801661154455,0.19994409613620018,0.9402035637234216,0.4913902351126515,0.8264388403664409,0.036746543355905756,0.6707959819423411,-0.1790931708064473,0.683592538275087,0.4000507745975013,13.029144134671256,25.33887917953885,0.8959999999999972,4.478349061224488,2.361842650990609,35.714285714285715
call_f5251fb3b1d9,synthetic,train,10.401889729895588,2.065686173238405,0.4934241907458229,1.3790812783454491,0.30281050660059916,1.2595036694057435,-0.0634755448446167,1.0224987255185745,0.16932118802600105,1.07385521454991,-0.24484824975110203,0.8322531447941798,0.15795506582697016,0.7338260842459265,0.10233004835743789,0.6857341187987236,0.2075617294074547,0.6005455242045027,0.04062068428055373,0.5556395567530126,0.0786999975289347,0.5390881835237629,0.0446806886152456,0.4959458643899165,0.17032146182423513,16.388823578713357,643.8547150547585,-1.0560000000000018,27.206655999999985,,50.0
call_f68d3459fdc7,synthetic,train,7.23932731239434,4.888321108336225,1.4758901090190046,2.9848300724983767,3.0029532655689124,1.8943613571732865,1.4658636413808632,1.9008973519899557,1.0425175649287042,1.6151533956280681,1.7757859341846114,1.477933204911848,0.7052633380031487,1.368354051707202,0.3202622387707099,1.2236808725170427,0.9459097875723836,1.0200027434864813,0.30274483249957784,0.8973979712993763,0.32589577476240944,0.7446073616699068,0.103281955956781,0.6910052118226421,0.17866113341391388,16.641082097123444,571.9745424503551,1.9199999999999946,2.037300244897956,0.7434063903575836,14.285714285714285
call_f6ce5de7ac09,synthetic,val,5.190032578020727,4.768663170729197,-0.3262929563159916,2.8657677133391646,3.003304094167568,2.515549517147623,0.697696339719857,2.06490850155426,1.458205432894491,2.0747459282706195,0.6968291307788307,1.6859693049547846,0.040127127094348625,1.7997665326162076,-0.1889725750550999,1.453183405551828,0.23398569880997622,1.1169038999259784,-0.07423632943157571,0.8240305534902381,0.0826388591491426,0.726514846836406,-0.12499966828025155,0.6311523913580331,0.2403893694249745,11.802765197727744,42.72567386718399,2.3039999999999985,4.6442666666666605,0.9353541972321691,33.33333333333333
call_f9fbabf70f7e,synthetic,val,6.563967539142738,4.342480676427058,2.3899700516036932,3.035749062620693,2.4609674261365346,3.099065046197755,0.7862011983259096,2.097632602022279,1.8222382345969579,1.913624301400447,-0.21311915811245016,1.8645499967760142,0.6566239087899385,1.4847447475566358,-0.2543947663036136,1.1621478391252063,0.06382899856406091,0.9745895229660256,-0.3075670157237511,0.8031909833516153,-0.00629213825324422,0.7351676137212402,-0.2070383539324044,0.6767017840373846,0.37674274602665087,17.067703437469945,41.60055189658839,-1.472,0.0,,100.0
call_fa26d1186721,human,val,5.107806818571361,4.910225990799322,3.340911810250356,3.0468152189773985,4.239533562557716,3.5130105463800296,1.0708802433503029,2.159638062246104,1.7803717959427092,1.7601088598692343,-0.0410323924439327,1.4518044435594146,0.44670566721385896,1.195414472317355,-0.12083881191789847,1.0182600306833125,-0.1896797240793226,0.977286433674517,-0.0427021344023746,0.7776336768895756,-0.2793472526429987,0.7581166928369346,-0.27330843283900164,0.6343321939495958,0.41581644949342716,10.807332399195587,9.157906382527406,0.9279999999999973,4.79760384,2.360283745211005,20.0
call_fa4d7f2897f4,human,train,6.988430426662201,4.587176565293438,1.487469189031077,3.0269795446309287,2.4782425945061055,2.9624858401537693,1.0384743358185413,2.0147112846004416,1.0666932645060188,1.6699935604461913,0.8276327414471882,1.3877597408853037,0.728289908168374,1.2271850399617867,0.8064690150194462,1.0387867094070362,0.5629556275161995,0.8134658741958338,0.30619066805688455,0.7489416789968816,0.18241079110749384,0.6772367728472031,-0.022600202306790385,0.572913459269314,0.2459677610256188,15.537107080567985,457.03835878975707,0.19200000000000017,1.8273119999999987,7.040526288330052,50.0
call_fa9e18dd83dd,synthetic,val,5.761704373938294,4.625184246057036,3.693351109908514,2.979815582622236,3.3058160881535747,3.1187628742221283,0.7459457532948655,1.730050623672441,2.1711178189653975,1.7497302319416819,0.0038993718488118667,1.5941702524116956,0.8085702049066592,1.212717839263855,-0.2350259434832532,1.0655765745614223,0.18731723481272022,0.8545347675728231,-0.2878010103203271,0.7247980829829017,-0.1183771311937466,0.715014041312883,-0.3426152913853412,0.639731564885092,0.40360728590330636,14.506000529266153,27.42731984171599,1.2800000000000011,0.8244130909090918,0.7093530983803608,36.36363636363637
call_fb1405943fed,human,val,10.909471237973253,4.733871651564129,-0.38187111408156366,3.7706812662781406,2.0627807224143817,3.068974262985917,0.9394251700846312,2.5274853845155985,-0.19043354213231334,1.752475530959862,0.6540490696845133,1.4683891062745746,0.2836991508295829,1.2680592170401286,0.1105635137981662,1.218463004291321,0.431129975546672,1.016265189144717,0.3053338893382682,0.839086313242809,0.07198020799627586,0.6995485331619055,0.038762415334295794,0.6208465699317018,0.28443590250734785,18.455272163827814,478.2609693824601,-0.7039999999999971,2.9888613553718897,,68.18181818181817
call_fc8bda4b3374,synthetic,val,5.782701662244898,4.670188976429791,0.1663262013595549,3.3341166431072997,3.0013434818006077,2.6295944770996265,0.6646605711939624,2.210319108410931,1.0828953141502855,2.0215408045483274,0.8586239401984912,1.6701744866174388,0.33322705429282795,1.6833668130091068,0.10703422462634793,1.4654400493035702,0.3775300961534311,1.0960197627255772,-0.06131270197238962,0.8818065660726928,0.15506792133265218,0.7367333672967724,-0.20342380794862736,0.6463840698979904,0.24078111891537213,12.229327459190252,62.4126626148499,3.9039999999999964,8.432885421487633,0.7438378795220957,18.181818181818183
call_fce92bad5095,human,train,7.554056062876917,5.40932649532907,3.32974193215619,3.762496267876165,3.0857382316936652,3.53848486549827,-0.016839604560675098,2.0246549930577245,0.9094862968178297,1.8416243209119068,-0.17350094861016738,1.3865880113178068,0.5280145817951455,1.2426321344171642,0.07165727654417875,0.989635478086981,0.389745073643857,0.8952851834127057,0.2257879618551752,0.900427431208974,0.017942041939466025,0.7444210250387002,-0.27771252893331577,0.7009385514737502,0.40685365525557377,15.231919348417996,14.838113224124923,0.7040000000000077,2.6947802130177454,2.331787746467637,46.15384615384615
call_fdc3a7dac09f,synthetic,train,7.8468178084649525,4.575507130920469,3.760060226065889,2.873854622183013,2.4828402855617258,3.869974113124244,1.2942251027644172,2.0409101060422445,2.7323758875137956,1.9155878670873134,0.12783144296994853,1.8379361425572305,1.1925011305757351,1.1517693916671374,-0.5129987879942836,1.1073349349995203,0.3249214455710053,0.898280713539001,-0.17287740600227133,0.7611646859993757,0.11325548621920144,0.711464313927476,-0.03241179073015066,0.6673460641945107,0.41169789360892733,16.952668532906706,36.2391002062433,3.327999999999996,5.6074239999999955,0.7115384615384621,12.5
call_fdc44f969ade,synthetic,train,8.024806766632828,4.143354571760223,1.2186026780216537,2.915363563728726,3.8765779254287844,2.961145045420977,0.8298306412584064,2.0011669895078152,1.4834756536187528,1.8200707847149336,-0.21323263536810483,1.9865616675179558,0.007146220917339019,1.437987147584218,-0.27709016458515645,1.2830856904648542,-0.021892694016535985,1.0235680956356357,-0.10967427171664265,0.8207982891147011,-0.03427004545236431,0.7712450354184529,-0.04021792901111361,0.7382306772683873,0.427404753627354,21.298065844356678,35.92280684610095,0.5439999999999934,6.323623140495879,4.622576321141422,45.45454545454545
call_fe828697f60d,synthetic,train,7.674943034162881,4.324503307308196,0.4735606732143842,3.1458440781401222,2.801918564185864,3.1736715259347106,0.1938926662791226,1.9272188034196802,1.5184694550130782,2.01543495812236,0.4187884687653003,1.7736185242274605,0.6905764305786112,1.5402667360673847,-0.0424611477985553,1.1871559293984468,0.44297829283988677,0.931883701263245,0.07883199440888991,0.8406059034831411,0.14595057565141947,0.6990314968424509,0.055535984091930245,0.7050805028400771,0.4099842161484443,16.99476167859465,66.19700920845155,0.9280000000000044,1.6486400000000057,1.3836139757061254,41.66666666666667
call_fe8e4fc3ef69,synthetic,train,7.9520838223049095,2.372443262434771,0.2473030359210299,1.9627106993485148,2.098042322978444,1.9176308525591315,1.0921168439537976,1.7866879899537071,1.501710111667054,1.4183135919966738,0.5810619587930688,1.4701842533060696,-0.24593809869700944,1.2579632555358964,-0.26642946431103287,1.1521429670047978,-0.03335382953008925,0.9778352753002597,-0.33043927013449764,0.855646884344539,-0.12100300371682653,0.767319042811087,-0.18898611941950544,0.6945614387205248,0.2416207990138521,18.129781437492255,26.779038264214556,2.3359999999999914,90.40972800000006,4.0703780053453364,50.0
call_feaca5a8cd14,synthetic,train,7.510963160946099,4.510539876570672,0.6698706005557084,3.094074134891082,2.9696322196474028,2.991156583449592,0.11554155322973975,1.8336615746626421,1.5212155445915712,2.0560187183724654,0.349496003868478,1.7891047427152333,0.520363444329052,1.5448905784485445,-0.017545225977266446,1.162434756248718,0.4009374362843346,0.945706753429159,0.11343740859395464,0.8205118213033554,0.134406966096784,0.6862474236718719,0.04655834030776736,0.7004772720761545,0.3866208469376841,17.288502887525738,71.4732026452955,1.5679999999999978,0.06405688888888664,0.1614123879959793,0.0
call_ff4042587962,synthetic,train,8.781042869154605,3.7404524810335027,3.073051443144415,2.9353426214589526,4.023935303405245,3.4535046797037774,1.0936605117063158,2.0171931696780647,1.8311506814017249,1.7311084448910565,-0.8164704989152323,1.7904483331406544,-0.1405756053092185,1.2666869023276814,-0.6245827891611861,1.0387239503616652,0.17884190801813196,0.8366393038269505,-0.09898610588314802,0.7614261691213763,0.014963710484332721,0.687969596119177,-0.05948590287669975,0.6914854760326533,0.4318293008634064,21.145154983322236,42.93244321443755,0.19200000000000017,7.300075102040828,14.072214142925546,57.14285714285714
call_fff8cae57de7,human,train,8.530633672351575,4.944596346015426,2.268899077711071,2.920988671298975,2.0256597508927774,2.651595208245032,0.2612523724165068,1.953116760192461,0.6113375169108541,1.6375741175379466,1.1035250216203254,1.2263150312126319,0.6110728159471781,1.1853242006771594,0.7169521164007882,1.008428121593313,0.6806973934791065,0.8597826759248617,0.33758614798278364,0.7389903887439999,0.09947408396941226,0.6717073070266342,-0.11340715091048578,0.582415345570613,0.24236981592704357,18.881882893657554,710.6584252521345,0.32000000000000384,5.960448000000007,7.629383985617625,50.0
