latencia_mediana,latencia_std,mfcc_mediana_1,mfcc_std_1,mfcc_mediana_2,mfcc_std_2,mfcc_mediana_3,mfcc_std_3,mfcc_mediana_4,mfcc_std_4,mfcc_mediana_5,mfcc_std_5,mfcc_mediana_6,mfcc_std_6,mfcc_mediana_7,mfcc_std_7,mfcc_mediana_8,mfcc_std_8,mfcc_mediana_9,mfcc_std_9,mfcc_mediana_10,mfcc_std_10,mfcc_mediana_11,mfcc_std_11,mfcc_mediana_12,mfcc_std_12,anon_id,label,split
3.3999999999999915,1.0159788470984432,-133.556,97.38678,77.26015,33.522854,41.30841,30.676868,18.063284,19.347343,-1.2706606,18.122082,4.381309,16.039806,3.2040691,11.248307,2.4012122,12.471492,-1.3577973,9.926036,0.9754733,9.999437,-0.6846104,9.5630455,1.4199936,9.789584,call_0181ce113ebe_orig,synthetic,train
3.3999999999999915,1.0159788470984432,-100.173416,79.00485,91.05946,28.14699,43.40231,29.998756,7.615031,15.494639,-4.6932673,20.478456,4.647799,11.946155,2.238573,14.422121,-1.6755008,9.995532,-1.5677586,10.771384,-0.14162207,9.434942,-0.057487123,9.390391,-1.2252233,10.220101,call_0181ce113ebe_agudo,synthetic,train
3.3999999999999915,1.0159788470984432,-121.39072,72.9754,83.86917,31.385302,32.666992,24.456291,38.35386,20.106579,-6.6437273,13.811296,11.042958,17.414946,-7.961787,10.454375,12.701413,10.198316,-7.629668,9.73689,8.33039,9.153587,-7.212118,8.925791,6.4833074,8.134215,call_0181ce113ebe_grave,synthetic,train
3.3999999999999915,1.0159788470984432,-115.5806,68.29711,64.44731,31.742191,36.494705,24.368298,17.881947,15.897655,2.090413,15.627571,3.4695897,13.723097,3.1177003,9.489757,1.9085178,10.183424,-0.29433173,8.767772,0.67006135,8.819838,-0.23778474,8.319428,0.9892446,8.624194,call_0181ce113ebe_ruido,synthetic,train
3.3599999999999994,3.3959105235597242,-75.34882,144.44315,51.815643,34.26108,24.084593,31.042656,21.614594,20.954653,3.897636,18.88652,6.858886,20.01847,-3.778233,11.8112335,2.0665147,10.166771,-7.0852785,10.853992,0.90233904,8.398581,-5.149809,9.536073,1.3599708,7.631963,call_018c9d3823ac_orig,synthetic,train
3.3599999999999994,3.3959105235597242,-46.71846,126.13344,54.69831,26.349564,31.512594,32.49684,16.860916,14.093375,1.4649942,18.7918,-3.6177824,16.02856,-5.1918716,12.450843,-5.296009,11.269335,-3.558702,8.925804,-1.010032,10.521599,-0.87022245,6.894653,-0.21212414,7.670129,call_018c9d3823ac_agudo,synthetic,train
3.3599999999999994,3.3959105235597242,-59.0657,117.85736,61.998936,32.367973,11.572441,21.514132,39.087658,23.502502,-1.652473,13.600374,23.373123,16.749409,-9.927448,14.704328,12.889681,8.12571,-10.541903,9.101353,5.15251,9.069899,-7.2602935,7.147874,2.659357,8.32825,call_018c9d3823ac_grave,synthetic,train
3.3599999999999994,3.3959105235597242,-73.77023,107.57661,47.381042,32.950283,22.941925,28.409529,20.974022,20.132326,3.9236946,16.764864,5.1803684,18.832277,-3.2489827,10.509787,1.5702763,8.99747,-5.857233,10.369921,0.117501274,8.062537,-3.9273906,8.998323,0.97082144,6.9834867,call_018c9d3823ac_ruido,synthetic,train
5.929999999999997,5.040148531761956,-117.38665,95.06268,69.80002,31.447783,26.59576,36.921318,9.158851,17.39646,-17.938377,22.584372,1.4676098,15.017992,-7.744973,14.742533,-1.5908921,10.269736,-8.683974,10.96175,-0.48593634,10.004709,-6.1698875,9.292379,-2.302931,9.226018,call_01bf49059daf_orig,synthetic,train
5.929999999999997,5.040148531761956,-88.105034,80.20955,69.55615,25.571962,27.570496,36.146404,-13.123512,16.662453,-17.336475,20.69739,-2.7829936,13.933161,-8.930105,14.171994,-6.9369745,9.773555,-5.8441772,11.281962,-4.656803,9.803495,-6.897273,10.0644245,-4.1046705,12.053279,call_01bf49059daf_agudo,synthetic,train
5.929999999999997,5.040148531761956,-105.039536,77.69711,82.42203,28.131914,18.674559,28.235817,39.629868,22.07949,-25.606987,18.354692,9.926985,19.763744,-14.028299,11.351336,9.061318,10.467862,-9.901835,9.001632,4.3112535,9.470428,-5.9414577,8.361872,2.7172353,7.5054116,call_01bf49059daf_grave,synthetic,train
5.929999999999997,5.040148531761956,-111.942245,77.595406,62.68062,28.780699,26.66072,32.922188,8.008187,16.328665,-14.213333,21.200287,1.0248965,13.470459,-6.9225073,13.817238,-1.7182727,9.590551,-7.469002,10.292141,-0.9918512,9.376242,-5.760377,8.713305,-2.7452953,8.890214,call_01bf49059daf_ruido,synthetic,train
4.18,2.290807838736507,7.8689566,114.5638,50.876633,39.12385,15.167662,44.898136,-11.036764,18.944347,-20.722332,22.27962,-4.836798,12.872081,-12.945652,15.726608,3.0745537,11.612837,-9.082956,14.422248,7.42962,13.074983,-3.961347,14.983334,7.8040533,13.91451,call_01c3806808d6_orig,synthetic,train
4.18,2.290807838736507,31.569887,64.18965,47.654343,32.72682,6.823539,38.993748,-27.653961,17.892025,-14.354653,18.13854,-9.164518,15.061673,-1.3580573,14.053735,-2.257239,12.511384,1.9074581,12.735528,1.7306039,13.633543,-0.5101222,11.797917,-1.9023515,14.406178,call_01c3806808d6_agudo,synthetic,train
4.18,2.290807838736507,15.139211,59.0565,71.78877,30.132488,1.8437195,35.424587,24.229246,23.499859,-37.603878,18.681929,10.914709,14.649109,-30.38559,10.92466,12.735863,11.927197,-20.167713,9.40139,7.12943,12.1563635,-9.037977,9.9846945,5.091178,10.869969,call_01c3806808d6_grave,synthetic,train
4.18,2.290807838736507,8.851731,91.214615,47.97758,36.03858,13.30879,42.70474,-9.992754,18.01032,-18.931377,21.800335,-5.5660934,12.17847,-12.019392,15.218459,2.8049831,11.125803,-8.822898,13.680659,6.9135084,12.565791,-3.7341003,14.261074,7.1105113,13.331186,call_01c3806808d6_ruido,synthetic,train
2.1300000000000026,1.67959320471754,-27.074436,87.74788,49.14827,37.523663,13.172737,41.14452,12.303421,34.96171,1.2097344,19.50531,13.09655,17.755423,-8.29352,13.299585,1.3110569,18.081886,-7.948989,14.086977,-2.2879212,11.092531,-3.1125288,10.988062,-1.4306029,11.157964,call_0294f969f98b,synthetic,val
2.719999999999999,2.8678788193532974,-131.68497,96.92248,70.21428,40.14885,31.584614,21.089281,39.287548,23.836435,11.089777,15.165072,15.525465,14.360355,1.8432274,18.974222,0.98831916,11.547196,-1.4214215,9.481191,-3.6661906,10.701054,0.36448586,9.273384,-0.0035121068,8.354976,call_02c249d2f89d_orig,synthetic,train
2.719999999999999,2.8678788193532974,-106.68411,84.9114,72.866196,30.175014,40.205612,21.850536,33.709915,18.491533,5.684554,15.432994,6.0505495,17.207283,-11.053121,13.263196,-0.75950295,11.135856,-7.323905,10.704304,0.5027966,7.6694593,-2.164925,8.479376,-2.184882,8.264286,call_02c249d2f89d_agudo,synthetic,train
2.719999999999999,2.8678788193532974,-132.59158,78.267746,75.16469,32.749287,16.50893,16.827969,47.594315,21.126614,9.6303,13.652883,24.354969,11.401289,4.724124,15.593268,7.024267,14.038239,-0.7943711,10.43386,1.571794,8.07648,-5.791294,8.484225,2.062342,9.02358,call_02c249d2f89d_grave,synthetic,train
2.719999999999999,2.8678788193532974,-125.46495,78.31815,65.24807,36.233974,31.742697,17.704702,35.607082,22.666388,12.366683,13.896423,14.761829,13.298799,3.30052,17.683533,1.3700521,10.672511,-0.8725255,8.981131,-2.8255186,9.797933,-0.13193703,8.208774,0.053158015,7.4999065,call_02c249d2f89d_ruido,synthetic,train
3.7300000000000004,2.2737835949656007,-105.11866,94.45287,60.63331,32.136803,15.089142,34.277752,22.284985,20.885191,-21.347075,23.22129,0.35551766,16.492785,-12.8206625,14.757102,4.6563253,10.732916,-7.989182,10.978071,4.088633,10.672266,-7.666528,12.807509,-2.4583333,14.854265,call_02d28871d7b3_orig,synthetic,train
3.7300000000000004,2.2737835949656007,-73.117546,72.39757,58.610424,24.049114,23.493498,31.574484,-0.5092198,14.302663,-21.482786,22.395208,-1.5153527,16.314367,-0.90489787,14.651238,2.6128578,12.7521305,-2.5772204,12.451306,0.32863936,14.44459,-4.1326575,16.791903,2.0682402,19.609957,call_02d28871d7b3_agudo,synthetic,train
3.7300000000000004,2.2737835949656007,-91.64756,66.57433,79.04099,26.407442,-1.6226358,25.078821,46.670258,23.735695,-26.154861,17.514816,2.2868822,17.290499,-19.519121,11.18754,2.4078858,12.015469,-7.7170067,10.064303,-0.13439757,8.048016,-1.5169746,10.286023,-2.0643818,9.507022,call_02d28871d7b3_grave,synthetic,train
3.7300000000000004,2.2737835949656007,-100.93606,75.38283,56.46919,29.342611,15.283301,30.487043,19.83852,18.952263,-17.97299,22.236181,-1.414047,15.11202,-11.151281,13.17264,2.27074,10.279754,-6.0611153,10.501815,2.3550704,10.335134,-7.0818777,12.283517,-3.3055437,14.728003,call_02d28871d7b3_ruido,synthetic,train
2.4599999999999937,4.232390738217203,-155.55421,98.536514,82.39201,35.179623,30.265629,31.48678,16.366495,19.555855,0.98906946,18.105604,2.0712504,16.208973,3.0568948,11.970703,1.755055,12.5979395,-1.8012718,9.703754,1.5749202,9.481732,-1.5364906,11.049167,0.80863357,10.588062,call_03680846967f_orig,synthetic,train
2.4599999999999937,4.232390738217203,-117.183685,79.85924,92.825165,30.957092,29.304451,31.64147,9.294796,15.4546995,-1.5580416,19.469252,3.0685325,14.003912,2.1111934,12.727217,-2.7901332,10.208005,0.17116678,10.447222,-0.75142574,10.712742,0.7328568,9.227196,-0.95976925,10.251757,call_03680846967f_agudo,synthetic,train
2.4599999999999937,4.232390738217203,-137.86523,74.38377,90.246475,31.758617,25.265713,24.872986,32.611526,21.306795,-5.122734,15.591437,10.000309,16.144722,-7.5743904,12.845062,11.843644,9.535104,-8.629901,10.079397,7.0518875,8.992664,-7.085821,8.150786,4.212969,8.580681,call_03680846967f_grave,synthetic,train
2.4599999999999937,4.232390738217203,-136.0865,71.14678,66.771835,32.55195,29.233784,25.998623,14.669659,16.216629,2.928959,14.95125,2.7233365,14.243101,2.7441914,10.224483,1.3861097,10.514405,-0.9930624,8.272121,0.6706173,8.485142,-1.4176247,9.516144,0.31014657,9.60907,call_03680846967f_ruido,synthetic,train
3.8400000000000034,6.539167604519711,-71.23183,75.497,120.75633,29.231152,-5.6735806,21.41015,27.940655,23.2657,15.796624,13.046225,21.50786,12.608912,1.9555964,12.436476,-0.6492981,10.491111,3.260514,7.6844378,-8.665718,9.028508,-2.376884,7.128549,-6.4194107,7.1971226,call_04d682ac0cef_orig,human,train
3.8400000000000034,6.539167604519711,-43.443367,61.23006,115.95448,23.314009,-9.653469,22.959288,35.435425,17.712685,15.160929,14.180038,12.040674,12.857865,-12.897596,10.923151,1.9105215,7.9726186,-10.674452,8.627809,-5.4390817,8.055161,-4.56075,8.511724,-2.594136,6.972117,call_04d682ac0cef_agudo,human,train
3.8400000000000034,6.539167604519711,-71.70974,56.96135,128.20201,26.652885,-6.203203,17.94153,16.109394,20.280273,17.648596,11.512507,18.342941,10.847661,18.581703,10.524917,-2.2417173,10.031816,8.831876,7.654336,1.434037,6.8932376,-2.4737186,8.997307,-0.14327626,6.8991957,call_04d682ac0cef_grave,human,train
3.8400000000000034,6.539167604519711,-65.48814,61.77974,112.11274,30.237541,-1.3679414,20.531542,23.749142,22.221563,17.95804,12.16792,19.667751,12.155701,2.7343554,12.240853,-0.6294053,9.890843,3.0230472,7.247134,-7.437608,8.801188,-2.796019,6.9851394,-5.7062206,6.9823284,call_04d682ac0cef_ruido,human,train
3.539999999999999,4.572379560758867,-77.6662,72.56163,57.581345,34.414413,4.5157766,28.451248,29.783619,25.795961,2.1505451,18.104855,11.73991,17.195517,-5.4387937,11.2709,8.696846,9.868639,-6.1646237,10.513081,2.059838,9.55468,-7.202262,9.80856,-0.4619028,8.521083,call_05d6615469e1_orig,synthetic,train
3.539999999999999,4.572379560758867,-47.970596,53.72814,51.065544,26.646936,10.952523,30.308983,20.143173,16.049717,0.9213331,17.304853,0.26475182,14.780308,-4.5471754,10.554509,-1.7719147,10.22436,-8.790224,9.882672,-4.184266,10.064966,-6.322294,7.928509,1.6121296,9.2712145,call_05d6615469e1_agudo,synthetic,train
3.539999999999999,4.572379560758867,-66.191216,50.502205,75.89793,27.991165,-13.827791,19.846964,42.97663,26.46493,-4.6366625,12.061728,23.537561,13.5589285,-8.029896,13.033059,13.111385,9.09436,-3.0052898,9.177565,5.939776,9.214022,-0.5809083,7.5576186,-0.65288675,7.9204135,call_05d6615469e1_grave,synthetic,train
3.539999999999999,4.572379560758867,-72.461105,59.92289,53.13608,30.51483,6.9764023,25.977776,27.991932,24.320147,4.2248416,16.819326,10.290567,16.28994,-3.9332795,11.077967,7.1535363,9.154787,-4.7790675,9.993109,1.0697954,9.025335,-6.1429043,9.482644,-1.3607535,8.150474,call_05d6615469e1_ruido,synthetic,train
1.1599999999999993,2.9798260556279628,-167.39363,179.74094,48.539253,36.61643,5.421628,36.01079,25.016254,28.717628,0.5186974,19.256506,3.3303342,15.464883,0.378218,15.820371,-0.09943235,15.096552,-1.026854,14.021539,0.5602803,9.91715,0.9699121,8.2629,0.3472853,9.312171,call_0615c3630150_orig,human,train
1.1599999999999993,2.9798260556279628,-98.0115,176.43582,44.512115,30.201149,15.532438,39.64608,24.65976,19.714745,-6.2867775,21.027172,4.99135,14.798476,-7.545707,19.18653,-1.4930781,14.29415,-1.5333784,11.285763,2.8249946,8.454854,-1.1368229,9.163302,1.7495918,7.759343,call_0615c3630150_agudo,human,train
1.1599999999999993,2.9798260556279628,-101.5108,174.44055,54.367493,37.15836,-9.413779,30.507105,29.211311,29.788334,3.6818063,16.067438,6.650495,12.0725155,1.8636854,14.384291,3.6162887,12.897455,-3.7158098,12.20095,0.17211288,11.5443735,-2.9064112,9.663618,2.3081002,7.626379,call_0615c3630150_grave,human,train
1.1599999999999993,2.9798260556279628,-133.41174,113.2002,20.269394,32.749115,3.1743608,26.884483,11.542573,26.955038,0.9861853,14.582398,2.5294633,12.910171,-0.59487104,12.07605,-0.27154535,12.896063,-0.13607877,11.891294,-0.090034604,8.348327,1.1112815,6.7174373,0.12217319,7.906684,call_0615c3630150_ruido,human,train
3.0999999999999943,2.502572560683826,22.10921,61.475727,57.980278,30.01492,14.511433,26.728394,35.322678,29.979052,-6.2528224,19.142414,12.745047,18.66345,-13.018819,13.044706,0.55463725,11.732994,-18.615356,10.917908,0.8647184,9.351498,-9.263492,10.323289,-3.5431051,8.771442,call_064d8dd77899_orig,synthetic,train
3.0999999999999943,2.502572560683826,38.464615,43.22062,50.64511,24.244019,19.678444,29.467558,17.370766,18.599464,-7.169613,21.313072,-3.7339926,14.633898,-15.056765,11.929051,-10.491844,11.680066,-11.173783,9.398711,0.9330424,8.790317,-8.444176,7.8715286,6.1837196,8.809744,call_064d8dd77899_agudo,synthetic,train
3.0999999999999943,2.502572560683826,15.956381,41.72529,72.32506,25.814402,-2.49506,18.535538,51.28956,30.372395,-10.387009,12.522908,24.85234,13.770069,-9.461661,13.215582,10.021248,10.065734,-9.708376,9.846018,-4.9951286,9.518082,-3.0816262,7.3065605,-5.000638,9.21897,call_064d8dd77899_grave,synthetic,train
3.0999999999999943,2.502572560683826,22.7245,57.583134,56.993973,29.413456,15.408722,26.16346,35.423317,29.681997,-5.189439,18.764555,12.856998,18.56491,-12.273523,12.963229,0.31116465,11.557912,-18.318378,10.858997,0.35255212,9.201665,-8.867771,10.25643,-3.6507108,8.674747,call_064d8dd77899_ruido,synthetic,train
2.1599999999999966,2.96479611440652,-78.38853,98.747025,57.036835,36.446384,2.5807786,32.95328,30.881582,26.83893,-1.574743,20.010603,10.04408,19.914673,-6.33242,12.341647,6.0405173,11.271268,-8.43134,12.981565,-0.20654711,10.380317,-7.0592637,10.785096,-1.335369,10.0191765,call_06b5a78ea12e_orig,synthetic,train
2.1599999999999966,2.96479611440652,-50.71542,68.69811,50.93226,28.527287,9.998283,34.015648,19.956635,17.800758,-6.402116,20.198412,-2.4163656,17.137838,-6.840804,12.840926,-5.540494,11.700661,-11.353744,10.853228,-4.6575494,9.513902,-7.813704,10.179607,-0.8537651,9.603891,call_06b5a78ea12e_agudo,synthetic,train
2.1599999999999966,2.96479611440652,-69.30574,64.81169,78.31433,29.991076,-15.045614,24.422058,50.163006,27.51787,-6.4269714,12.957687,19.759502,16.013096,-9.123006,15.755584,12.664629,10.530037,-4.0184317,10.8109455,3.3098583,10.187275,-2.3574548,8.671824,0.536864,9.328736,call_06b5a78ea12e_grave,synthetic,train
2.1599999999999966,2.96479611440652,-74.240845,74.52636,51.808403,31.411095,5.021961,29.570797,27.841341,24.989151,0.0020221472,18.581675,8.031092,18.53918,-4.76567,11.628536,4.872712,10.456262,-7.1529984,12.344062,-1.1350198,9.5641,-5.8102584,10.311744,-1.909164,9.42001,call_06b5a78ea12e_ruido,synthetic,train
2.9599999999999937,2.717119951051549,-74.81679,87.7421,53.560135,25.996437,23.31733,37.40765,24.220596,20.286882,-15.820477,24.143763,-7.9419446,17.7553,-14.459394,13.474418,-2.7143002,14.206288,-9.342676,10.551749,2.711303,10.881569,-9.530249,11.802523,2.5243094,11.584647,call_0847d7417bb1,synthetic,val
3.269999999999996,5.5574811940502515,-192.61845,174.8498,50.329334,43.703873,6.811327,42.723293,19.472675,30.899527,2.1753852,21.287224,2.6063862,18.082817,0.15644178,15.270489,-1.2458781,15.448798,-1.1402007,12.029385,1.6246693,12.484555,-0.9664908,9.309544,0.15572691,9.22071,call_092aef8d1243_orig,human,train
3.269999999999996,5.5574811940502515,-116.02974,171.67336,46.397568,39.31021,9.468166,49.211514,21.799303,25.854975,-3.4769504,20.783407,-0.79417026,16.14436,-5.252871,18.584764,-1.2310773,13.038773,1.625243,12.688282,1.0639807,9.272476,0.5343471,9.151155,3.3415163,8.698528,call_092aef8d1243_agudo,human,train
3.269999999999996,5.5574811940502515,-121.16251,167.33449,55.646736,44.67901,-1.6549224,35.3746,19.821167,33.906986,3.9732928,22.725653,6.24234,17.501429,0.18782654,13.803563,2.2674747,13.685385,-5.9468484,13.823165,0.6025012,10.962831,-1.5220768,11.052493,-0.011465669,9.072321,call_092aef8d1243_grave,human,train
3.269999999999996,5.5574811940502515,-154.1298,110.41136,18.118519,37.485058,3.7232656,32.450047,6.3247514,28.283728,1.140069,15.831198,2.0095422,13.825777,-0.72131777,11.821414,-0.6816377,12.764403,-0.022188365,9.900617,0.26340598,10.517081,-0.7128167,7.3769646,-0.32656276,7.959767,call_092aef8d1243_ruido,human,train
4.299999999999997,7.443493989261093,-18.28838,104.186775,23.182117,36.53334,23.716616,38.95932,9.000896,21.635733,-3.923977,22.630276,-3.3113565,17.755522,-9.383171,15.109468,1.4468288,12.697644,-12.233627,11.81756,1.1414058,11.740201,-9.526388,14.534347,-1.1881738,14.574541,call_098d8081babe_orig,synthetic,train
4.299999999999997,7.443493989261093,3.51367,63.77854,31.093636,26.258972,27.522095,36.44628,-4.4640903,16.569595,-6.8115573,20.464308,-11.329924,15.340834,0.03146547,16.785795,-5.772992,11.42493,-3.7772563,12.074991,-2.8607917,14.802316,-2.9209561,15.475436,-0.7576431,16.185986,call_098d8081babe_agudo,synthetic,train
4.299999999999997,7.443493989261093,-7.063384,59.852505,44.667336,27.981726,4.65939,27.578783,34.051315,25.831749,-18.944336,17.000944,18.975437,16.551306,-26.492107,10.895945,17.063095,10.893795,-18.836445,9.904672,6.390028,9.678811,-12.330172,10.4585705,3.4638553,10.94261,call_098d8081babe_grave,synthetic,train
4.299999999999997,7.443493989261093,-17.37295,81.00532,22.738039,33.924118,23.020271,37.253593,8.8696575,20.605896,-3.1311889,21.947731,-2.881733,17.181726,-9.14485,14.735565,1.0433044,12.422844,-11.520826,11.698666,1.1242989,11.420132,-9.322325,14.224496,-1.4118009,14.448693,call_098d8081babe_ruido,synthetic,train
2.480000000000004,2.2407656181661557,-139.58643,99.99937,66.66655,37.76968,34.051502,21.32705,38.952316,25.621054,9.075616,13.934097,19.001125,14.711094,1.7315674,17.051918,2.5351012,11.12624,-2.3761547,8.914924,-3.7420533,11.627409,0.5934273,8.891662,-0.81294036,8.460878,call_099dffdf8486_orig,synthetic,train
2.480000000000004,2.2407656181661557,-116.30539,82.276764,67.75147,29.430117,42.982925,22.31212,33.35962,20.885902,5.26156,16.594215,9.589157,15.389775,-10.433636,12.992282,-2.1252627,10.008813,-8.595201,11.680777,-0.09379554,7.8201513,-3.2094023,8.772554,-4.022501,9.714405,call_099dffdf8486_agudo,synthetic,train
2.480000000000004,2.2407656181661557,-136.06418,77.14142,71.91495,29.704529,15.843143,19.049963,48.263565,22.112577,7.107974,12.811918,25.653954,13.112957,6.009356,13.822681,9.203915,12.238005,0.79845834,9.804986,1.776457,9.069363,-5.428543,9.598819,3.6672492,9.189375,call_099dffdf8486_grave,synthetic,train
2.480000000000004,2.2407656181661557,-132.77303,71.78607,61.278893,33.40166,34.469757,18.343018,35.3318,24.12342,10.649882,12.508163,16.990303,13.596188,2.454228,15.707401,2.3939295,10.523727,-1.9621651,8.4102125,-3.2591548,10.821486,0.43878222,8.091192,-1.5727947,7.9047184,call_099dffdf8486_ruido,synthetic,train
3.3799999999999955,7.562240930390497,-53.226185,98.39005,44.00954,40.643368,31.271303,26.855247,33.697422,28.535263,16.39165,19.710428,4.474311,14.530288,1.1540407,14.296711,4.1392546,10.254824,-9.762915,8.5937605,0.79996264,8.354863,-3.8678727,7.3206573,-8.909108,6.888824,call_0a9c546208d1_orig,human,train
3.3799999999999955,7.562240930390497,-28.338364,75.07637,53.415558,32.87128,38.660873,30.711714,30.936348,21.36757,8.456757,18.592957,-4.1725025,14.488265,0.579617,13.162703,-8.588411,9.481509,-8.188969,8.592102,-0.7721399,7.6936054,-10.435736,8.061436,-1.952353,7.950633,call_0a9c546208d1_agudo,human,train
3.3799999999999955,7.562240930390497,-33.990593,68.516815,45.859474,34.533096,21.60673,21.4243,35.79517,31.966301,18.571905,16.535213,18.151194,13.367751,-2.1437323,11.308731,13.282078,12.013224,-0.712989,8.047982,-2.1173365,7.0424886,2.3213928,7.5268345,3.0499005,7.263748,call_0a9c546208d1_grave,human,train
3.3799999999999955,7.562240930390497,-50.795113,78.36345,42.108696,37.01293,29.88511,24.336016,31.494286,27.040762,14.5871105,18.130411,5.0476074,12.950006,0.34854615,13.056907,3.7993023,9.766214,-9.153969,8.298904,0.9390658,7.9620433,-3.4886916,6.9402957,-8.579496,6.614991,call_0a9c546208d1_ruido,human,train
1.7199999999999989,5.998231117855486,-78.496956,136.61884,59.509468,39.794083,12.089152,29.575464,29.350784,26.407242,5.198869,15.518485,7.581851,13.557471,2.078861,11.722368,-3.893042,9.771584,-3.1039867,10.921369,-6.24964,10.462188,-2.4176636,8.783722,0.9366484,8.339947,call_0ab7d2a0c0f5_orig,human,train
1.7199999999999989,5.998231117855486,-48.866085,131.76459,59.92745,36.085155,13.294282,31.88431,26.838629,20.080713,0.55922675,16.87536,3.1909313,12.918375,-10.210966,12.949892,-5.6158433,11.470117,-6.2907214,10.108536,-3.150374,8.70411,1.634265,9.663526,-4.2440195,9.19719,call_0ab7d2a0c0f5_agudo,human,train
1.7199999999999989,5.998231117855486,-56.88806,130.09282,62.318104,38.1541,7.693248,24.388021,26.738564,27.53796,11.273555,14.479031,9.935198,11.688622,6.8662515,11.304853,1.8758067,11.5218,-0.42148015,8.724769,0.032039806,8.770027,-6.8307962,8.971314,-1.2966212,7.9984365,call_0ab7d2a0c0f5_grave,human,train
1.7199999999999989,5.998231117855486,-67.68095,88.2249,35.894066,37.579624,10.014352,24.258476,24.33754,24.104208,4.193985,13.835783,6.1359215,12.040127,1.9533782,10.631579,-3.122825,8.448625,-2.5625973,9.557983,-5.173057,9.049681,-2.2992477,7.944633,0.019214362,7.477279,call_0ab7d2a0c0f5_ruido,human,train
4.74,4.440579433629264,-83.24626,80.81828,56.944206,33.109913,18.262478,36.592316,15.610759,19.282236,-7.4725647,21.807737,-2.6713247,15.421336,-13.740064,12.449628,-1.4617077,10.430675,-17.52895,9.611011,1.4549577,9.444189,-10.043112,9.54339,1.5282851,9.850126,call_0cf2f4a71328,synthetic,val
3.0600000000000023,4.492911821970244,-141.07085,107.563515,75.07904,34.008484,29.64351,32.12716,15.752964,18.209688,1.4215779,18.427774,3.1010516,15.9266205,3.4335766,11.717865,2.469819,11.943669,-1.455831,10.285537,1.6933932,10.71237,-0.2594543,11.138104,1.1229153,11.233938,call_0e101713ee94_orig,synthetic,train
3.0600000000000023,4.492911821970244,-106.86448,85.30132,85.98391,28.837563,31.525406,31.542017,8.123834,14.356929,-1.3944166,20.14854,3.368001,12.944141,1.6794968,13.828903,-1.4464074,10.662086,0.33696157,10.69466,0.71887195,11.341859,-0.2334075,11.935313,-0.94469005,11.522537,call_0e101713ee94_agudo,synthetic,train
3.0600000000000023,4.492911821970244,-127.25274,79.37562,81.35593,32.29939,23.633675,25.279064,33.482323,20.004694,-5.3730097,14.112996,11.589513,16.477312,-8.027227,12.388907,12.347512,10.075943,-8.55731,8.990741,7.0964584,9.435417,-7.057603,9.589925,6.82316,8.539925,call_0e101713ee94_grave,synthetic,train
3.0600000000000023,4.492911821970244,-123.87051,73.69501,60.894024,32.281834,26.716118,25.519346,14.361095,15.011332,2.71384,15.360235,2.4738111,14.031515,2.862134,9.822162,1.8746839,9.883125,-0.10671487,9.055193,1.2047948,9.380786,-0.4454422,9.166677,0.7563721,9.927055,call_0e101713ee94_ruido,synthetic,train
4.529999999999998,6.69685013832234,-101.30206,106.45281,47.914574,36.289837,55.066673,34.823246,12.874643,21.069214,-14.0601225,19.43659,-2.8003187,17.004902,-9.493111,12.708112,0.89376414,12.036521,-11.114348,10.522672,-1.1232343,8.075145,-8.066808,9.967268,-2.1477554,9.037333,call_0e1e2f29bfdc,human,val
1.9199999999999946,3.2276460099323314,-119.978874,123.289986,73.123825,36.556007,31.211033,29.178654,27.925156,21.114122,7.5493307,14.100093,0.9180917,14.060153,4.9317,10.666395,-0.9195574,9.564737,-2.6145267,9.247354,10.3534775,8.126755,-1.3991306,8.627052,4.0786667,6.67247,call_10aa0d1d33f0,human,val
3.7199999999999953,2.680498937924247,-63.672474,109.14005,53.331272,32.613472,17.719582,22.787067,28.052841,23.049463,-2.0219946,16.583828,3.3470163,17.047247,-10.569723,17.257044,0.8361062,11.51232,-13.595894,11.69728,-1.9332108,11.354113,-4.1171303,9.316006,-5.287369,8.981101,call_10ceaf16fbbf_orig,synthetic,train
3.7199999999999953,2.680498937924247,-41.924213,83.21888,49.880585,22.345535,23.682451,23.701042,17.621706,17.55289,-8.743362,16.57942,-8.347694,15.652987,-11.21607,13.605707,-6.114054,11.470332,-10.530406,10.893052,3.5826383,9.449259,-6.6424584,9.27677,3.3219824,7.8985543,call_10ceaf16fbbf_agudo,synthetic,train
3.7199999999999953,2.680498937924247,-56.936012,75.85111,66.92256,27.694382,1.7247702,16.381727,46.18701,19.498177,-2.9718509,12.881542,17.67005,12.893421,-11.945591,16.318289,6.2515926,12.975033,-7.071697,9.406584,-5.068853,10.312698,-5.5130014,8.653912,0.3243376,8.339564,call_10ceaf16fbbf_grave,synthetic,train
3.7199999999999953,2.680498937924247,-62.894722,83.98227,51.514698,30.591803,17.683598,21.097715,26.818264,22.67148,-0.9284414,15.873184,2.3585763,16.2691,-9.450285,16.869057,0.535839,10.897874,-12.382559,11.124763,-2.1894748,10.772369,-3.809225,8.890892,-5.204279,8.736657,call_10ceaf16fbbf_ruido,synthetic,train
2.2199999999999998,4.317847370757767,-62.848587,129.09828,49.92414,42.02405,3.4630165,23.023748,40.283257,32.770885,0.77913225,16.576859,8.32071,17.178322,0.28420818,17.137604,-0.33058944,10.682162,0.20121971,10.482978,-4.732383,11.14293,1.2950585,8.105426,-9.870991,11.0572815,call_11d3230256a1_orig,human,train
2.2199999999999998,4.317847370757767,-35.195835,110.13833,49.51835,35.171482,13.372473,26.734371,42.883644,28.728468,-7.3065586,17.143332,8.526136,16.072384,-9.44208,14.969129,4.79782,15.308726,-8.703949,11.718452,1.204493,7.9523683,-6.0193396,11.358625,5.588175,7.012095,call_11d3230256a1_agudo,human,train
2.2199999999999998,4.317847370757767,-48.795395,100.62252,58.2751,39.618534,-6.1646094,20.812855,41.001167,27.866411,14.426861,19.70112,6.2658253,16.621334,10.769668,15.613185,-4.0495653,14.3635645,7.811618,12.937494,-3.809946,9.049301,1.7136538,10.798842,-0.71014,9.104423,call_11d3230256a1_grave,human,train
2.2199999999999998,4.317847370757767,-60.82894,93.333405,43.682228,38.299244,5.020378,20.56626,34.679024,31.01627,1.6778061,15.151844,7.350542,15.628399,0.520229,16.29354,-0.3151188,9.871702,-0.05021271,9.993407,-3.900996,10.77162,0.8328354,7.750374,-8.789588,10.553797,call_11d3230256a1_ruido,human,train
2.0799999999999983,1.7668520283162916,-69.83449,93.403564,43.565548,39.04397,24.85342,34.01629,31.072163,33.61644,-3.4952848,17.97719,13.393951,18.5743,-8.581621,13.39664,3.6793108,12.091686,-11.219536,13.117454,-0.6299865,11.166434,-6.0711756,11.145744,-4.139908,10.735819,call_120d6007bcc1,synthetic,val
1.7199999999999989,2.978766884835906,-178.61658,85.784386,91.37385,33.61899,4.3094316,43.2255,5.7651944,22.274233,6.0039024,19.462074,-2.972651,15.4963045,6.8801413,17.222605,0.5666034,11.65022,1.7751534,10.228675,1.7252651,10.335181,-2.2939305,9.665243,-1.0056217,10.638605,call_1612f093f8b5_orig,human,train
1.7199999999999989,2.978766884835906,-153.16551,82.971275,92.29877,30.916306,1.3833116,39.673122,8.499449,27.263714,3.547586,18.493614,3.1298354,17.292809,6.77176,14.650973,0.21704516,10.334174,3.8950298,11.968571,-0.74169576,10.877604,1.1625681,13.052179,3.2216656,13.385923,call_1612f093f8b5_agudo,human,train
1.7199999999999989,2.978766884835906,-166.39003,85.05058,85.495735,33.446087,12.81402,38.84089,3.832704,20.634277,8.5416975,22.57377,-3.499186,18.286259,-0.52684087,16.97094,3.6866035,9.915772,-2.2469697,11.09953,3.0546215,8.639809,1.4635985,10.450711,-1.1182756,8.3192625,call_1612f093f8b5_grave,human,train
1.7199999999999989,2.978766884835906,-151.83994,64.94513,58.93221,26.638588,15.031317,33.592354,5.1326566,18.481684,5.0840178,16.773525,0.11396988,13.529313,4.6808133,13.876738,2.251923,10.302186,1.5652235,9.388507,1.325084,9.336037,-1.3950797,8.984401,-0.38090074,10.043064,call_1612f093f8b5_ruido,human,train
1.009999999999998,2.248310022924701,-84.108376,138.08884,70.25119,39.04139,-5.1337814,41.775,0.2352735,27.091679,1.6200955,21.865492,-7.0453377,15.187873,2.874637,13.3907795,-10.25641,13.055572,-3.8402004,11.689464,-1.5017796,10.614696,-4.4924374,9.015426,0.8590896,10.334324,call_16581bcbc272_orig,human,train
1.009999999999998,2.248310022924701,-58.106953,120.07338,71.75246,37.594524,-20.767008,37.78228,1.1183966,20.563784,-7.4417458,20.791094,-6.160666,16.902641,-4.134875,15.484968,-13.230957,10.374991,2.7660508,9.394906,-6.69156,10.499753,0.06887016,10.246025,-6.3162346,12.756179,call_16581bcbc272_agudo,human,train
1.009999999999998,2.248310022924701,-63.900673,113.636185,84.04698,34.720352,-2.6425896,39.078827,2.9622955,30.84293,3.2480316,17.953766,-1.2231373,15.464657,-1.6449347,15.82198,6.114045,13.881282,-14.044436,9.659674,5.1441565,10.068304,-6.2461977,9.793033,1.4609531,8.461165,call_16581bcbc272_grave,human,train
1.009999999999998,2.248310022924701,-79.46927,100.29889,64.2772,37.49627,-1.5440891,38.218765,-0.04688734,23.04281,2.0191731,19.037672,-5.7356415,13.62389,1.4886856,12.2007265,-7.3796153,12.016558,-3.187885,10.434321,-0.9415087,9.800371,-4.1553082,8.499598,0.54809755,9.892478,call_16581bcbc272_ruido,human,train
3.759999999999998,5.596353415891062,-253.34836,129.48872,80.1428,38.179043,14.02156,35.763508,0.9513626,19.923292,3.5215316,16.38022,-5.335317,14.72619,2.1490214,11.97275,-0.117658615,9.358125,-4.1364613,10.551882,0.22802556,9.589304,-0.8712141,10.487282,-2.1662247,10.851006,call_1761edbd6952_orig,human,train
3.759999999999998,5.596353415891062,-219.18268,129.83115,83.31786,34.43875,7.0104094,34.012115,-0.40791535,23.97831,-0.49190253,15.795031,-3.815212,13.592531,3.6433277,10.893502,-5.0763273,11.237446,-0.31190312,11.791142,0.25010866,11.614706,-2.2748194,11.9397545,-0.1424644,13.22039,call_1761edbd6952_agudo,human,train
3.759999999999998,5.596353415891062,-217.92859,126.745544,72.85465,38.99342,21.766548,32.860336,2.6173337,18.418518,3.8460078,18.561523,-0.9237195,14.894738,-3.3610036,14.3754635,4.861024,9.665176,-2.5679371,9.909545,-1.7031608,8.665753,-0.10238136,8.387735,0.22912621,8.371802,call_1761edbd6952_grave,human,train
3.759999999999998,5.596353415891062,-201.18744,81.43373,36.57964,38.29114,11.19463,28.273031,2.1702805,15.630399,1.7573313,13.134601,-2.208736,12.17669,0.32306406,9.364482,0.09557086,7.3370275,-1.8574324,9.324291,-0.4617677,8.394439,-0.9228826,9.410588,-1.391163,10.103579,call_1761edbd6952_ruido,human,train
3.239999999999995,3.8627310750328885,-72.008026,116.73256,48.8537,30.561253,25.724659,36.81742,20.622221,19.720728,-11.209906,23.313076,-3.0228624,18.360506,-14.782787,13.323879,-1.1476777,13.027603,-14.31796,10.722095,3.2428315,10.413872,-7.4544473,11.815661,0.94868326,11.997911,call_181a5049ecae,synthetic,val
1.8400000000000034,4.073168439162178,-67.48727,120.68191,60.706215,34.798546,-8.585994,39.394966,16.078321,21.180956,-4.2426195,17.911434,0.6477369,13.809602,-2.599977,11.9847145,-2.0712318,10.343302,-8.755903,9.021107,-0.8420157,8.498468,-8.02591,8.577224,-2.7528968,8.792919,call_185e958a253b,human,val
3.320000000000004,2.8271117660078446,-18.507986,64.3532,70.7659,31.855923,16.217495,25.0561,37.36944,27.81833,6.21297,19.678295,6.7771254,17.032728,1.505981,13.469183,5.0943193,13.209329,-9.554794,12.533509,2.1555552,9.735023,-4.0161505,10.434356,-0.7144693,9.804918,call_186e9d6ee732_orig,synthetic,train
3.320000000000004,2.8271117660078446,1.9885439,46.48577,66.386314,25.9034,23.282064,29.394777,27.597729,16.667994,0.69940174,18.154793,-0.2423796,16.206152,-0.8520216,10.892561,-9.208918,12.186493,-4.5021567,10.754627,-1.6732844,9.538954,-6.324587,8.839683,1.7219905,7.0495515,call_186e9d6ee732_agudo,synthetic,train
3.320000000000004,2.8271117660078446,-16.552486,45.330162,77.32342,26.748922,0.30889505,17.631308,47.81961,28.421638,2.1323197,13.18672,20.10318,13.036713,-4.213229,14.547083,16.451368,10.063021,-5.662921,12.263576,1.8950475,10.483938,-3.405707,8.475571,1.9195848,9.535507,call_186e9d6ee732_grave,synthetic,train
3.320000000000004,2.8271117660078446,-17.329979,58.38263,66.38522,30.484669,17.171013,23.778463,36.035183,27.247248,6.499481,18.782473,6.5529475,16.748508,1.8400075,13.2155,3.8900318,12.904937,-8.68888,12.146668,1.5390806,9.17924,-3.7520409,9.977602,-1.5430145,9.548136,call_186e9d6ee732_ruido,synthetic,train
2.0500000000000007,1.7865771812858646,-93.27838,55.09096,69.20804,25.40718,14.67817,31.09553,14.025103,16.289162,-13.420722,19.07462,-3.111833,11.558093,-10.257763,12.9780855,-0.5410778,10.6178255,-9.899844,9.586271,-1.0607479,10.100425,-5.826752,9.082197,-2.327312,8.846023,call_189410107163_orig,synthetic,train
2.0500000000000007,1.7865771812858646,-68.99645,48.945797,65.10838,20.330162,14.144513,29.357635,-3.4696858,15.42305,-17.479263,16.512598,-7.4415293,11.819159,-6.7056494,11.902857,-7.8099246,9.463245,-6.4102554,9.908971,-3.3572345,9.6326885,-6.7813363,8.120718,-4.6064076,9.866476,call_189410107163_agudo,synthetic,train
2.0500000000000007,1.7865771812858646,-88.39702,48.805386,84.58316,22.054405,8.66473,25.063519,38.90203,17.165768,-18.096811,15.529671,11.279596,15.785224,-17.571455,10.35202,10.668858,9.632416,-11.724547,9.003603,4.396182,8.8960285,-6.911134,7.6519732,3.479329,7.311113,call_189410107163_grave,synthetic,train
2.0500000000000007,1.7865771812858646,-90.36102,52.28295,65.9259,23.22013,16.948627,29.396463,12.530151,15.535528,-11.784531,18.63132,-4.049192,11.041697,-9.418446,12.458926,-1.1355641,10.141799,-8.908907,9.223885,-1.5005054,9.623547,-5.3429265,8.941248,-2.6068146,8.491295,call_189410107163_ruido,synthetic,train
3.710000000000001,4.674210996253807,-8.052269,92.83263,64.212845,36.020138,16.547672,27.549862,31.049334,32.599834,-8.828449,19.229761,9.897496,18.063772,-12.445814,12.833199,3.8354516,11.63805,-10.802335,10.4207535,1.3071449,7.8975153,-3.4679303,8.824048,-1.7974794,7.43619,call_18bd3c505fd5_orig,synthetic,train
3.710000000000001,4.674210996253807,15.682009,67.84145,55.610085,30.093842,20.197102,31.775305,14.761631,20.393183,-9.212919,20.298887,-1.2360421,14.799388,-12.24708,13.126854,0.33390045,12.040457,-8.350426,8.4009285,3.1489267,8.401297,-6.617587,7.56243,0.87606895,6.2796335,call_18bd3c505fd5_agudo,synthetic,train
3.710000000000001,4.674210996253807,-7.27766,61.90302,80.81743,30.874506,-0.46902663,22.54095,46.84587,33.831326,-12.456163,12.174448,21.163624,12.942621,-9.845484,14.593205,5.707312,10.007231,-4.8743134,9.090796,-2.3580606,8.179072,-2.1457117,7.0632925,1.6804142,7.448283,call_18bd3c505fd5_grave,synthetic,train
3.710000000000001,4.674210996253807,-7.346375,73.50739,59.340904,35.69625,16.580421,26.553562,29.209778,31.734446,-7.003852,18.495916,9.252192,17.798582,-10.998073,12.448306,2.8042705,11.347409,-9.448705,10.173824,0.534478,7.804865,-3.1371834,8.50687,-2.0321941,7.2642117,call_18bd3c505fd5_ruido,synthetic,train
2.2899999999999983,4.144901808245885,-61.81314,91.42134,108.54404,47.240902,-2.2047853,25.70082,13.350283,30.941828,4.960926,18.17432,12.377052,14.037544,2.7867413,13.100443,-3.7977135,11.466864,-8.625845,10.205346,-5.2593327,10.398572,-4.3025055,8.67718,-4.929013,8.436447,call_198ef413fe4a,human,val
2.7699999999999996,5.117928183248463,-112.21813,78.806175,83.32724,34.067715,28.188786,29.02592,16.520187,17.173319,-2.231607,19.211676,-1.3075671,13.899007,4.691307,10.633633,2.1275702,10.438443,0.24606852,9.286046,1.6409814,9.42945,-1.4629674,9.076073,1.6665485,9.352836,call_1a2f3635b411_orig,synthetic,train
2.7699999999999996,5.117928183248463,-82.03009,61.437138,92.47348,29.221384,27.424948,27.28051,8.132738,14.3603945,-5.6242933,18.775537,2.7504392,11.177133,5.1659904,12.037293,-1.3939731,9.783825,0.48757607,10.131914,-1.5782198,8.468653,0.293329,9.631224,-2.0031168,9.061007,call_1a2f3635b411_agudo,synthetic,train
2.7699999999999996,5.117928183248463,-101.8521,56.931683,90.18754,29.536411,24.526981,22.179518,32.050735,18.397238,-3.1367307,15.990941,5.6469336,15.088723,-8.12601,9.048615,11.856537,9.109593,-7.6493683,9.898972,10.604099,8.921418,-5.436223,8.309448,6.4080734,7.132827,call_1a2f3635b411_grave,synthetic,train
2.7699999999999996,5.117928183248463,-93.49559,59.98767,68.14741,30.093727,28.297932,22.022585,15.218473,14.337401,0.20472324,16.386301,-0.09022662,12.406283,3.0136032,9.381927,2.0660985,9.134306,0.9368142,7.9942713,1.3368771,8.465663,-0.560099,7.9693847,0.81925267,8.539526,call_1a2f3635b411_ruido,synthetic,train
2.3400000000000034,1.7801395691948274,-32.622253,104.04528,51.649643,33.25876,10.513072,45.139854,-6.5552664,18.15472,-22.492191,21.70463,-5.3582897,14.632351,-13.900497,15.882658,1.4183819,11.578405,-7.9922323,11.969951,4.3533344,10.567921,-5.1493425,11.767453,2.0835505,12.916985,call_1ad99899456c_orig,synthetic,train
2.3400000000000034,1.7801395691948274,-7.6626024,61.580616,47.88833,25.468063,4.686832,37.704655,-22.830372,16.419277,-19.327515,16.667995,-11.028024,15.906774,-4.1283436,13.843439,-3.745494,11.886575,-2.6516485,11.198566,-1.8813386,11.119828,-4.4789724,12.170012,-3.923293,13.250129,call_1ad99899456c_agudo,synthetic,train
2.3400000000000034,1.7801395691948274,-24.10508,55.578964,73.1239,25.525536,-3.1480784,32.981186,27.290659,21.774893,-34.1448,17.754282,10.712346,14.287306,-28.655712,11.467185,10.204883,12.143065,-16.934282,9.350079,7.546908,9.668815,-9.082609,9.114761,6.8138037,9.746489,call_1ad99899456c_grave,synthetic,train
2.3400000000000034,1.7801395691948274,-31.28788,77.9719,49.5327,31.14821,9.012339,42.82626,-6.123028,17.1642,-20.679413,20.913668,-5.2785525,13.906756,-13.062004,15.429797,0.8425103,11.176719,-7.6406746,11.519352,3.9345727,10.223193,-4.6157146,11.503948,1.9365327,12.583285,call_1ad99899456c_ruido,synthetic,train
5.18,6.15455950060627,-130.35403,83.28243,88.80077,32.254753,29.52918,28.155062,18.814915,17.15366,2.8083994,16.59801,-0.5405327,14.962323,5.6769943,11.456065,2.6087444,10.219976,0.3663368,9.739905,2.882286,9.516785,-1.6627722,9.853873,2.5017877,8.763683,call_1ba56b3cce45_orig,synthetic,train
5.18,6.15455950060627,-95.78143,67.72558,96.106186,27.048185,26.238804,27.995327,12.148033,14.078219,-2.4747138,17.019741,1.7760272,12.862877,6.1404333,11.638068,-2.1098967,10.37743,1.0812229,8.926326,-2.0425277,9.428568,0.26995635,8.525714,-2.0161386,9.642552,call_1ba56b3cce45_agudo,synthetic,train
5.18,6.15455950060627,-122.32744,64.14243,94.96248,27.751892,23.488325,22.565374,32.459206,17.417381,-1.6709913,13.563313,8.999332,14.527927,-7.8066816,11.603406,13.056512,9.497062,-8.1293125,8.662637,9.579897,8.291187,-5.496877,8.045348,6.497634,8.409096,call_1ba56b3cce45_grave,synthetic,train
5.18,6.15455950060627,-112.30951,64.23277,71.571396,28.544107,30.7075,21.806993,17.67219,14.240887,4.8327026,13.544357,1.4500682,13.262507,4.575037,9.748121,2.5754435,8.358343,1.374643,8.27439,1.5275846,8.444317,-0.4896406,8.8168955,1.1417652,8.062102,call_1ba56b3cce45_ruido,synthetic,train
4.359999999999999,7.0806630741167895,-87.31296,94.45769,69.29237,45.834927,30.354088,29.132849,17.954498,30.22139,30.35706,17.781767,7.5172586,16.218945,6.33578,13.449277,3.0850263,11.382634,-7.416321,10.083357,-1.7888578,9.291306,-0.095295645,8.798649,-6.8173738,7.6190057,call_1bf0aa4d4324_orig,human,train
4.359999999999999,7.0806630741167895,-65.12686,77.93295,79.399536,37.75665,22.734798,32.21665,24.768848,22.45576,24.523361,18.573778,-3.8257458,15.165901,0.87595356,12.775446,-10.1062155,10.542688,-7.662371,10.232172,-0.026529372,7.8550644,-8.189615,8.524278,-3.4362168,7.251373,call_1bf0aa4d4324_agudo,human,train
4.359999999999999,7.0806630741167895,-70.38885,71.51893,70.16983,40.34943,29.501045,22.055717,14.079291,31.701399,23.701122,16.967976,23.827251,13.550088,3.0386353,12.959646,16.741138,12.060254,0.0623938,10.032867,-0.34985596,8.393166,-1.8056254,8.631394,4.651651,7.9425106,call_1bf0aa4d4324_grave,human,train
4.359999999999999,7.0806630741167895,-84.111984,72.13623,64.63456,41.586784,29.108671,24.731306,17.199184,27.241714,28.133837,16.24767,8.806103,14.829606,5.952258,12.505239,2.7416785,10.960815,-6.3654866,9.62195,-2.0058136,8.918086,-0.28239554,8.063439,-5.730109,7.26354,call_1bf0aa4d4324_ruido,human,train
1.5200000000000102,3.325236091126221,-90.79643,127.63503,49.33186,39.383545,26.565378,26.42288,37.259758,33.12245,-4.183908,19.6091,8.06548,18.699314,2.8691003,13.917005,-1.2182865,10.715189,-0.39663106,10.493238,-6.2080436,9.89831,0.8625637,9.738425,-5.7697906,9.296353,call_1c1c0cce9fb5,human,val
1.88,1.7619099099023896,-11.201944,52.206123,65.002045,26.900497,7.055394,26.632627,28.701221,24.523676,-3.760735,16.065325,2.5553622,15.943871,-14.012476,11.252338,4.1939216,12.134167,-11.675209,10.385159,1.3033717,10.048842,-4.635976,9.550915,-1.2422947,9.210631,call_1cc930924760_orig,synthetic,train
1.88,1.7619099099023896,6.9317904,48.06013,55.264603,22.51984,10.146507,29.01228,14.382374,16.6679,-5.945282,17.11955,-7.019838,12.5548,-7.951317,10.911658,-3.378378,11.367677,-9.129389,10.06152,3.372843,8.45142,-6.7628713,7.82044,2.9972458,8.597756,call_1cc930924760_agudo,synthetic,train
1.88,1.7619099099023896,-10.4223175,47.94273,82.34828,24.511086,-8.244188,18.373137,42.13108,24.88111,-7.8846993,13.592225,18.252476,12.825051,-15.93392,11.843745,8.209118,9.401396,-6.9134374,8.986952,-2.5467076,8.847809,-3.997209,7.438683,0.68595934,8.308158,call_1cc930924760_grave,synthetic,train
1.88,1.7619099099023896,-10.050051,51.440205,64.19882,26.482403,7.9255476,26.253975,27.349812,24.374947,-3.2083454,15.913357,1.9194285,15.974095,-13.565316,11.087747,3.6296947,12.017961,-11.452377,10.282037,0.9289974,9.887816,-4.337407,9.448109,-1.3535933,9.061268,call_1cc930924760_ruido,synthetic,train
2.0,1.3547951219594818,-135.06944,92.79308,74.061745,33.12542,38.176575,45.4637,17.06215,21.881899,-2.5391512,25.636517,-2.7339976,14.0994835,-1.4169111,14.122819,2.1220617,10.833544,-1.7605305,13.3915205,2.649211,10.718953,-1.2589843,9.69697,1.3005171,8.673258,call_1ee2936b46a7_orig,synthetic,train
2.0,1.3547951219594818,-103.390625,79.625694,82.80486,27.193798,32.14545,42.510117,-1.9244411,18.38422,-10.603207,22.854103,-5.040365,15.290074,-0.8956304,12.6333475,-3.2457116,11.785933,-1.0317425,11.9334545,-1.412024,11.085262,-1.6406941,8.48182,1.2950084,8.426744,call_1ee2936b46a7_agudo,synthetic,train
2.0,1.3547951219594818,-115.85042,75.90314,84.93866,30.849672,29.425165,39.404278,36.199104,26.17891,-6.052046,17.64717,6.1723356,17.634842,-13.491434,11.657553,8.781049,11.067315,-7.752946,9.36743,7.0818014,12.210484,-3.7965827,9.882546,5.4272,8.322523,call_1ee2936b46a7_grave,synthetic,train
2.0,1.3547951219594818,-119.77873,69.23936,65.63065,29.006561,37.7527,37.830795,15.722679,18.88933,0.61489105,22.592857,-2.465422,12.508189,-1.053786,12.095996,1.3793873,9.538764,-0.5861546,11.893692,1.8077223,9.629641,-0.6770115,8.656274,1.7405367,8.148982,call_1ee2936b46a7_ruido,synthetic,train
1.0499999999999972,1.8810070851331167,-40.465046,102.894936,57.62596,41.143456,17.962523,30.11155,18.65016,23.663448,3.184158,17.408524,10.48231,17.773817,-2.5657804,13.282528,9.25711,11.110048,-8.800877,10.084609,2.476247,7.874588,-1.451025,8.073071,-4.0241513,6.732403,call_224586045e67_orig,human,train
1.0499999999999972,1.8810070851331167,-13.507803,91.42079,58.25869,33.31552,22.227661,33.891502,13.125556,17.233685,7.151434,17.72178,2.1120949,15.857012,-1.3953271,10.804326,-1.6538725,11.391697,-8.204773,8.806423,3.4367962,8.845909,-10.118127,7.509522,1.8366299,6.3200316,call_224586045e67_agudo,human,train
1.0499999999999972,1.8810070851331167,-31.399422,84.434654,66.74155,36.813904,11.065382,21.497381,31.485489,26.215765,-6.408231,15.810688,25.744835,15.187311,-7.443403,12.994005,14.302681,9.780485,-1.5210254,9.117563,-0.37006307,8.404567,0.7436101,7.2321157,2.499081,6.5768857,call_224586045e67_grave,human,train
1.0499999999999972,1.8810070851331167,-35.194687,79.17243,51.258583,39.179363,18.329002,26.646885,14.90937,22.320665,3.7196589,15.945058,9.167198,16.405548,-2.1399379,12.47889,7.7065096,10.430954,-7.0970035,9.665888,2.0363727,7.253093,-0.9936656,7.559106,-3.679488,6.2634296,call_224586045e67_ruido,human,train
4.459999999999997,3.599057654442337,-67.60708,121.74595,50.82087,51.285892,31.519001,28.017889,19.643646,26.472298,1.9487802,16.932615,0.15658872,16.162119,3.6622858,15.639432,-3.9092965,11.117712,-4.0880537,11.311159,-9.102521,10.321012,-1.8181041,7.7544994,-7.583585,9.521356,call_22d0f235a47e_orig,human,train
4.459999999999997,3.599057654442337,-41.823666,111.12387,61.58802,43.56364,26.99682,30.913923,13.640879,24.229336,-5.9637814,16.403017,-0.07089551,15.523311,-6.967437,13.839195,-8.222876,13.414479,-10.8038845,10.704771,-3.2831612,9.228777,-2.4371176,9.285679,2.8045263,7.869168,call_22d0f235a47e_agudo,human,train
4.459999999999997,3.599057654442337,-47.209293,103.73841,50.737194,48.401974,31.031076,22.58443,23.039268,24.686722,11.408104,19.929657,2.5004945,14.487509,6.0771284,12.6594925,2.603922,13.693697,2.0294368,9.744684,-1.703965,10.676223,-5.6483994,9.102109,-0.8325926,7.248562,call_22d0f235a47e_grave,human,train
4.459999999999997,3.599057654442337,-62.951645,91.36208,43.675804,46.844486,27.89877,25.43013,15.007901,24.78695,2.7703118,14.901453,0.4025607,14.197846,2.6128955,14.401,-3.5514069,10.424719,-3.9688962,10.709749,-7.8074155,10.1074915,-2.0089898,7.3313756,-6.7958837,9.089,call_22d0f235a47e_ruido,human,train
1.8400000000000034,3.4455499608730067,-88.61653,128.98143,53.157578,39.736816,13.856729,43.2324,12.178609,22.025642,-2.1612916,19.159554,-1.8003733,16.589561,-3.7570598,11.22004,-2.2575445,11.543251,-8.199693,9.688985,-4.7511706,9.388451,-4.228728,10.6024685,4.413933,9.972525,call_22eacbc23d18_orig,human,train
1.8400000000000034,3.4455499608730067,-52.00494,116.7947,53.298904,32.09627,8.536487,46.880306,1.4006853,15.850383,-7.696195,17.757782,-5.0456276,10.9627,-4.651558,14.207621,-7.8229837,10.249516,-6.210099,11.175507,-1.323129,10.973516,3.237227,11.570211,-6.906847,13.965754,call_22eacbc23d18_agudo,human,train
1.8400000000000034,3.4455499608730067,-66.355316,113.359375,65.40299,36.882378,5.4593244,34.138515,23.05975,30.93123,-5.256183,16.375952,2.814774,16.234444,-7.997371,10.756974,4.3448973,7.9148746,-6.7681513,10.440492,0.660491,8.355314,-11.204579,9.719739,-2.3815434,8.617967,call_22eacbc23d18_grave,human,train
1.8400000000000034,3.4455499608730067,-77.955345,88.30166,42.468082,33.69717,8.475185,36.82379,9.843858,19.861464,-1.7487864,16.472097,-0.92325956,14.672795,-3.8244088,9.794598,-2.2375069,10.509037,-6.9425335,8.686218,-4.8382173,8.791735,-3.2531834,9.933201,2.6816926,9.289161,call_22eacbc23d18_ruido,human,train
3.4099999999999966,4.888919242628859,-78.81079,92.04969,41.730858,41.132538,-11.008816,35.074158,32.474075,28.935892,-8.067817,21.499683,4.644461,18.399149,4.3192124,14.123212,-6.04,12.15762,-4.74961,10.817243,-8.09329,10.404726,-7.817808,12.996034,-8.088957,14.98921,call_23991b635849_orig,human,train
3.4099999999999966,4.888919242628859,-47.170547,76.032715,30.954802,32.990208,-3.7351155,36.633953,24.246307,19.893944,-15.3900795,18.91437,9.10202,16.33599,-7.5501947,15.31134,-8.256927,12.13345,-9.577435,13.2338295,-7.7721953,13.723166,-5.949426,16.575634,-3.4110813,16.801092,call_23991b635849_agudo,human,train
3.4099999999999966,4.888919242628859,-54.97617,71.241714,48.951828,37.847942,-16.78983,24.408854,30.592207,31.663635,2.6983962,18.283243,-4.3607254,14.697553,10.39537,15.891675,0.33321634,10.918374,1.8601744,11.322018,-3.0184085,8.805077,-4.1004705,8.5213175,-6.4458284,10.58465,call_23991b635849_grave,human,train
3.4099999999999966,4.888919242628859,-72.15541,71.832184,36.679886,35.59807,-6.3013134,30.160845,28.566818,27.085667,-6.304182,19.570501,4.3056355,17.190931,3.9336677,13.05745,-5.6523876,11.491069,-4.863188,10.364099,-7.6945252,9.938695,-7.8978343,12.545223,-7.745251,14.673463,call_23991b635849_ruido,human,train
2.219999999999999,2.8709134434879764,-35.678913,59.175034,70.35175,23.768562,4.1468573,22.920193,26.652643,23.778938,-1.9148068,16.548258,3.4130745,14.986457,-9.361632,11.295835,4.4796915,12.589395,-7.861017,10.315721,0.44484442,10.836143,-0.8310762,9.703076,-2.4523296,11.140074,call_24e1989c4d6d_orig,synthetic,train
2.219999999999999,2.8709134434879764,-9.106146,50.321693,62.217094,19.734562,7.797104,27.551025,18.659283,17.970522,-4.764384,15.547235,-4.057373,13.099004,-5.1160054,11.848916,-2.0457559,9.8544655,-7.702279,10.246733,1.7764399,9.068593,-6.755616,9.757752,1.1897612,8.574283,call_24e1989c4d6d_agudo,synthetic,train
2.219999999999999,2.8709134434879764,-33.16388,50.076447,84.816376,22.107552,-9.990021,16.207005,37.025375,23.402033,-3.4436002,14.596578,17.104753,11.996737,-12.527674,12.91396,8.849704,10.166664,-5.240878,9.991157,-0.1470815,8.363922,-4.806567,9.590211,4.1823907,7.6448336,call_24e1989c4d6d_grave,synthetic,train
2.219999999999999,2.8709134434879764,-33.56112,56.68641,68.13559,23.10579,5.5479746,22.319542,25.02481,23.374266,-1.0765584,16.155128,2.694798,14.885504,-8.275002,10.930389,3.738907,12.359971,-7.4793615,10.108103,0.48398638,10.417137,-0.42726862,9.5723715,-2.3768375,10.832086,call_24e1989c4d6d_ruido,synthetic,train
4.859999999999999,3.8105498690752153,-118.6878,110.82308,76.90758,36.112774,29.918049,21.9278,32.265514,27.879854,13.612909,18.50833,18.544794,16.578615,5.791135,16.601395,1.9791598,12.106972,-1.1961405,12.069105,-5.211381,10.780533,5.5521994,9.802365,-4.3801265,8.317743,call_253156878935_orig,synthetic,train
4.859999999999999,3.8105498690752153,-89.418915,86.14047,82.460075,23.965435,33.601288,22.263914,32.257526,18.024614,10.895809,20.22548,11.362641,18.83309,-9.098548,13.4786005,-2.1261554,10.19739,-10.062834,12.030038,3.5518003,8.899434,-4.3949165,8.852744,-3.2453902,8.885209,call_253156878935_agudo,synthetic,train
4.859999999999999,3.8105498690752153,-108.343796,79.4679,79.06613,29.012032,19.237833,18.145863,36.152832,25.028458,9.590254,13.351029,23.227768,13.196786,11.024163,15.388782,9.339646,12.809858,2.5920556,9.55827,2.059263,11.421516,-7.6624045,9.959659,8.713444,10.999753,call_253156878935_grave,synthetic,train
4.859999999999999,3.8105498690752153,-112.95361,82.16665,71.215836,33.85497,30.509327,18.78045,30.112053,25.22936,14.86223,16.931292,17.146317,15.634433,6.4678383,15.9228115,2.4622478,11.278892,-0.76477116,11.462368,-4.600363,10.168576,5.110219,9.140487,-3.8481812,7.7800264,call_253156878935_ruido,synthetic,train
6.34,7.707745349600692,-12.418398,95.52635,22.50647,34.39243,13.873686,35.609894,10.637755,21.512852,-5.613445,22.681402,-7.0121565,17.700169,-6.9050026,15.5786,3.371414,13.396645,-13.442754,13.2850065,2.5012174,12.383924,-9.791946,15.361134,-0.30034176,15.948348,call_26be2ced1f65_orig,synthetic,train
6.34,7.707745349600692,10.504007,68.20792,28.007069,25.060709,16.210884,34.007984,1.0311544,14.386986,-8.256696,19.142082,-10.322065,17.638958,4.495766,16.113867,-8.620495,13.372828,-1.5215144,12.558803,-2.3239458,15.207319,-2.126556,16.176704,-1.7175157,18.102596,call_26be2ced1f65_agudo,synthetic,train
6.34,7.707745349600692,1.5284227,60.992046,43.071877,26.910479,-3.493462,25.193953,33.955704,23.808012,-17.010769,16.843477,12.441185,16.48702,-27.1879,12.250801,19.136496,10.882333,-19.308167,10.376591,7.2375994,9.856935,-11.39696,10.8231325,1.4099915,10.522272,call_26be2ced1f65_grave,synthetic,train
6.34,7.707745349600692,-11.595292,78.07185,22.280458,30.933062,13.21343,34.39774,9.866648,20.401897,-5.4194803,22.028952,-6.354864,17.282084,-6.750007,14.660054,3.0431385,13.199095,-13.080404,13.192931,2.3850548,12.176271,-9.571194,15.18485,-0.10598685,15.725774,call_26be2ced1f65_ruido,synthetic,train
5.359999999999999,4.553353760791507,-62.885708,76.58592,52.617085,32.42921,7.038208,30.415815,36.357323,23.720875,0.47097772,18.203228,11.999133,18.247355,-5.6683435,10.713779,9.067008,8.902137,-7.15341,11.673563,1.0963669,9.412629,-6.392283,9.327103,-0.29805678,8.385077,call_2741c273bfcc_orig,synthetic,train
5.359999999999999,4.553353760791507,-32.33313,56.653767,46.48373,23.760845,15.580933,31.886187,21.93819,15.124226,-4.071385,17.59888,0.15931809,15.368434,-4.889966,11.333711,-1.9309353,11.138553,-9.532215,8.956907,-3.0254917,9.109026,-6.4231434,8.380383,0.22604167,8.8582535,call_2741c273bfcc_agudo,synthetic,train
5.359999999999999,4.553353760791507,-51.182213,52.906914,72.698456,26.783237,-13.205228,21.873869,50.620876,25.08944,-5.3492403,12.917494,22.566269,13.880735,-9.529837,12.761567,13.157228,9.969491,-2.713828,9.137466,4.54432,8.875552,-1.8471653,7.4084663,0.56123734,8.078459,call_2741c273bfcc_grave,synthetic,train
5.359999999999999,4.553353760791507,-60.261864,63.074825,50.08235,29.82585,8.729756,28.269732,34.5017,22.95533,1.630143,17.232971,10.195834,17.54061,-4.1346474,10.600482,7.7382345,8.6009245,-6.037077,11.305123,0.31585097,8.931818,-5.728526,9.096698,-0.8062483,7.9976544,call_2741c273bfcc_ruido,synthetic,train
3.0,6.5291790874163915,-110.8461,95.1337,83.51082,33.284435,24.20531,21.676968,36.309486,28.12891,11.177709,14.590638,13.783669,16.232899,6.2459073,18.78851,6.4895964,10.131512,-3.6978922,9.530387,-7.5472293,10.454711,2.2402174,9.16692,-3.081993,9.863101,call_290aacdf95ca_orig,synthetic,train
3.0,6.5291790874163915,-88.904045,77.20497,84.17213,22.978868,29.403757,24.28277,35.336998,21.192642,6.107721,16.957092,8.832188,19.899668,-4.636915,12.156542,-0.5609694,10.71817,-14.271112,9.618153,3.1636267,7.6570663,-3.1451178,11.487668,-1.9927676,9.798978,call_290aacdf95ca_agudo,synthetic,train
3.0,6.5291790874163915,-105.04321,73.83288,87.922386,26.741611,12.741869,15.368291,39.4525,25.688843,13.777442,13.132359,17.312326,12.561396,5.066294,16.430172,10.087305,13.963812,5.7663217,8.318977,-1.1575575,7.4219227,-7.610959,9.830964,2.9976702,10.29467,call_290aacdf95ca_grave,synthetic,train
3.0,6.5291790874163915,-106.84597,78.14998,78.488655,31.718987,26.333925,19.19963,33.381428,26.095758,13.477554,13.620275,13.369662,15.482246,7.149147,18.276924,6.2033644,9.389117,-3.2140546,9.0902195,-7.49984,10.274315,1.5742768,8.44173,-2.8107176,9.374611,call_290aacdf95ca_ruido,synthetic,train
2.7900000000000005,6.440544610204408,-55.856773,74.65628,45.73876,33.284206,-2.0556958,40.838276,6.2819567,18.090357,-4.088255,21.800402,-4.646243,16.921692,-7.934245,13.518032,0.022987962,13.471782,-8.256829,10.89463,1.0677116,11.537222,-7.52351,12.026286,-1.1127776,14.684901,call_29a23dea3118_orig,synthetic,train
2.7900000000000005,6.440544610204408,-25.162273,62.15419,41.35325,26.460583,-3.7215223,38.44259,-1.326795,14.930119,-7.752187,18.195612,-8.450332,14.699403,-1.3232375,15.818616,-5.2578197,9.584276,-4.3174105,11.109247,-5.444829,13.627923,-6.6323867,16.592022,-7.0979457,18.125246,call_29a23dea3118_agudo,synthetic,train
2.7900000000000005,6.440544610204408,-35.44542,59.650208,67.912,28.609251,-15.562784,30.762918,24.430904,22.195099,-17.16765,18.574245,12.340212,15.5118885,-21.899857,10.721609,13.361013,11.925251,-15.16762,10.906546,7.859164,10.165545,-10.027319,10.769083,5.8207264,10.243942,call_29a23dea3118_grave,synthetic,train
2.7900000000000005,6.440544610204408,-53.91701,68.92617,44.086285,30.21482,1.126749,39.368237,6.1548,17.479631,-3.2645097,20.9405,-4.2397156,16.15059,-7.8435307,13.079202,-0.26132554,13.032958,-7.5347633,10.501748,0.22695804,11.201523,-7.0423574,11.73776,-1.7033625,14.517919,call_29a23dea3118_ruido,synthetic,train
1.3799999999999955,3.5198185407773517,-128.04404,166.04326,25.963457,57.24683,8.839008,39.162434,17.099798,29.330097,-8.21834,22.210144,3.5331907,18.07944,-11.239813,13.478709,2.2391634,12.6252165,-11.127569,11.699533,6.885113,9.959323,-7.370703,11.093589,-1.0514181,10.825926,call_29e423c5b8aa_orig,human,train
1.3799999999999955,3.5198185407773517,-64.799255,169.7163,14.353804,49.685963,20.053032,44.22602,0.81588733,18.62882,-8.591912,20.362303,-3.5430655,16.476986,-9.343932,13.684229,-6.315723,12.089612,-1.8539481,11.39105,-1.8836956,9.970787,-10.711405,12.129018,-1.7936865,11.530821,call_29e423c5b8aa_agudo,human,train
1.3799999999999955,3.5198185407773517,-69.762054,163.7717,40.634468,54.324825,-5.6816435,27.543983,34.866726,35.946697,-14.267642,20.192123,15.152035,17.106642,-11.888021,14.408518,6.0891194,12.757026,-9.230204,11.331552,-1.8886763,9.930189,4.066406,9.352067,-3.1749473,10.111825,call_29e423c5b8aa_grave,human,train
1.3799999999999955,3.5198185407773517,-118.767395,123.53807,18.692902,38.662548,7.8586087,32.764603,9.888565,26.467052,-4.1282988,19.87032,1.5790486,16.034897,-9.233586,12.6701,0.23183012,11.351398,-8.578129,10.9055,4.963699,8.33631,-5.603833,10.02449,-1.3113596,9.239066,call_29e423c5b8aa_ruido,human,train
2.8400000000000016,4.709384673181833,-20.46863,93.37384,62.059074,33.0229,15.867119,27.022324,30.702442,28.973137,-8.471926,15.464123,8.733524,17.870272,-13.929361,13.119618,4.361843,11.383722,-12.368868,9.587378,2.7130256,8.480595,-3.5798097,7.5638165,-2.1279964,7.3996615,call_29f2b21b3d8a_orig,synthetic,train
2.8400000000000016,4.709384673181833,3.297983,68.25343,55.4419,26.9203,23.536827,29.94845,14.937855,18.944168,-10.401952,16.837929,-4.7152925,14.214155,-11.372356,13.271437,-0.810421,10.492408,-7.499195,8.090691,4.0130854,7.474058,-7.288458,7.2736936,1.0531223,6.9512367,call_29f2b21b3d8a_agudo,synthetic,train
2.8400000000000016,4.709384673181833,-21.541153,63.35625,80.41475,28.675537,-1.7619042,19.462303,50.520065,27.635633,-12.176624,11.774286,20.773378,12.059656,-12.4475565,14.23535,5.6810036,10.024676,-5.6634865,8.525164,-3.3113556,8.118683,-2.5511923,7.4132614,1.4705873,6.571462,call_29f2b21b3d8a_grave,synthetic,train
2.8400000000000016,4.709384673181833,-19.029669,73.43016,59.180576,33.138836,16.18024,25.827074,29.370796,28.293,-6.8171263,14.974663,8.023022,17.634356,-12.874014,12.853995,3.350018,11.03595,-11.185627,9.488365,1.87798,8.142325,-2.7127728,7.426325,-2.651845,7.2322507,call_29f2b21b3d8a_ruido,synthetic,train
2.9900000000000126,3.7120731380521748,-93.879745,77.76323,83.87132,31.53406,43.195118,38.872368,16.580914,20.706682,0.73745894,18.920885,-2.0188518,13.105272,-11.741198,11.110416,-7.112135,11.069304,-12.904944,8.408159,-3.432907,7.2688017,-5.389258,7.38008,-3.5341008,8.042807,call_29fddbedd6a4_orig,human,train
2.9900000000000126,3.7120731380521748,-68.99772,55.528316,88.282745,24.45307,34.9187,37.4684,0.048965126,15.238383,-9.387894,18.718107,-15.396145,12.560719,-13.964766,11.402834,-11.685562,8.815583,-6.8066416,9.330084,-2.173872,7.1613207,-7.4547987,9.567361,-9.098107,11.786931,call_29fddbedd6a4_agudo,human,train
2.9900000000000126,3.7120731380521748,-84.78363,51.664196,87.422134,28.021772,35.372433,32.290737,32.54837,25.303062,0.09385654,15.219813,11.198603,14.175987,-9.870268,10.704844,1.1368454,9.692625,-11.226424,9.377946,-5.2658205,7.615477,-6.4261208,7.222869,0.5160789,6.837648,call_29fddbedd6a4_grave,human,train
2.9900000000000126,3.7120731380521748,-88.72599,63.762768,80.108734,28.558205,42.35252,34.907993,17.13287,18.83795,1.0970948,17.578459,-2.5522885,12.224241,-11.512121,10.619574,-7.5174522,10.533344,-12.188641,8.13108,-3.5249052,6.9343014,-5.2081466,7.2157936,-3.469791,7.716069,call_29fddbedd6a4_ruido,human,train
3.299999999999997,4.820000392190678,-71.967155,119.717026,57.222496,50.787445,37.458324,23.595804,22.53909,27.035538,-15.794027,14.833254,7.4608326,13.57288,-9.899145,13.237663,-6.9476423,11.286919,-8.808943,9.472444,-9.748052,10.051369,2.1768203,7.139016,-4.3759766,9.081393,call_2a34be1bd407_orig,human,train
3.299999999999997,4.820000392190678,-44.390064,104.36716,62.63125,42.41325,35.574356,27.933176,4.083054,22.764614,-18.144325,14.588128,1.3932625,11.900239,-24.49773,13.528855,-5.431702,10.515994,-12.207194,9.686205,5.464793,8.296634,-3.5171978,10.1421385,-0.5433945,8.430857,call_2a34be1bd407_agudo,human,train
3.299999999999997,4.820000392190678,-54.176857,95.195946,62.639862,47.647697,32.80959,18.908657,40.06996,24.490622,-7.3611727,17.526619,7.0166836,10.711089,4.08377,11.388166,-6.7862167,11.864001,-0.5770784,8.793857,-12.00585,9.289841,-8.020009,10.776,-1.2614603,6.994582,call_2a34be1bd407_grave,human,train
3.299999999999997,4.820000392190678,-65.85704,87.7909,53.13286,42.86711,32.572975,22.112637,18.045204,25.118515,-12.132799,14.0917225,5.311655,12.232112,-8.606539,12.506232,-6.890835,10.587878,-8.462324,8.845647,-8.14642,9.649366,1.6871552,6.744517,-3.9078407,8.772981,call_2a34be1bd407_ruido,human,train
7.759999999999991,9.11690293430688,-46.132824,99.159645,48.66194,29.218744,18.380188,22.503817,42.625862,26.682604,-0.99341464,16.176003,1.6538742,15.28539,-8.002174,15.160294,0.88123524,12.953958,-14.180431,11.484538,-3.7410238,11.66286,-3.0016882,9.144118,-7.3509836,9.585043,call_2cd6a0b37e59_orig,synthetic,train
7.759999999999991,9.11690293430688,-32.526485,67.24643,44.857815,22.146852,28.52118,24.00581,29.931705,20.779728,-10.003782,16.595016,-8.095942,12.519403,-9.093413,13.988904,-8.572964,11.703652,-13.615885,11.754767,1.8671812,10.291202,-9.70904,10.745613,1.3138666,7.7434373,call_2cd6a0b37e59_agudo,synthetic,train
7.759999999999991,9.11690293430688,-45.25492,63.553566,61.179276,27.17964,-3.2123895,16.945253,53.259132,22.92029,2.8563032,14.5043125,17.283283,12.173818,-8.728022,13.491736,12.087818,15.131845,-5.732465,10.721702,-4.4519415,9.295798,-4.4279475,10.120221,2.2751179,6.897872,call_2cd6a0b37e59_grave,synthetic,train
7.759999999999991,9.11690293430688,-45.617493,79.34111,47.05294,28.327797,18.623714,20.949963,40.324547,26.169897,-0.64812756,15.455103,2.0985541,15.100593,-7.0309186,14.8255205,0.7701565,12.362198,-13.434632,11.321642,-3.6727993,11.217857,-2.7767282,9.047782,-7.352523,9.284242,call_2cd6a0b37e59_ruido,synthetic,train
2.729999999999997,3.2570845859449213,-98.711716,102.56698,59.501457,45.478874,28.588402,32.29036,34.99375,31.270828,24.49091,17.921167,4.7691827,16.019197,5.6873965,15.131551,7.5115504,11.068746,-8.355669,9.061141,-1.4569592,11.240922,-1.0783617,8.564128,-4.7999573,8.141463,call_2d2c74bdeb7b_orig,human,train
2.729999999999997,3.2570845859449213,-76.04814,82.71824,68.03575,39.177505,30.809334,35.780872,35.83115,23.284168,14.459808,16.058762,-4.6407003,15.823006,3.7255037,12.998264,-8.407221,10.764136,-10.55918,9.955313,0.7730994,7.3234115,-9.229282,8.894379,-2.8213303,7.654079,call_2d2c74bdeb7b_agudo,human,train
2.729999999999997,3.2570845859449213,-84.50615,78.55455,63.20999,42.133488,19.159863,26.007824,32.91731,32.630726,23.581133,17.451277,19.707165,13.15601,-1.9289533,13.558008,17.429882,13.076257,2.5572178,8.846856,-0.9127491,8.1277275,-1.2316556,8.911061,4.1042233,7.3821263,call_2d2c74bdeb7b_grave,human,train
2.729999999999997,3.2570845859449213,-94.586365,75.360214,52.819572,40.85534,28.651134,27.15295,32.507988,28.246155,21.576044,16.35324,5.415173,14.605322,6.329363,14.0746,7.1908464,10.442121,-7.650153,8.556628,-1.9792958,10.7615595,-1.2685161,7.748736,-4.4130473,7.565335,call_2d2c74bdeb7b_ruido,human,train
2.1399999999999864,1.2201178645138302,-49.616554,49.135,62.287865,21.784712,6.89233,27.471819,20.972672,17.517317,-8.255512,17.446617,-5.325266,12.3168125,-16.695179,10.72996,-0.77271044,11.308686,-10.391075,9.346714,1.9077258,9.737251,-5.9419894,10.449048,0.2632535,10.470218,call_2d4374d86df7,synthetic,val
1.9399999999999977,2.2847225943937564,-7.894027,73.64611,60.762245,32.406857,8.7724,30.386625,32.157627,28.960516,-7.378005,19.82755,11.511337,18.658041,-11.597794,13.407513,2.3334572,13.6476145,-14.088058,11.681258,1.3188396,9.871953,-7.881958,9.147732,-2.938982,9.155944,call_30c4f6565eec_orig,synthetic,train
1.9399999999999977,2.2847225943937564,15.913778,51.34467,51.286705,24.167452,17.08736,32.51292,18.23921,18.993517,-6.4065247,20.065598,-2.5117702,15.4569025,-13.425442,14.139223,-5.9667215,12.986654,-9.0804825,9.286103,0.45860955,8.540566,-7.565191,9.13422,3.5229707,6.956834,call_30c4f6565eec_agudo,synthetic,train
1.9399999999999977,2.2847225943937564,-7.006803,47.464977,75.285995,27.638613,-9.416989,21.039707,48.408142,27.826527,-10.452284,13.092901,22.241556,14.449189,-9.082963,14.916805,7.091687,11.37173,-7.365919,10.150007,-4.042637,10.065492,-2.2892387,8.752808,-2.3263583,7.696092,call_30c4f6565eec_grave,synthetic,train
1.9399999999999977,2.2847225943937564,-6.819696,65.08413,58.335552,32.059345,9.694085,29.160143,31.420227,28.776213,-5.6366425,19.408068,10.810198,18.415459,-10.638721,13.301475,1.8077642,13.342579,-13.237614,11.605647,0.62932813,9.700355,-6.9797354,8.984532,-3.1007092,9.001472,call_30c4f6565eec_ruido,synthetic,train
3.879999999999999,3.120380599623257,-132.29057,82.66575,69.78863,32.28543,36.11815,19.558235,48.8472,24.323072,11.36722,13.455107,18.764528,13.2736025,-1.0816703,17.328968,4.6684346,11.92724,-4.4632006,10.099135,-5.6435013,11.401952,0.61606467,9.345356,-2.940034,8.214525,call_312805f2b67f_orig,synthetic,train
3.879999999999999,3.120380599623257,-110.62843,71.308754,72.82182,23.965998,43.945343,21.807468,39.290077,17.133585,5.9786453,14.458295,6.920706,15.80317,-10.9013405,12.245057,-0.95327735,9.4038105,-11.900273,10.330702,1.8825402,8.428669,-6.0427995,8.189162,-4.3080115,9.6158285,call_312805f2b67f_agudo,synthetic,train
3.879999999999999,3.120380599623257,-129.33392,68.18885,74.976265,26.001993,17.999111,14.412166,55.896008,22.623533,12.917725,11.975397,26.45226,10.166766,4.3758497,13.940745,6.3781843,11.349571,3.910799,9.81342,-1.4504087,9.499818,-4.711814,9.221006,2.805705,9.435736,call_312805f2b67f_grave,synthetic,train
3.879999999999999,3.120380599623257,-127.522964,66.827866,64.887924,28.733208,36.99999,16.640785,43.907265,22.655794,12.631574,12.103302,17.314919,12.266234,0.94045055,16.17624,3.607212,10.9085455,-3.4871502,9.390311,-5.0434127,10.829489,0.48887402,8.1432,-2.856335,7.4290447,call_312805f2b67f_ruido,synthetic,train
1.7200000000000024,3.2654300033190076,-169.3475,164.75987,55.018635,41.471794,16.00383,36.67759,17.422962,24.70185,-2.0807686,21.037956,1.7073712,15.341611,-2.7876148,14.462145,1.4872594,10.704725,0.24226236,10.921903,-0.20212978,10.337153,-7.8434267,10.500275,-2.27661,9.972328,call_3332ecee2806_orig,human,train
1.7200000000000024,3.2654300033190076,-119.23532,163.64734,57.459038,35.432743,19.115995,35.97955,6.1996117,23.578981,-6.2470155,18.680403,-1.5547974,15.270453,-2.9111423,13.756182,-0.45261252,11.049131,-5.2751875,11.027543,-8.981958,11.857514,-4.2154646,11.784679,-3.5800467,12.528381,call_3332ecee2806_agudo,human,train
1.7200000000000024,3.2654300033190076,-125.19158,160.04291,61.84484,40.461872,10.463476,32.59873,26.199072,23.23693,-0.1475277,20.634516,4.4253526,15.484408,-3.7548275,14.143551,1.4589376,11.415815,-0.13940415,10.647263,5.686061,11.192167,1.2159723,10.349111,-3.734096,8.230389,call_3332ecee2806_grave,human,train
1.7200000000000024,3.2654300033190076,-147.10028,99.96991,31.403666,36.59457,8.399412,28.678854,9.635636,15.975534,-0.27457124,16.681108,0.73161054,10.842978,-1.7819926,11.469763,0.3003085,7.9242415,0.22242182,8.251817,-0.41138366,8.809207,-4.785083,9.610175,-1.6378782,9.090658,call_3332ecee2806_ruido,human,train
1.4100000000000028,3.1220071100274143,-88.09781,133.00165,57.336117,44.290928,11.777396,30.530807,25.280426,27.60672,8.036699,17.47739,4.140256,15.419498,1.3854146,12.384769,-0.27136472,10.389753,-2.5555236,10.276042,-3.61193,9.417077,-0.6086734,8.262322,-2.2622643,8.5312805,call_349b9fddaff0_orig,human,train
1.4100000000000028,3.1220071100274143,-59.936428,120.30835,60.190125,40.704914,11.671431,33.329254,27.17025,20.507841,2.263079,17.834578,2.3321013,13.897878,-6.3205047,13.786316,-3.6407917,10.300078,-6.529318,9.924386,-0.98661757,8.619917,-2.5763385,9.4398985,-2.9467804,9.314925,call_349b9fddaff0_agudo,human,train
1.4100000000000028,3.1220071100274143,-69.29336,115.21838,63.013042,38.00973,8.757574,26.804914,25.139805,29.597616,10.707804,16.419415,9.624688,12.042143,4.409629,12.005261,3.3017182,10.939541,0.5816568,10.532362,-1.1582959,9.479223,-3.5799766,8.137333,1.3262405,7.899299,call_349b9fddaff0_grave,human,train
1.4100000000000028,3.1220071100274143,-80.56958,92.38442,41.85491,40.515743,11.562936,26.253592,20.47398,25.12852,6.299301,15.419873,4.3891406,13.751224,1.7583609,10.689575,-0.62437916,8.814958,-2.4646165,8.919518,-2.8131006,8.253817,-1.1421509,7.2555695,-2.0996575,7.6112623,call_349b9fddaff0_ruido,human,train
1.2800000000000011,2.7091940939860493,-279.0262,124.77959,72.3327,28.967388,1.8481194,36.031498,14.275669,19.20936,9.409538,21.82684,-4.1068735,15.140838,3.2261858,14.013297,-0.6004287,10.853322,-2.1243372,10.880531,0.8442377,9.475923,-2.7632494,11.540309,-0.40333366,10.013301,call_34f4c668dbe8_orig,human,train
1.2800000000000011,2.7091940939860493,-251.34737,128.96458,66.45198,26.98394,-0.7467377,35.652515,15.663261,20.150522,0.50631213,20.699396,-3.6730871,13.781978,2.7248738,12.748711,-5.996935,11.752932,0.71696234,10.481981,-2.6052723,11.1385565,-1.6433685,10.885075,-1.3052847,13.4377985,call_34f4c668dbe8_agudo,human,train
1.2800000000000011,2.7091940939860493,-257.9173,122.996315,75.174736,32.081154,1.9873438,29.68301,9.564169,25.216902,11.827164,21.499413,-0.113652796,17.342054,-2.072393,13.483776,5.290574,9.553905,-3.372186,11.040613,0.96150523,8.443131,-0.62314165,8.316801,-1.3095647,9.587832,call_34f4c668dbe8_grave,human,train
1.2800000000000011,2.7091940939860493,-208.91956,76.62177,24.574623,33.386555,5.164892,26.72223,6.5384235,15.150326,3.4915,15.373895,-0.8364217,12.138814,0.67037696,9.922296,-0.22547078,8.783269,-1.4699465,9.140366,-0.37610558,8.218148,-1.8064501,9.661461,-0.89341646,8.909459,call_34f4c668dbe8_ruido,human,train
1.589999999999998,2.2789008071631573,-156.9495,173.35576,65.41434,42.515438,28.041824,30.547272,21.398308,24.553837,7.7171526,17.82005,4.7508345,16.772142,3.538774,11.926258,0.614018,9.965255,-2.8263993,9.938921,0.7496553,8.419461,-5.156329,9.106575,-2.2238667,7.098594,call_35966c559fcc_orig,human,train
1.589999999999998,2.2789008071631573,-121.62604,174.04105,76.34155,33.732883,28.7715,33.984535,17.23846,18.696037,4.7715693,18.962553,2.4396362,14.207535,0.49464974,12.697237,-5.269909,10.585752,-2.2204647,10.237201,-3.1844466,9.003646,-1.7518625,7.794239,2.5324984,8.1526985,call_35966c559fcc_agudo,human,train
1.589999999999998,2.2789008071631573,-133.25757,168.98714,67.76066,37.61819,26.343164,23.460464,23.457077,27.902864,9.913311,15.002046,9.243854,14.96978,0.5822332,12.366899,6.246192,9.091632,-3.0920022,8.755511,0.44031838,9.077685,0.21807536,7.463819,-2.1223254,8.62807,call_35966c559fcc_grave,human,train
1.589999999999998,2.2789008071631573,-139.52899,93.79083,53.969788,43.504555,14.214096,26.936522,11.000725,21.886068,2.652375,14.770205,1.9312012,14.517083,1.449527,10.349644,-0.28008646,8.905899,-2.42076,8.830913,-0.6765762,7.6245985,-3.6703246,8.352151,-2.770578,6.454611,call_35966c559fcc_ruido,human,train
1.4399999999999995,2.773692374391057,-196.04002,129.77878,65.910385,34.68783,-20.733387,46.073475,-13.224152,27.899342,-5.9723573,21.029812,3.67366,13.424587,-0.18985134,13.805222,1.9405568,11.7408285,-4.9792356,14.496416,2.0895422,8.5631075,-2.5943298,10.953596,1.2173102,9.598526,call_36640e327eaf_orig,human,train
1.4399999999999995,2.773692374391057,-174.70563,130.77776,55.86058,31.94535,-30.684416,51.40431,-13.510183,22.122723,-3.2126436,19.639395,3.4437873,16.79104,-0.5148557,11.766442,-3.3154047,14.778939,-0.7482693,10.550758,-0.28027254,8.794896,-3.2810335,10.991835,-3.145484,11.553039,call_36640e327eaf_agudo,human,train
1.4399999999999995,2.773692374391057,-184.7173,127.82127,77.89134,33.694214,-16.240522,35.42732,-10.650413,33.3887,-13.571756,19.630428,2.503893,20.374746,-4.5178556,13.756795,7.0205636,13.231521,-2.6987448,10.889138,0.3011874,9.7056675,-1.9169335,8.219991,-1.8131646,10.329678,call_36640e327eaf_grave,human,train
1.4399999999999995,2.773692374391057,-156.54547,90.70237,32.03068,29.958704,-8.618746,33.721405,-6.128695,25.27642,-3.7506924,15.909914,1.7759509,10.819889,0.7685446,11.579427,1.7349044,9.594932,-3.3421733,12.292563,1.0883574,7.774727,-1.1554843,9.784087,0.07362074,8.287955,call_36640e327eaf_ruido,human,train
3.4299999999999997,5.293396305250953,-46.171844,94.087555,54.45279,39.089653,16.714413,31.86097,25.568819,34.38688,-0.4381949,20.287706,13.884556,18.595518,-9.758425,14.408667,3.9003997,12.101174,-11.309113,13.310237,-3.17037,11.201438,-3.9966986,11.01003,-5.476648,10.42672,call_36d72e4b1aef,synthetic,val
2.259999999999991,4.491712938413057,-108.67445,89.53744,71.607796,24.739748,39.119923,27.534683,54.37169,21.123531,-6.808663,18.48499,8.479708,22.891766,-25.078941,13.336951,-0.9675119,12.389466,-19.923111,9.971225,-2.0916638,9.739953,-2.107174,9.689763,-0.43422097,9.745993,call_373750027ccd_orig,synthetic,train
2.259999999999991,4.491712938413057,-82.03824,68.919136,69.13457,20.428698,53.946907,29.085499,25.56823,14.455779,-16.792976,20.961946,-17.963692,17.06339,-25.216099,14.72674,-7.3005676,10.540073,-13.329931,9.6909,7.7762156,9.277756,-6.4023657,8.303918,2.920331,7.64587,call_373750027ccd_agudo,synthetic,train
2.259999999999991,4.491712938413057,-104.420876,64.936226,81.541725,21.472889,20.860477,18.398527,76.06202,23.175638,1.4099323,13.647791,24.064686,16.937044,-12.941313,17.442347,-3.4141712,10.508567,-6.530016,10.399821,-14.945251,8.250538,-2.759678,8.06339,-4.550729,8.88606,call_373750027ccd_grave,synthetic,train
2.259999999999991,4.491712938413057,-103.40445,69.252045,66.082924,25.160973,41.344532,25.342405,50.473934,20.670324,-2.5526717,17.639713,5.6164727,21.609781,-22.355572,13.069216,-2.6063943,12.013195,-17.83803,9.923671,-3.648457,8.937622,-1.887778,9.264208,-1.501564,8.920827,call_373750027ccd_ruido,synthetic,train
2.289999999999999,1.1094881202107976,-85.24655,57.888073,73.18266,21.709358,20.097801,28.359858,40.567795,23.798779,-4.220455,15.211643,3.6850576,18.12778,-20.810478,10.142082,1.2555178,12.112024,-14.607386,11.916408,-1.7184213,10.013246,-3.2075982,9.950433,-2.1456914,9.980443,call_374f870c8124_orig,synthetic,train
2.289999999999999,1.1094881202107976,-60.490463,53.76283,65.71474,17.900377,32.936535,33.68533,20.581133,16.213642,-10.459869,17.032343,-14.719679,13.197712,-18.96946,12.994673,-5.300911,11.815906,-10.704937,10.070556,3.9373407,10.603222,-8.135117,8.051935,1.9322295,8.020276,call_374f870c8124_agudo,synthetic,train
2.289999999999999,1.1094881202107976,-86.20113,51.956783,86.61351,18.876389,6.2661815,21.116823,55.31082,25.39945,-1.2990398,14.630444,22.325754,15.537836,-16.07429,13.151575,2.0554175,7.9285636,-7.4823475,9.838776,-8.056638,10.970991,-2.6810377,7.0829663,-2.4253078,7.971787,call_374f870c8124_grave,synthetic,train
2.289999999999999,1.1094881202107976,-81.76815,54.4602,69.6902,20.555233,22.285194,26.679886,38.326614,23.94875,-2.105816,15.023698,1.4083107,17.752874,-19.04107,10.214158,-0.45806536,11.6484375,-13.064808,11.806565,-2.4181602,9.491106,-2.7209744,9.7755575,-2.4072866,9.459108,call_374f870c8124_ruido,synthetic,train
5.18,3.8126139213792434,-20.828276,89.694664,23.158981,31.623304,22.815754,38.985905,12.743126,18.92928,-10.473053,22.969124,-4.435644,17.280771,-6.3424273,15.411102,2.1040285,12.012421,-13.170048,13.120061,2.6202953,11.808381,-10.053774,12.838378,-1.2525818,13.356281,call_37e63dcc8185_orig,synthetic,train
5.18,3.8126139213792434,1.381709,61.6483,29.71415,24.643953,28.153519,35.58948,-0.80906254,13.676893,-10.946389,20.2207,-6.770841,16.298697,0.21856195,14.798292,-8.876539,12.255144,-2.1769595,12.052667,-2.4155984,12.9386425,-2.5648847,13.58449,0.5374731,16.680847,call_37e63dcc8185_agudo,synthetic,train
5.18,3.8126139213792434,-11.7048645,56.84164,43.753357,25.364098,1.6954191,27.166578,40.72587,23.004333,-19.987436,16.975992,13.3023815,16.440401,-25.163876,11.552835,18.054342,10.676074,-19.180487,9.238044,7.012842,9.735169,-11.082995,10.38712,2.9002812,10.137593,call_37e63dcc8185_grave,synthetic,train
5.18,3.8126139213792434,-20.320988,74.67413,22.630836,29.65876,22.107811,37.007572,12.311537,18.211388,-9.387327,22.39735,-4.421958,16.830496,-6.1550317,14.936307,1.5838761,11.712921,-12.748498,12.845166,2.4113793,11.663383,-9.788055,12.5219,-1.3064752,13.116442,call_37e63dcc8185_ruido,synthetic,train
7.410000000000002,6.2059387953283105,-82.03885,88.69635,51.758217,31.244713,29.76419,22.27628,30.38963,21.730038,-1.1039807,14.110304,8.069328,14.151813,-7.279548,15.847124,2.0687933,10.130212,-9.63933,10.878771,-0.38181835,9.485961,-3.959209,8.167931,-4.8233185,7.653329,call_387c5493a07f_orig,synthetic,train
7.410000000000002,6.2059387953283105,-63.915897,68.9478,53.636772,23.354418,33.615253,22.35222,17.228016,17.207857,-4.474411,15.579892,-2.3715732,13.305617,-9.749392,13.0498,-3.4716444,11.026183,-9.358752,9.202341,0.7118613,8.254632,-6.986052,8.651017,1.486227,7.577796,call_387c5493a07f_agudo,synthetic,train
7.410000000000002,6.2059387953283105,-78.355515,63.028294,64.8177,28.770487,13.019223,18.012577,46.270233,19.410948,-4.012391,11.993805,20.627905,11.623121,-8.019385,12.244632,8.2142315,13.177969,-5.7737865,8.327403,-1.9778931,9.237288,-3.1794367,8.347374,1.2710412,7.3880835,call_387c5493a07f_grave,synthetic,train
7.410000000000002,6.2059387953283105,-80.04769,72.57104,49.437202,29.641392,27.79914,20.154175,28.015759,21.202356,0.65633076,13.327207,7.2558475,13.496052,-5.905429,15.305265,1.789926,9.727182,-9.338547,10.478901,-0.7959659,9.05487,-3.3900692,7.850218,-4.8341846,7.4112086,call_387c5493a07f_ruido,synthetic,train
4.660000000000001,8.571964639321473,-10.777822,56.884262,63.560642,33.03432,10.353656,27.460398,30.633938,29.483376,-7.4312615,19.34611,9.264193,20.009647,-12.92262,13.58359,4.3790374,13.390952,-16.34627,10.974347,1.4451833,10.470528,-7.3144684,9.518281,-2.240203,8.811974,call_39880aff21ed_orig,synthetic,train
4.660000000000001,8.571964639321473,12.223819,41.543293,52.255627,25.939009,13.821107,29.161728,13.209288,18.134401,-7.983306,20.34888,-5.3303976,16.442142,-11.421075,13.999266,-6.033227,12.1005,-10.678511,9.501145,3.6161795,8.734442,-7.1595373,8.146754,4.854343,7.9623785,call_39880aff21ed_agudo,synthetic,train
4.660000000000001,8.571964639321473,-10.297291,38.97813,79.74817,27.420765,-8.502127,19.977325,46.577484,28.110533,-12.69268,12.836526,20.950386,13.953123,-12.828915,16.460012,9.459803,10.420387,-6.954168,9.861241,-4.964011,8.693523,-3.391621,8.401481,-2.6712446,8.482361,call_39880aff21ed_grave,synthetic,train
4.660000000000001,8.571964639321473,-9.951885,53.394943,61.267864,32.11059,10.973063,26.730608,29.916523,29.024052,-6.330879,18.896765,8.663729,19.962942,-12.570568,13.41727,3.9445224,13.243728,-15.66502,10.731461,0.7957009,10.277676,-6.696727,9.347688,-2.4572868,8.700219,call_39880aff21ed_ruido,synthetic,train
2.84,5.970774960858768,-67.35967,93.60944,71.72096,41.99878,15.582498,30.24417,27.453245,30.567652,-13.596298,15.690114,16.247065,16.295208,0.14512305,11.17781,-0.04269801,10.061332,-3.1576705,9.0054455,-4.538457,8.378886,0.70910615,7.491102,-2.8774219,7.356194,call_3adbf4ac0f30_orig,human,train
2.84,5.970774960858768,-36.893036,86.38714,66.592545,35.72835,20.319414,35.09094,15.271722,20.67594,-10.6487465,18.080256,15.278862,13.957212,-10.868622,10.246009,-1.4923902,9.403872,-9.3349495,8.794277,0.948712,8.716576,-3.18224,7.5727587,-1.1112452,6.330507,call_3adbf4ac0f30_agudo,human,train
2.84,5.970774960858768,-61.256985,82.7183,83.35304,35.740726,4.0769763,22.520142,49.45017,31.938831,-15.951265,13.431816,11.261677,14.147436,3.7371733,12.418443,5.9849916,8.183162,-0.26466563,7.696886,1.1324439,8.771899,-6.644367,7.310173,3.8887994,7.158404,call_3adbf4ac0f30_grave,human,train
2.84,5.970774960858768,-60.230453,75.16305,56.753986,38.82465,18.339802,26.06764,25.349377,28.68385,-9.066162,14.9208765,13.374426,15.402502,1.2161859,10.648412,-0.30980387,9.323872,-2.5647192,8.580664,-4.2004824,7.771471,0.08044758,7.1166573,-2.3302755,6.8768773,call_3adbf4ac0f30_ruido,human,train
1.4399999999999977,2.3756994609996624,-44.278706,99.916016,49.77687,33.28956,-4.002922,34.46975,19.843636,24.56936,-2.230122,19.892582,1.2192127,14.47473,7.4727488,13.472402,2.442738,11.654706,-12.585747,9.914767,1.4150856,9.952833,-7.2421165,10.861347,-4.6256986,8.014779,call_3b1bf9fab29d_orig,human,train
1.4399999999999977,2.3756994609996624,-17.754156,88.919044,42.996506,24.667906,-4.450614,36.827785,15.6616,17.52572,-9.289797,20.233967,2.4748075,12.818723,2.9472237,12.64209,-16.043976,12.802352,-7.749363,8.942928,-3.9157228,11.585496,-10.064367,9.398204,-3.485992,11.192228,call_3b1bf9fab29d_agudo,human,train
1.4399999999999977,2.3756994609996624,-26.656425,88.5846,59.26452,30.573298,-8.024166,25.070261,22.038807,27.926046,2.730126,16.001625,-1.2169297,14.379712,1.3987117,11.826982,17.056229,13.590571,-1.3047786,9.120588,-3.1401782,10.033909,3.0805128,9.467815,-5.432725,8.393682,call_3b1bf9fab29d_grave,human,train
1.4399999999999977,2.3756994609996624,-36.843147,74.852905,39.12053,27.557787,0.89895713,30.229118,15.969951,22.098871,-0.92478484,17.015099,0.74130464,12.623095,6.5332203,12.293327,1.7238812,10.141039,-10.937219,9.565614,0.81811965,9.159988,-5.9827538,10.189645,-4.9380836,7.4743705,call_3b1bf9fab29d_ruido,human,train
1.590000000000002,2.57404902874185,-72.02719,152.89922,68.112114,39.89269,2.924066,39.60931,18.27023,22.695139,-5.137129,19.775047,2.1407743,14.13062,-5.0559363,12.689656,-4.281033,10.673081,-10.354254,10.707558,-0.73539555,7.665965,-6.9748383,8.584766,-3.278586,8.150706,call_3b9afdd4a2df,human,val
4.7,5.501319879376666,-116.13083,110.8927,88.60849,43.349827,28.54069,27.743526,29.253437,31.544989,4.523296,18.2291,14.440737,18.407124,-1.8626807,18.300602,-3.416093,14.182689,3.90728,11.784663,-13.217945,11.793737,2.4376554,9.403706,-9.544561,9.31253,call_3ca96b2dd5c4_orig,human,train
4.7,5.501319879376666,-86.126015,91.94163,89.99865,34.441486,28.22129,32.069126,25.963192,26.238218,-0.9397621,19.131615,6.7641354,18.909609,-18.288303,17.296507,2.142767,12.462932,-14.666821,12.3195095,-4.5974474,10.2389965,-5.607643,9.675067,-5.756304,8.4026165,call_3ca96b2dd5c4_agudo,human,train
4.7,5.501319879376666,-101.28041,85.83179,86.10991,40.928055,23.21624,24.102186,34.84385,29.798717,11.438692,18.83267,13.053128,15.411885,13.175055,14.813443,-7.1168675,16.060848,8.462568,13.354908,0.7795161,11.428299,-7.0939136,10.045298,5.055187,8.550006,call_3ca96b2dd5c4_grave,human,train
4.7,5.501319879376666,-104.73242,75.2863,75.302124,39.081203,28.614614,22.423792,24.899143,27.381245,6.4248133,15.0771885,12.3962555,15.108109,-0.24214447,16.65989,-2.1321168,12.508508,2.1147852,10.553085,-10.391632,10.86726,1.0277802,8.237421,-7.4520273,8.476565,call_3ca96b2dd5c4_ruido,human,train
2.9599999999999937,2.493724422594621,-66.233894,101.17671,56.070557,31.670702,3.8414607,32.306545,34.78441,24.71613,-3.5469272,19.291267,11.980322,19.04484,-6.2510204,12.234389,8.435466,10.936552,-6.0496883,11.611682,1.1486777,9.433692,-6.4590254,10.131841,0.062755555,10.176043,call_3cd08cbaf55c_orig,synthetic,train
2.9599999999999937,2.493724422594621,-36.957188,68.40558,49.19491,22.172318,13.431774,34.94508,20.202843,16.291582,-3.861681,17.560259,2.6218865,16.041677,-5.5051274,12.493708,-1.6521577,10.436192,-8.424679,10.008268,-3.0747962,10.248586,-5.707613,11.123299,1.807122,10.996239,call_3cd08cbaf55c_agudo,synthetic,train
2.9599999999999937,2.493724422594621,-60.135345,63.034565,76.19409,26.610533,-16.025822,22.699203,48.68521,25.965662,-8.496672,14.516183,19.899887,14.034975,-8.706945,14.060689,10.480589,10.900074,-3.4882498,9.760805,3.6419182,9.935611,-1.4609214,7.9737816,-1.3732924,9.4399395,call_3cd08cbaf55c_grave,synthetic,train
2.9599999999999937,2.493724422594621,-62.6514,75.82294,52.033714,28.33103,5.792491,29.637821,32.08882,23.654354,-0.5325191,17.945995,9.771093,17.61917,-4.736068,11.415983,6.54919,10.281534,-4.242796,11.093191,0.3596055,8.826483,-5.410368,9.6205015,-0.30373055,9.690304,call_3cd08cbaf55c_ruido,synthetic,train
2.8400000000000034,3.4270952364940186,-39.180237,105.00335,59.43184,39.64986,17.484653,28.417336,21.012772,25.440256,4.805395,16.047316,9.307732,18.051912,-2.751595,11.128471,6.8530993,9.705401,-7.494356,10.350834,1.7125702,8.344915,-0.9592992,7.9149365,-2.1377735,6.764932,call_3d69be34ef44_orig,human,train
2.8400000000000034,3.4270952364940186,-14.894758,91.83051,62.137527,32.3076,19.459206,33.57555,15.6717825,18.109007,6.071968,18.067347,1.2274916,14.440712,-2.3157744,10.289704,-2.9922113,11.107868,-6.2385697,10.358345,3.0128257,8.966753,-7.7529016,8.04352,1.8685405,5.7377768,call_3d69be34ef44_agudo,human,train
2.8400000000000034,3.4270952364940186,-31.90776,85.75373,74.73831,34.57382,6.909151,21.543642,33.122997,29.090134,-3.5107741,15.505529,21.701588,15.417068,-7.2509336,12.035891,12.742231,9.05217,-3.825578,8.718947,0.3860342,8.987397,-1.6326761,7.227325,2.4791307,6.7157354,call_3d69be34ef44_grave,human,train
2.8400000000000034,3.4270952364940186,-33.758,78.45359,55.3459,37.411903,18.120949,25.591372,18.332245,23.66949,4.745611,14.748534,7.9925957,17.015465,-1.4475287,10.4285755,5.1317415,9.038761,-5.609306,9.876501,1.0024928,7.806834,-0.5527618,7.5402813,-1.9549165,6.283576,call_3d69be34ef44_ruido,human,train
1.5700000000000074,5.119358846574443,-47.151768,91.986275,56.66157,41.990124,27.858906,31.592823,31.209522,26.809374,0.24211028,18.73692,14.501617,18.842573,-3.052522,13.137965,5.3931894,10.255681,-8.945714,9.803173,1.5056973,9.045107,-2.5478344,8.580447,-3.5435743,7.160999,call_3f3ac4984431_orig,human,train
1.5700000000000074,5.119358846574443,-18.096962,77.06289,55.43532,35.88618,34.024067,35.90015,19.406504,19.300606,0.634114,18.145336,5.5196257,17.01637,-6.71014,12.134467,-4.3609276,9.864943,-9.292746,9.247844,2.0649445,9.282234,-9.317398,7.774398,2.4127324,6.293335,call_3f3ac4984431_agudo,human,train
1.5700000000000074,5.119358846574443,-37.924812,72.541,65.20271,36.354824,9.170416,24.523178,48.540764,30.947119,-6.279781,15.736867,25.448719,14.685763,-3.0392237,13.461054,13.484589,10.82403,-2.38902,8.457983,-0.56328166,9.084215,-1.0313433,7.59728,1.6709206,7.0695043,call_3f3ac4984431_grave,human,train
1.5700000000000074,5.119358846574443,-42.61215,73.043106,49.41417,37.93953,27.20196,27.82934,28.075382,25.03984,1.7392913,17.080988,13.426851,17.484612,-1.3251848,12.533303,4.596998,9.50131,-7.7625117,9.421202,0.6221133,8.347317,-2.0012088,8.04018,-3.3538356,6.738277,call_3f3ac4984431_ruido,human,train
2.650000000000002,2.552172343998224,-76.53553,85.0953,79.08641,31.50828,20.572206,31.099041,23.356302,15.752665,-23.771103,16.964907,-6.087723,16.769402,-13.95872,11.345958,2.9946737,10.757781,-15.255466,9.362491,1.9435165,8.542662,-13.094919,10.267447,-3.1531463,12.415334,call_415d987a1504_orig,synthetic,train
2.650000000000002,2.552172343998224,-46.42508,70.35418,73.57097,23.780699,27.021145,29.953285,1.1262846,13.222314,-24.348248,15.741446,-8.84384,12.49081,-5.3244886,11.189752,-8.352944,9.831583,-7.1805882,9.974628,-4.910922,11.52589,-10.1271,16.250294,-3.4651773,17.347027,call_415d987a1504_agudo,synthetic,train
2.650000000000002,2.552172343998224,-70.27164,66.9428,91.98137,24.960825,7.851939,24.260208,48.36188,18.274029,-18.858292,15.648465,3.7118652,15.108897,-20.94396,11.156704,6.4446254,8.760846,-9.486877,9.651255,-2.887003,7.7428303,-1.3004701,7.9671426,-5.940407,8.726548,call_415d987a1504_grave,synthetic,train
2.650000000000002,2.552172343998224,-72.08629,68.082794,75.14177,29.221098,22.581886,29.374424,20.79647,14.454082,-18.1271,16.213202,-7.4173994,15.572309,-12.027831,10.707427,1.3979964,10.12244,-13.2038,9.207836,-0.15708163,8.316938,-11.841921,9.997944,-4.382367,12.259158,call_415d987a1504_ruido,synthetic,train
2.84,2.363672773374487,20.79606,94.40581,62.144966,34.39367,12.855173,28.62427,31.54369,28.880146,-8.621396,21.89965,11.280687,21.091326,-12.879961,13.427511,4.7596493,14.6875725,-15.465122,11.903201,1.9824656,9.645735,-4.9368806,10.135768,-1.379645,8.91752,call_41fc5fd779c9_orig,synthetic,train
2.84,2.363672773374487,45.678078,66.01705,50.308243,26.956236,15.152572,31.87024,14.839216,17.255907,-11.309396,21.785643,-7.444325,17.808306,-11.631719,13.251986,-3.474063,15.114169,-10.457542,9.619309,4.466075,9.655325,-6.833293,7.7623606,2.7812681,8.227402,call_41fc5fd779c9_agudo,synthetic,train
2.84,2.363672773374487,20.48181,62.32947,82.3779,27.980219,-7.7812486,20.780954,49.800957,29.992256,-14.01619,14.077358,20.7872,12.413726,-11.264044,17.951275,9.597069,10.307243,-6.658638,11.840818,-5.0552263,8.846096,-2.7952356,7.62146,-0.42480695,8.651797,call_41fc5fd779c9_grave,synthetic,train
2.84,2.363672773374487,21.404877,77.71245,60.46917,34.15765,12.787271,27.803936,29.89669,28.10455,-7.4862056,20.887405,10.330893,20.570126,-12.217611,13.27589,3.6231935,14.303703,-13.412515,11.843108,1.4028126,9.342677,-4.5019026,9.731707,-1.75773,8.833553,call_41fc5fd779c9_ruido,synthetic,train
3.6000000000000014,5.988345124768054,-129.20253,89.16728,58.37061,29.778852,14.254066,33.92818,28.105705,17.11196,-20.83136,20.648169,-0.5037534,16.27739,-10.67148,13.9727125,4.119977,10.511279,-8.732139,11.260662,2.4212646,10.087775,-8.652865,12.865725,-1.0882564,13.652239,call_450b4e13468b_orig,synthetic,train
3.6000000000000014,5.988345124768054,-94.90105,74.48012,57.301983,21.130562,25.170395,32.343876,7.3332586,14.154412,-21.021015,17.770021,-1.7110579,15.739377,-0.9313227,14.442629,-0.3782153,10.549418,-3.0000076,11.083415,-0.6328458,12.722079,-3.9998312,16.064327,-2.3720994,20.428825,call_450b4e13468b_agudo,synthetic,train
3.6000000000000014,5.988345124768054,-119.57917,69.25344,74.09912,26.576502,-2.50399,23.329033,48.963284,19.205242,-20.07948,17.330196,3.7305107,14.618519,-17.23185,9.815108,4.61098,10.565018,-8.189249,9.545192,-0.30468613,10.261762,-2.4562254,9.106408,-2.7871678,9.654229,call_450b4e13468b_grave,synthetic,train
3.6000000000000014,5.988345124768054,-121.76098,70.30832,52.83306,25.526941,16.671486,28.571222,24.716389,15.662826,-16.4972,19.81631,-2.1988196,14.864385,-8.840963,12.50414,1.3842616,10.063611,-6.798542,10.352836,0.9998525,9.82121,-6.66955,12.077942,-2.0320666,13.082412,call_450b4e13468b_ruido,synthetic,train
2.5199999999999996,2.3460415834147312,-105.71689,72.43847,87.1831,29.0427,21.340786,29.723125,16.636353,17.54047,1.4985665,16.762209,2.2425876,15.090125,0.9146541,12.101716,-0.2591614,12.982344,-1.1834059,9.186232,-0.80436367,10.432968,-2.6383448,9.810481,1.3189701,10.204646,call_4789ebd9b148_orig,synthetic,train
2.5199999999999996,2.3460415834147312,-77.45203,61.117558,92.2516,25.573124,22.521416,29.602947,9.314806,13.733134,-3.7212236,16.197462,1.3731266,13.072436,-0.6369778,13.845728,-2.4476793,10.921124,-0.81751007,10.184507,-0.78511506,11.079452,0.8390703,10.864237,-0.648162,11.385238,call_4789ebd9b148_agudo,synthetic,train
2.5199999999999996,2.3460415834147312,-104.436775,60.256077,94.808624,25.034046,15.190357,23.291775,32.856102,20.547642,-5.485585,14.735197,8.927425,14.409488,-8.8372555,11.480545,9.593096,10.381122,-9.792487,10.588963,7.8983183,8.885897,-8.986015,9.351721,5.0945606,7.7148213,call_4789ebd9b148_grave,synthetic,train
2.5199999999999996,2.3460415834147312,-96.84072,64.726974,77.528656,24.542591,26.10117,27.034641,15.592727,16.469168,2.213142,15.073665,2.6214242,13.797453,0.65066385,11.171344,-0.19094324,12.149029,-1.1904397,8.49318,-0.9583243,9.556748,-1.9562311,9.118504,0.14271261,9.735945,call_4789ebd9b148_ruido,synthetic,train
2.5100000000000007,3.3264310885665807,-70.70831,78.24689,55.902355,41.07936,18.214878,25.518059,29.24114,32.838234,7.0866413,17.505909,11.515977,14.451629,-1.1140251,16.796305,0.11077264,10.0111885,0.7898137,9.47079,-5.9026513,9.552912,1.0244205,8.814377,-4.4434147,9.677098,call_47bef2f628eb,human,val
1.7900000000000027,2.493454431105567,-181.09236,85.42484,80.15645,36.36102,-10.007772,49.85329,2.519115,22.948149,1.3656765,17.706553,1.4474499,15.21748,8.354999,17.569176,-0.3470609,11.427969,-1.7096498,10.594599,-1.3094999,10.370276,-2.0206482,9.815848,-1.3528588,10.72758,call_486215b37ca1_orig,human,train
1.7900000000000027,2.493454431105567,-161.71095,80.09187,78.65854,31.204105,-12.116805,44.053825,7.3029957,27.032305,2.8096051,16.526556,8.2363,18.46312,4.2466483,14.3450365,-3.6440516,10.736402,-0.1499431,11.1094475,-0.3155893,11.590375,0.41399845,13.394534,2.3349469,14.335284,call_486215b37ca1_agudo,human,train
1.7900000000000027,2.493454431105567,-170.59184,84.26471,78.86631,36.470325,-2.2485747,44.443993,1.8444806,22.529358,2.2393093,20.438938,-0.9944671,18.102413,4.704335,18.541368,6.2049336,10.829378,-1.1371363,11.837535,1.3818084,9.529933,-1.6555812,11.626933,-1.502653,9.348419,call_486215b37ca1_grave,human,train
1.7900000000000027,2.493454431105567,-159.23387,65.491875,53.25264,28.304438,1.7778956,38.63056,-1.9172789,18.437014,2.8864841,15.322838,3.0858128,13.41551,6.1735325,14.714069,1.481133,10.398262,-1.7746224,9.596627,-1.1814371,9.258095,-1.5116273,9.390586,-1.2646649,10.184647,call_486215b37ca1_ruido,human,train
1.519999999999996,4.2023367724434575,-36.143295,122.99489,21.93945,32.52997,4.2785482,37.948807,16.977901,26.402578,-4.3939896,19.940079,15.432204,15.853353,0.3907914,12.705208,0.49980155,10.363676,-14.633688,11.673378,2.8762734,8.247026,-7.8048973,10.355462,-1.9698303,10.388567,call_488e7b893457_orig,human,train
1.519999999999996,4.2023367724434575,-5.350484,114.136284,15.972378,28.413372,8.830425,39.97055,9.210886,16.761482,-0.7305479,19.466396,7.7285104,15.179224,-6.2452574,12.360949,-12.889809,10.418623,-5.3471203,10.246159,-0.851356,10.207259,-9.611811,11.181774,-3.9792984,12.341393,call_488e7b893457_agudo,human,train
1.519999999999996,4.2023367724434575,-9.742608,112.59683,33.969658,29.675983,-10.666821,27.782936,28.163147,31.395212,-11.958625,16.206955,14.908865,14.773618,1.4812747,12.28034,13.502909,9.22153,-7.002633,10.336099,-4.6760497,9.886491,0.38114804,8.381437,-4.7572355,8.178785,call_488e7b893457_grave,human,train
1.519999999999996,4.2023367724434575,-30.169882,91.694084,14.981231,26.26439,3.2251062,33.10753,15.029469,24.005219,-2.1843166,18.298544,12.048265,14.527887,1.0583144,11.632108,-0.034195483,9.643453,-12.779784,11.886554,1.5844703,7.6384063,-6.81482,9.519417,-1.8294789,9.570477,call_488e7b893457_ruido,human,train
2.6200000000000045,4.237884539951652,-123.32578,82.38662,82.63301,32.349163,32.231503,35.058403,23.989893,20.226057,-23.408632,20.681814,-8.607876,14.927838,-2.6471612,12.182755,2.7864017,9.675585,-13.253872,9.015413,-3.3397233,8.891569,-8.952279,8.2291355,-3.681107,10.030406,call_4ac92327c83b_orig,human,train
2.6200000000000045,4.237884539951652,-93.40372,61.53865,79.89609,28.662163,32.34776,36.215923,-3.4218307,17.704128,-33.91197,18.030506,-5.293256,12.330558,-1.7867627,11.071727,-12.482456,9.810432,-12.314888,9.359532,-5.705044,8.361041,-9.992748,9.450552,-8.289934,11.3444395,call_4ac92327c83b_agudo,human,train
2.6200000000000045,4.237884539951652,-110.81327,59.18877,89.47704,29.655313,24.120785,27.900501,46.894176,22.800627,-12.467081,19.672901,-8.744762,15.258691,-12.523115,11.377105,7.9929423,9.961892,-1.4602233,8.519993,-3.4754438,7.609625,-1.2716541,7.1430035,-5.788657,7.2810745,call_4ac92327c83b_grave,human,train
2.6200000000000045,4.237884539951652,-116.43329,63.67107,74.45865,28.372208,32.783432,30.504435,21.237526,17.87541,-19.54039,20.324959,-8.587536,13.993106,-2.622171,11.291131,1.5313778,9.071485,-11.4966545,8.639686,-3.787473,8.2827835,-8.347095,7.7753205,-4.5047636,9.402935,call_4ac92327c83b_ruido,human,train
3.779999999999994,6.885676760090066,-18.97211,80.73171,46.812584,33.939392,19.319157,32.170097,28.388407,33.34947,-4.4375253,18.020815,11.356516,17.891651,-10.143814,13.509493,1.9421091,12.074887,-11.181967,13.16669,-0.6151512,11.279849,-5.365265,12.13147,-4.6838417,11.604973,call_4affad158a4c,synthetic,val
3.6699999999999875,2.9369092491086617,-71.69224,63.611923,60.753586,24.769697,9.083551,20.970898,25.55019,21.421179,-5.1896205,13.008778,-2.0214844,13.806926,-12.6349125,13.580084,1.7614652,11.985025,-10.854332,11.09856,-0.14062685,10.732566,-2.5068152,9.555649,-4.3691053,10.104389,call_4b1bec58d02d_orig,synthetic,train
3.6699999999999875,2.9369092491086617,-51.922264,54.32828,52.684784,19.33794,13.394405,23.718338,13.857871,16.032063,-11.943998,13.547835,-11.141575,13.133702,-7.5285416,11.977444,-4.747938,11.485508,-6.9830284,10.602541,3.6957364,9.661687,-6.7545333,8.8024235,3.2076283,8.693104,call_4b1bec58d02d_agudo,synthetic,train
3.6699999999999875,2.9369092491086617,-68.094925,54.772743,73.92886,23.34915,-5.6443357,15.509897,40.530975,20.278822,-4.5166454,12.9324045,13.664371,10.440264,-17.126009,13.471032,6.475956,10.609504,-9.054287,9.84051,-2.6032133,9.459623,-4.426665,8.169957,1.8421816,7.674145,call_4b1bec58d02d_grave,synthetic,train
3.6699999999999875,2.9369092491086617,-70.083916,59.906914,58.3692,23.387707,10.489967,20.031658,24.20558,21.198084,-3.974099,12.784837,-2.7000113,13.499132,-11.624912,13.290552,1.1122646,11.701187,-10.2048,10.829629,-0.39774495,10.276706,-2.5000298,9.347858,-4.2717547,9.777071,call_4b1bec58d02d_ruido,synthetic,train
1.9599999999999937,2.34281266667562,-108.44471,144.56879,31.0209,44.849724,11.797298,36.440556,18.706429,31.922783,-3.1582298,23.307121,14.215429,18.62579,-0.09573671,13.95402,1.639774,11.910406,-2.0865664,12.195604,0.16562492,10.418226,-6.290039,11.436283,-2.018062,12.495587,call_4baef170cf46_orig,human,train
1.9599999999999937,2.34281266667562,-67.13473,138.05917,30.196678,38.090664,16.21453,42.36834,7.4622912,21.91637,1.1533806,22.089445,11.305923,17.343407,-6.5573926,14.85936,-1.2152365,13.029156,-5.6440067,12.245784,-5.924179,10.978637,-6.6275864,13.156423,-4.097126,14.136114,call_4baef170cf46_agudo,human,train
1.9599999999999937,2.34281266667562,-69.88851,137.56119,36.995827,41.40792,4.383368,25.469645,24.445766,38.41518,-7.9674063,20.054272,10.363226,16.786287,7.3992176,14.73385,3.7482328,10.050106,1.8901925,10.722749,1.8358163,9.991167,2.6918445,9.865391,-3.4039354,10.377806,call_4baef170cf46_grave,human,train
1.9599999999999937,2.34281266667562,-98.07233,90.75674,19.203056,36.511974,7.240036,28.820745,12.904955,27.308672,-2.1293497,19.835705,10.164339,16.715895,0.10583037,11.840162,0.7393247,10.731322,-1.3755679,11.036662,-0.36652875,9.500003,-4.9112,10.515564,-2.3300734,11.382647,call_4baef170cf46_ruido,human,train
1.5199999999999996,4.465069873987622,-94.99597,121.49508,79.607315,49.07485,14.088659,29.315594,18.314484,26.936817,3.7432492,17.789257,12.932483,16.040539,3.0242715,12.170284,5.8564887,11.444977,-6.3730936,10.381975,-6.21624,9.306323,0.22999501,8.137146,-1.1219153,7.8645525,call_4c278007298d_orig,human,train
1.5199999999999996,4.465069873987622,-68.49373,112.328674,75.959366,42.257782,11.861444,32.185658,14.047909,20.151241,4.855942,18.86703,7.509531,15.9352865,-4.935606,12.534794,-5.6212945,11.148126,-12.008582,10.360904,1.8099239,8.746574,-2.1823971,8.432477,-1.3078077,8.191767,call_4c278007298d_agudo,human,train
1.5199999999999996,4.465069873987622,-88.26648,101.94594,84.68179,44.90507,13.569211,23.00716,20.376408,27.513477,-0.10255477,16.181303,12.1910095,14.378382,4.652899,14.723954,7.6643305,12.093077,6.288365,9.72977,-4.4188824,8.589473,-5.415001,8.479845,-0.2594105,8.442962,call_4c278007298d_grave,human,train
1.5199999999999996,4.465069873987622,-87.1925,85.55531,70.6149,44.41772,13.189161,24.205652,14.343515,24.329401,4.2402296,15.63847,10.684115,14.202622,3.6241674,10.89517,4.337245,10.262168,-4.872416,9.472268,-5.725863,8.535406,-0.04397966,7.4635296,-1.220039,6.9735765,call_4c278007298d_ruido,human,train
4.0,5.38889914672797,-90.84161,128.17882,90.82978,41.02497,20.52855,23.755726,6.3909254,27.779558,5.9864693,15.385878,9.469265,13.532027,-0.6166881,11.213781,3.5853336,9.852188,-2.4215078,10.31406,-1.6328876,9.213827,1.1701636,7.0488434,-5.1234245,8.552094,call_4c8c40f7c2fd_orig,human,train
4.0,5.38889914672797,-57.344437,118.18209,93.0873,35.515205,14.932535,25.627884,8.766534,24.802877,6.8054047,14.972797,3.4021397,13.131838,-3.208597,10.055594,-0.12267488,9.693343,-7.816592,8.822646,2.3923814,7.946824,-5.991245,9.968044,2.5843596,8.221253,call_4c8c40f7c2fd_agudo,human,train
4.0,5.38889914672797,-77.86868,110.7216,97.85861,34.541172,19.689465,20.482576,9.781036,25.430891,2.3142543,15.727661,10.670836,12.507918,0.84297144,11.070054,4.5191555,12.609748,2.869863,7.456359,-2.7323995,8.633577,-0.8049654,9.453476,0.55588055,7.0604773,call_4c8c40f7c2fd_grave,human,train
4.0,5.38889914672797,-86.15709,90.35358,85.70467,42.153965,18.119368,22.272287,6.0390406,25.820919,5.072344,14.417103,8.698835,12.877634,-0.22145392,10.746156,3.2107835,9.218366,-2.3316727,9.711749,-1.4518344,8.646048,0.43548888,6.674907,-4.854839,8.271894,call_4c8c40f7c2fd_ruido,human,train
2.740000000000009,6.938638419328885,-11.365117,82.554054,61.712112,34.197594,12.277352,25.241516,32.34838,31.926535,-6.813142,17.601341,10.735016,18.733992,-11.673819,13.894418,5.566887,12.30176,-16.345089,10.972127,0.5100197,10.715454,-4.8852057,9.886679,-3.2246532,9.015887,call_4cd5b14fbe3c_orig,synthetic,train
2.740000000000009,6.938638419328885,8.863353,52.94082,52.726585,29.187778,16.204453,27.504904,16.782871,21.715424,-7.5032196,20.101168,-3.1986432,16.35451,-12.12752,12.43862,-4.619423,11.643166,-11.381519,10.711324,5.1543913,9.202563,-7.584858,8.499572,3.8078222,7.7575784,call_4cd5b14fbe3c_agudo,synthetic,train
2.740000000000009,6.938638419328885,-14.037679,50.013268,78.277954,28.270514,-6.916751,19.499823,48.914223,29.901684,-11.073355,13.471967,21.084322,13.446694,-10.568988,15.396827,8.340855,10.292386,-5.1705894,10.182791,-6.456512,8.676108,-3.1747937,8.644289,-1.8712332,8.194743,call_4cd5b14fbe3c_grave,synthetic,train
2.740000000000009,6.938638419328885,-10.194871,67.21607,60.213478,33.93028,13.287908,24.388023,31.459904,31.186342,-5.9385414,16.994534,9.47468,18.483639,-10.676392,13.878788,4.804095,11.90379,-15.347672,10.818919,0.22072345,10.359075,-4.5040193,9.675262,-3.25598,8.885526,call_4cd5b14fbe3c_ruido,synthetic,train
4.340000000000003,3.1257900316238953,17.824251,90.01153,61.615906,33.655476,11.070362,28.593405,32.505257,25.883392,-6.0536427,18.799599,9.068795,19.701263,-12.108511,13.303197,4.5190163,12.852192,-16.770166,10.461021,-0.19599581,8.546963,-5.2703123,10.228876,-2.2037413,8.880084,call_4d8129939686_orig,synthetic,train
4.340000000000003,3.1257900316238953,40.757088,62.52294,52.47412,24.666307,20.613808,28.918968,15.68311,16.17504,-6.689181,20.495811,-5.9353485,14.772944,-11.239868,13.974052,-5.5422688,12.300358,-10.389343,8.969231,4.59041,9.738097,-6.755563,8.883736,4.3172884,6.9042125,call_4d8129939686_agudo,synthetic,train
4.340000000000003,3.1257900316238953,15.602838,57.758587,75.50792,28.0911,-2.9819965,19.11969,52.346603,24.813599,-10.040667,12.234432,22.821547,15.410025,-10.562647,15.477599,10.347908,10.621675,-8.080343,10.415212,-5.839952,9.475682,-4.237948,7.6873045,-1.730792,8.903655,call_4d8129939686_grave,synthetic,train
4.340000000000003,3.1257900316238953,18.716137,78.49713,58.945526,33.28929,12.28894,27.508978,32.114204,25.50482,-4.2879415,18.313055,8.142548,19.400707,-11.419727,13.095372,3.7162604,12.63763,-16.33546,10.375721,-0.3748169,8.422388,-5.3734474,9.996298,-2.2405317,8.695803,call_4d8129939686_ruido,synthetic,train
2.840000000000001,4.776937794641829,-72.729416,116.124596,32.78573,43.313633,24.341343,36.603195,23.717438,26.88438,4.198824,19.0101,0.17879777,17.888155,0.5917176,11.927203,2.0791428,10.7401,-11.737962,11.116053,4.290228,8.221585,-7.352495,8.087853,2.795196,7.065587,call_4e60206f7e8a_orig,human,train
2.840000000000001,4.776937794641829,-44.865505,100.9768,36.592346,37.56492,25.786179,38.6352,16.068768,17.042473,0.13934006,19.722729,-3.6046555,15.392532,1.9004889,12.7891655,-12.2925,11.601874,-0.84308356,8.327553,-1.3774467,7.920548,-3.8861227,7.3896227,-1.5400549,6.5021563,call_4e60206f7e8a_agudo,human,train
2.840000000000001,4.776937794641829,-53.11311,96.0288,46.95819,39.916744,11.11846,29.404848,34.84967,32.006664,3.2440631,14.787285,13.4301815,15.208721,-4.894212,13.95461,17.48653,9.422581,-10.7304735,9.43309,1.4412243,8.120174,-1.5655786,7.404026,-1.471674,7.268243,call_4e60206f7e8a_grave,human,train
2.840000000000001,4.776937794641829,-69.88962,88.74853,29.43618,39.759083,22.882935,33.01106,21.12399,25.25389,4.068763,17.606535,1.052424,16.907963,0.3054543,10.841243,1.3800225,9.792551,-10.427322,10.779827,3.7670243,7.7197056,-6.848886,7.8656497,2.3917806,6.390975,call_4e60206f7e8a_ruido,human,train
4.480000000000002,3.2215865656536384,-80.74481,76.90685,47.136265,31.274654,31.05761,23.319685,33.56687,21.597706,-2.7845666,13.065777,7.980607,13.090282,-6.286971,15.659625,3.940212,9.88113,-8.715836,10.050762,1.8972754,11.025858,-5.64673,7.7258773,-3.929394,8.478996,call_4e9cec0da4ea_orig,synthetic,train
4.480000000000002,3.2215865656536384,-59.0976,58.568844,47.103737,22.252567,37.602066,24.245201,19.362528,17.26525,-5.9493656,13.386577,-1.8900895,12.695502,-7.0646076,12.374433,-3.1111457,10.750425,-8.345986,9.973628,-0.41948232,7.8824015,-7.775997,9.038762,2.2569406,7.188682,call_4e9cec0da4ea_agudo,synthetic,train
4.480000000000002,3.2215865656536384,-72.34559,52.53186,61.020737,29.226297,10.766895,16.56003,51.096954,18.684946,-4.6775346,12.832828,19.557396,10.521071,-8.8167,11.854557,8.84294,12.804854,-5.884211,8.654312,0.275302,9.322498,-1.9325342,9.216451,0.59789485,6.226538,call_4e9cec0da4ea_grave,synthetic,train
4.480000000000002,3.2215865656536384,-79.28902,66.030106,45.062122,29.32231,29.927347,21.433222,32.813873,21.291115,-1.5121167,12.348604,7.239239,12.5654125,-5.577617,15.012076,3.5397296,9.510959,-7.9715657,9.729919,1.358988,10.581877,-5.043132,7.2447457,-3.6052704,8.076696,call_4e9cec0da4ea_ruido,synthetic,train
1.1000000000000005,3.2263585963219406,-239.32573,132.50435,66.82775,29.571054,6.8333864,43.245865,14.027155,22.195286,5.664174,20.314133,-5.2069216,15.855487,2.1472263,13.828821,-0.70989996,12.736952,-2.6986756,12.466622,1.3403035,9.709613,-4.104854,11.194867,-0.7692179,10.743029,call_4f0dad5104b3_orig,human,train
1.1000000000000005,3.2263585963219406,-208.46901,137.97664,66.4854,25.16267,4.96207,43.805428,12.290485,21.079681,-4.7276998,19.66667,-4.5108604,14.700266,2.959525,13.5418005,-5.9590635,13.0215435,0.33561033,12.019934,-3.5049338,11.226371,-2.242334,13.004858,-0.95363665,14.499157,call_4f0dad5104b3_agudo,human,train
1.1000000000000005,3.2263585963219406,-219.92896,134.87196,76.439896,30.455204,2.6484141,35.47951,15.023148,28.130354,9.938063,22.050787,-1.5824584,18.380299,-4.763526,13.718996,6.945044,10.5734625,-6.0460787,12.924344,2.6574905,9.730883,-0.46144044,9.273031,-0.8001032,9.126626,call_4f0dad5104b3_grave,human,train
1.1000000000000005,3.2263585963219406,-190.33943,85.44877,34.531925,33.799843,6.002169,32.836266,7.1623034,18.516098,2.6832204,15.005644,-1.6583152,13.330557,0.77342105,10.670509,-0.3829388,10.525286,-1.5747318,10.624715,0.31721565,8.630703,-2.965224,9.781454,-1.6450597,9.880722,call_4f0dad5104b3_ruido,human,train
1.2300000000000004,3.28172168567388,-112.9554,115.98064,80.612335,53.800415,16.722534,38.7834,4.4633617,21.609549,-10.829672,19.217073,-7.008742,16.500652,-0.8194622,15.287239,-7.8036985,12.891129,-6.812471,9.757795,-2.2749574,8.648163,-7.3972282,8.84612,-4.6530027,9.5880165,call_51851f91f064_orig,human,train
1.2300000000000004,3.28172168567388,-83.93737,102.948425,84.42473,48.068996,7.8093185,38.94026,-3.580668,22.050217,-14.67816,19.356113,-6.3878274,15.011505,-6.498576,14.41706,-11.028795,10.250069,-1.9843303,10.856145,-6.5682607,10.596448,-4.369804,11.242217,-0.58882076,14.02725,call_51851f91f064_agudo,human,train
1.2300000000000004,3.28172168567388,-96.99803,93.46432,89.36583,51.289337,20.18571,32.48909,20.44933,21.855953,-6.020239,18.745268,-3.6270235,21.266275,-6.1501684,13.817698,3.9080806,8.949102,-13.368729,11.169362,0.68454164,8.894247,-6.5727334,8.621558,-2.2117648,8.176885,call_51851f91f064_grave,human,train
1.2300000000000004,3.28172168567388,-93.654236,72.7773,66.97972,44.626568,16.132114,29.918938,3.4105496,15.729792,-7.9679914,15.806637,-5.1407537,13.593379,-1.7766773,12.165723,-6.1267595,10.5903,-5.77561,8.188048,-2.71631,7.7442956,-6.037219,8.300609,-4.805568,8.716094,call_51851f91f064_ruido,human,train
1.6899999999999835,2.6824175663009666,-97.69905,114.37523,66.67946,39.43457,14.77544,24.21512,44.278923,30.797783,3.595343,18.688736,18.924269,19.260181,3.0794659,16.959997,1.1628878,13.673476,5.4561634,11.289436,-8.114,13.039551,2.6402407,9.011048,-0.21936332,9.981392,call_5273f6be303c_orig,human,train
1.6899999999999835,2.6824175663009666,-62.009365,96.92326,67.61199,32.536694,24.890905,27.76963,41.268723,21.418585,-0.36364746,19.439177,16.68393,18.87167,-11.012281,16.08824,4.235156,10.6134815,-9.604457,11.946949,0.427451,8.544394,3.4101515,10.80556,2.504901,9.330448,call_5273f6be303c_agudo,human,train
1.6899999999999835,2.6824175663009666,-81.74345,93.27095,72.87963,34.522514,-2.177985,19.263332,43.82598,29.020643,8.389633,16.949692,13.333847,15.117247,14.262578,16.448936,-1.3764073,14.855473,8.181141,10.04809,2.4282928,9.295933,-7.329096,11.714161,0.14033553,8.155513,call_5273f6be303c_grave,human,train
1.6899999999999835,2.6824175663009666,-87.724335,82.39278,54.292145,33.759747,18.054428,19.995695,36.154003,28.494316,6.977275,16.305613,16.810448,16.350655,4.469302,15.164789,0.99972117,12.2514105,3.767179,10.485759,-5.722659,11.795095,1.6679773,8.08947,0.8881721,8.899665,call_5273f6be303c_ruido,human,train
2.6399999999999864,3.9786600307312483,-59.905823,61.951683,57.627586,27.221704,-0.47090808,26.958113,29.47612,23.791489,-1.5372136,19.327147,9.887712,17.36525,-6.504864,12.174276,7.1533546,9.933431,-9.330989,11.449751,0.57477164,10.046822,-7.44743,10.020103,-2.5118487,7.8158555,call_52ba7c3bd761_orig,synthetic,train
2.6399999999999864,3.9786600307312483,-30.247202,50.832493,48.394653,20.831362,7.3687053,27.51235,18.707094,14.691296,-2.9514663,19.975605,-1.3613818,15.592489,-6.1362906,10.628639,-5.0162425,10.4522505,-10.264221,9.925866,-4.4348555,10.992149,-8.489672,8.312968,-1.6320821,8.92862,call_52ba7c3bd761_agudo,synthetic,train
2.6399999999999864,3.9786600307312483,-50.315155,47.025364,76.90881,23.624765,-16.733376,19.996738,45.322,24.766335,-6.7642794,12.474119,22.293716,14.0692425,-7.367977,12.874135,12.21644,10.409293,-3.331523,9.953703,2.9349494,11.170892,-1.4301267,7.523392,0.18281394,8.34106,call_52ba7c3bd761_grave,synthetic,train
2.6399999999999864,3.9786600307312483,-56.242645,56.937687,53.685104,24.379778,3.0733886,25.147116,28.707756,22.745754,0.48245758,18.07429,8.461552,16.575596,-5.146895,11.725875,5.7581615,9.341644,-7.5145235,11.0160675,-0.127112,9.583612,-6.414559,9.700248,-3.2425737,7.4151073,call_52ba7c3bd761_ruido,synthetic,train
6.439999999999991,7.616467094394875,-67.69116,81.883316,55.16511,32.81614,5.993873,32.023903,35.54506,24.993649,-3.314146,20.319944,10.084671,20.029545,-5.8032236,12.429712,8.475942,10.286244,-6.866638,12.635392,1.7631537,10.141082,-6.073885,10.890781,-0.6206589,10.07118,call_52bfee0220ab_orig,synthetic,train
6.439999999999991,7.616467094394875,-37.801342,58.017662,47.798767,24.541204,18.310795,33.81173,22.076653,16.361046,-7.67628,19.434227,-0.6324588,16.52285,-4.32576,12.425951,-3.2539067,12.497115,-8.726925,9.876743,-3.4727447,9.961505,-5.914277,10.390906,0.099416144,9.441942,call_52bfee0220ab_agudo,synthetic,train
6.439999999999991,7.616467094394875,-59.93253,53.62465,74.25365,28.381117,-13.604096,22.214615,53.055374,27.670351,-6.1411057,14.429661,18.809654,15.432739,-8.775173,15.107282,13.154603,10.967639,-4.3487673,10.469831,4.349976,10.364347,-1.6299543,8.768706,0.077984795,9.467234,call_52bfee0220ab_grave,synthetic,train
6.439999999999991,7.616467094394875,-64.09082,65.215965,51.64856,29.833736,8.29357,29.296064,33.053894,23.697212,-1.3333092,18.984953,9.1749935,18.93032,-3.5993028,11.886115,7.3096967,9.644005,-5.1060405,12.261738,0.46024275,9.538992,-4.9215484,10.425118,-0.8150567,9.7547455,call_52bfee0220ab_ruido,synthetic,train
2.9799999999999995,5.307311217044902,-52.578777,84.86363,59.640858,28.867155,13.904722,22.923494,26.342854,23.929005,2.8044553,16.097435,6.451475,17.812836,-7.852553,15.232915,0.4127655,13.298581,-13.025595,12.122255,-4.4324017,10.852267,-2.4114063,9.425508,-4.785202,8.449424,call_54a09817b7e2_orig,synthetic,train
2.9799999999999995,5.307311217044902,-32.42147,62.280533,55.256977,21.489634,15.905875,21.1992,22.441345,17.904028,-3.843632,20.288315,-6.1454897,14.27494,-11.3519,14.029208,-6.564373,10.916033,-11.528358,10.426201,3.1392713,9.472702,-5.825546,10.259363,3.5423963,8.064562,call_54a09817b7e2_agudo,synthetic,train
2.9799999999999995,5.307311217044902,-47.138794,57.84356,71.373886,24.647724,0.060666896,19.459286,39.33268,20.96241,1.1604879,11.250646,19.272154,15.300053,-8.324049,15.021801,6.592307,12.698445,-6.130406,9.3787,-4.238169,9.901262,-7.109619,10.167832,1.2408457,8.38598,call_54a09817b7e2_grave,synthetic,train
2.9799999999999995,5.307311217044902,-51.41103,72.84313,58.24814,27.80786,13.538095,21.091698,24.899837,23.189293,3.1933541,15.439082,5.5580006,17.230108,-6.975272,15.009385,0.48823896,12.71696,-12.380722,11.831606,-4.63565,10.488518,-2.1348073,8.952638,-4.4270153,8.144341,call_54a09817b7e2_ruido,synthetic,train
1.2800000000000011,1.7199935623923943,-118.569016,126.210335,74.241425,44.01625,23.2463,34.273266,2.8257902,18.686853,-2.103343,19.276587,-11.553215,16.153048,0.5249254,12.892411,-7.7442627,11.203277,-5.055666,9.939197,-2.0398219,9.718051,-7.746437,10.9396715,-2.1753142,9.976099,call_565b6523733e_orig,human,train
1.2800000000000011,1.7199935623923943,-82.423615,112.22409,83.011444,39.74613,13.812732,33.093475,-5.2685847,17.104431,-10.593909,20.3697,-8.923619,14.37566,0.5188825,13.687945,-12.2989855,10.895062,-0.585951,10.162479,-7.4592547,10.126527,-1.8724241,11.786826,-3.3856483,14.299325,call_565b6523733e_agudo,human,train
1.2800000000000011,1.7199935623923943,-94.94196,108.14071,77.067444,39.56905,25.317663,29.154053,13.737644,22.522081,0.6622697,16.64815,-4.11932,16.10725,-9.448564,13.295994,8.111483,11.9118805,-14.121513,10.213517,4.9027567,8.19372,-7.7360654,10.079792,0.20700502,8.039035,call_565b6523733e_grave,human,train
1.2800000000000011,1.7199935623923943,-105.65485,78.92737,60.78254,39.55897,21.07886,28.307793,2.5374184,15.0217705,-1.4182107,15.730563,-8.916656,13.544536,-0.44715706,11.036524,-5.8265557,9.735439,-4.464286,8.509094,-1.6767194,8.934591,-6.707653,9.458506,-2.5105953,9.167488,call_565b6523733e_ruido,human,train
1.7200000000000006,2.931850003742422,-80.66296,143.35939,38.843925,41.180874,1.158948,38.169746,-8.13008,21.58502,-3.247672,20.480413,5.6219187,15.777856,-7.824136,15.4269495,-1.8890435,11.420148,-6.9513335,12.0451565,-0.9595432,12.636941,-9.250765,13.952355,-1.8613768,14.443786,call_568b5e814bc3_orig,human,train
1.7200000000000006,2.931850003742422,-51.771137,128.57852,35.872444,36.252148,-0.24031901,39.72356,-16.287655,18.440426,3.1320174,18.729042,-4.0519447,15.190487,-6.626664,15.625058,-4.8932676,12.408578,-0.9971182,13.225226,-6.3824415,13.857334,-2.6168404,16.94127,-4.0620394,18.953606,call_568b5e814bc3_agudo,human,train
1.7200000000000006,2.931850003742422,-57.387497,122.71157,53.1647,38.252705,-2.5354424,31.065939,5.184973,26.462862,-19.347317,21.738493,14.034315,16.724276,-12.0463505,14.01375,4.935805,11.058635,-11.623264,9.997735,2.92377,10.705158,-7.960457,11.57437,-2.1360326,12.396384,call_568b5e814bc3_grave,human,train
1.7200000000000006,2.931850003742422,-77.790764,107.95188,31.874046,33.405518,3.214585,32.88261,-6.4782166,19.19175,-2.4174855,18.155369,5.0776815,14.488141,-5.9920754,14.436211,-2.0164094,10.391579,-5.9802494,11.260605,-1.3145679,12.112996,-8.24658,13.543238,-1.85183,14.289476,call_568b5e814bc3_ruido,human,train
3.5700000000000003,3.0505882857063646,-113.43839,115.25266,59.779305,38.26489,32.10894,45.32885,15.982631,23.141123,-8.500856,21.885601,-9.382376,16.894634,-5.6122284,15.052997,-2.0385613,10.893332,-5.8364415,11.348228,4.9617257,11.0689745,-3.7991385,10.823326,0.5226485,11.404502,call_569ffb0869eb,human,val
3.200000000000017,2.9568276779172464,13.0091505,45.66462,61.095737,33.06053,15.040218,26.719252,31.536955,32.997677,-6.5226426,21.907764,14.300428,19.786722,-10.227717,11.984105,3.1210368,14.480826,-16.726204,11.411491,0.45381653,8.781151,-8.057247,10.623345,-2.9612942,10.377613,call_56f58de34ea0_orig,synthetic,train
3.200000000000017,2.9568276779172464,37.29418,33.672348,51.70582,28.28477,21.255947,28.204151,15.925353,21.4781,-6.5199175,23.251554,-3.7209988,14.636622,-13.557823,15.053167,-8.530731,13.956558,-11.377878,8.920643,0.7852833,9.25384,-9.306786,9.548017,3.5571237,7.5269766,call_56f58de34ea0_agudo,synthetic,train
3.200000000000017,2.9568276779172464,13.598593,31.810215,75.1309,25.756975,-3.645451,19.739176,48.379883,32.73765,-10.186298,13.305722,23.02547,16.203999,-6.0951843,16.253815,9.100128,10.20911,-6.921241,11.015394,-5.414549,8.841149,-3.1859093,7.093623,-2.5788717,9.1077585,call_56f58de34ea0_grave,synthetic,train
3.200000000000017,2.9568276779172464,13.39251,43.697693,60.212807,32.387356,16.096647,26.34596,30.734451,32.53189,-5.81942,21.464508,13.48973,19.673515,-9.800516,11.950369,2.674138,14.419462,-16.502094,11.296723,0.2205734,8.686895,-7.760644,10.468663,-3.013043,10.360532,call_56f58de34ea0_ruido,synthetic,train
4.940000000000005,8.574797383787587,-66.03911,105.872696,51.195267,28.533865,19.43849,22.521896,28.346863,25.94468,-5.3924885,15.769381,0.6303288,16.521484,-8.7695675,18.116625,3.152235,13.372822,-14.202945,12.095613,-1.8250327,11.8902,-1.6948707,9.229781,-5.652748,9.857513,call_578504f9f39e_orig,synthetic,train
4.940000000000005,8.574797383787587,-42.45843,72.45772,45.67871,21.924362,23.248817,23.417694,19.62148,19.326635,-12.733744,16.85135,-8.714499,15.86246,-8.720909,15.01558,-7.4261584,12.365459,-12.170944,11.264309,5.0993013,10.901156,-7.2180157,9.957239,4.6578455,8.158165,call_578504f9f39e_agudo,synthetic,train
4.940000000000005,8.574797383787587,-59.523357,68.54359,64.37645,24.058666,1.1661533,15.856721,47.08146,22.952978,-1.4521906,13.914343,14.525675,12.862236,-12.898403,16.559519,8.495558,13.730634,-7.204646,10.200785,-6.8791037,11.954884,-4.95148,9.49648,0.7466186,8.166515,call_578504f9f39e_grave,synthetic,train
4.940000000000005,8.574797383787587,-64.168335,82.402245,48.614227,26.69673,19.397392,20.75087,27.608486,25.292395,-4.0136867,14.863257,0.80635786,15.750613,-7.6526012,17.563526,2.542261,12.58462,-12.979055,11.858135,-2.0015323,11.205057,-1.5112258,8.891066,-5.288006,9.579836,call_578504f9f39e_ruido,synthetic,train
2.700000000000003,3.9913288284949067,-89.90644,126.24098,77.43241,37.432785,29.121315,27.31742,8.25988,28.261911,-0.18775064,15.985472,8.700095,17.144598,-1.3676581,11.814065,-4.6443768,11.92936,-10.31824,11.850722,2.416604,10.212222,1.9573424,9.084874,-0.77366066,9.771281,call_57f113803718_orig,human,train
2.700000000000003,3.9913288284949067,-60.16666,116.42865,77.38298,30.33699,23.229332,30.786577,4.4239416,25.144732,0.6081952,18.708622,3.072317,14.74636,-12.745187,11.700073,-10.289954,11.673458,-0.035260305,10.032818,4.8190145,10.260379,-6.627739,10.013433,-0.83024764,8.887439,call_57f113803718_agudo,human,train
2.700000000000003,3.9913288284949067,-77.01842,116.15234,78.30659,34.079987,30.570639,20.57631,16.562714,26.040277,-2.9709263,19.119541,10.433759,12.97818,2.749458,10.528752,5.0711155,10.752904,-9.094145,10.076481,-8.437996,10.582176,-0.5244167,9.6457405,2.3623812,7.5402436,call_57f113803718_grave,human,train
2.700000000000003,3.9913288284949067,-81.987854,84.521255,57.663906,36.038704,25.298008,23.685076,10.405949,25.254578,0.5874502,14.180171,6.310913,15.612788,-0.8053386,11.083406,-4.0855436,11.250506,-8.904896,11.277501,1.7258452,9.497087,1.4403908,8.51827,-0.7347251,8.925403,call_57f113803718_ruido,human,train
4.390000000000001,2.459974593364735,-117.91011,95.762505,82.87149,27.095266,18.121986,30.502134,-6.4662666,14.546175,-22.175165,18.599148,-13.801722,13.828791,-4.995616,13.27032,0.03947811,9.302886,-1.7515439,10.450586,1.9186325,9.12062,-0.45592868,10.542471,2.1763074,9.84017,call_5823cd70919d_orig,synthetic,train
4.390000000000001,2.459974593364735,-91.51297,85.57685,89.01626,21.184864,10.922465,28.657242,-25.73212,17.046335,-25.246449,15.842143,-7.5979137,13.876611,3.5627248,13.538431,0.31937853,9.537786,1.9576072,8.82271,-0.4342964,9.828059,0.3551345,11.501385,-4.551817,13.331294,call_5823cd70919d_agudo,synthetic,train
4.390000000000001,2.459974593364735,-109.13199,79.93191,96.57553,21.715937,22.014832,25.484337,17.994015,17.880722,-27.149237,16.238205,-7.841291,14.302738,-24.189348,11.153345,4.111367,10.146197,-12.194469,8.657,7.2239037,9.184645,-7.7740355,9.321814,6.37407,9.215559,call_5823cd70919d_grave,synthetic,train
4.390000000000001,2.459974593364735,-108.78571,74.70827,74.82956,29.84666,19.022894,27.19365,-6.4494247,13.5565195,-20.210506,17.740227,-13.988672,12.368995,-5.2956176,11.954854,-0.08005342,8.653666,-0.89700794,9.818877,1.3018793,8.484359,-0.40362507,9.771658,1.4287144,9.432269,call_5823cd70919d_ruido,synthetic,train
4.499999999999999,6.213940898966204,-126.76699,91.034904,54.198242,26.852047,12.012489,37.39749,26.518505,18.031958,-19.74242,20.65159,1.8772202,16.038523,-11.4479,13.565942,4.8943977,9.582745,-10.116483,10.426165,3.8884869,10.352028,-8.282195,12.604696,-0.80090284,15.041969,call_58a0f7394bc3_orig,synthetic,train
4.499999999999999,6.213940898966204,-92.17066,75.25409,53.881477,19.25384,23.111433,33.60413,8.678246,13.263506,-19.55991,18.51557,-0.6126919,13.939062,-0.13078147,13.083947,0.5276636,9.711599,-2.4094062,11.25549,1.2863036,13.597795,-3.3241203,18.791988,2.8638544,21.110868,call_58a0f7394bc3_agudo,synthetic,train
4.499999999999999,6.213940898966204,-113.63461,70.401215,72.47688,23.384935,-6.9272323,26.628016,46.954437,20.263023,-19.592579,15.960195,4.3581247,13.379711,-18.983791,11.020534,4.07819,9.679515,-8.862942,8.633928,-0.13897857,8.435861,-2.1176383,9.672934,-4.315282,10.473195,call_58a0f7394bc3_grave,synthetic,train
4.499999999999999,6.213940898966204,-119.63982,72.1244,48.805202,23.696354,14.464973,31.787106,23.315762,15.979964,-16.358768,19.391356,-0.067754135,14.595324,-9.633049,12.28652,3.2860107,8.879291,-8.1512985,9.977882,2.0988598,10.0538225,-6.9853935,11.916034,-2.123719,14.679325,call_58a0f7394bc3_ruido,synthetic,train
1.6900000000000013,2.7506831923526494,-122.15399,100.087036,96.1582,42.157345,12.612568,41.29685,-2.4017224,19.252266,0.91167355,17.450466,-9.079881,14.858845,-5.367541,11.224726,-5.4361124,10.288406,-4.797185,8.537837,-3.9084668,8.39918,-7.037342,8.745218,-2.3273308,9.011775,call_58ed2170e352,human,val
1.4999999999999982,3.6360383661342164,-71.60577,130.04349,62.450138,41.21482,38.15308,38.33264,1.7833227,21.28048,-5.605876,17.517862,-3.5448272,14.77782,-4.9893093,11.650097,-4.194853,10.964155,-3.9603667,10.406706,-1.828237,9.387476,-2.6204276,8.299648,-3.160762,9.664512,call_5a6307557d57_orig,human,train
1.4999999999999982,3.6360383661342164,-43.53755,109.87114,69.07776,34.52463,31.708904,38.715492,-13.927469,16.714966,-11.240131,17.649933,-6.062416,11.85298,-6.712324,12.390497,-5.811285,10.543849,-4.3192782,9.876132,-4.3415174,9.222494,-5.6523466,11.281813,-4.308564,12.155283,call_5a6307557d57_agudo,human,train
1.4999999999999982,3.6360383661342164,-53.106308,104.49694,69.406136,36.299503,39.34817,28.425901,25.96562,27.645014,-13.164925,16.80499,7.453323,16.472437,-12.46934,11.083247,6.634244,10.454828,-11.121179,10.31325,6.7074795,8.232131,-6.0286956,8.398963,5.5817804,7.502284,call_5a6307557d57_grave,human,train
1.4999999999999982,3.6360383661342164,-69.15411,97.44342,58.320526,38.54538,36.04387,36.482998,2.1365361,19.412153,-3.52344,16.260202,-2.7894068,13.887927,-3.7239962,11.012007,-3.477888,10.321986,-2.9540844,9.673394,-1.3971477,9.004088,-2.7765718,7.727347,-2.603012,9.341012,call_5a6307557d57_ruido,human,train
4.049999999999997,3.3227964126620835,-47.134407,75.8643,70.38831,31.357517,11.915656,23.691261,33.258793,28.16172,4.3783994,18.16941,9.904398,17.468033,-2.7969189,13.333683,8.969251,11.529824,-9.526129,12.528648,1.0124966,10.418925,-1.8555479,9.119087,-3.628357,9.078374,call_5a7a7e3c9588_orig,synthetic,train
4.049999999999997,3.3227964126620835,-19.508566,55.804996,64.13612,25.150072,17.231213,26.10093,24.401236,17.366417,1.4706802,18.567429,0.3544249,16.330048,-1.5981288,11.013458,-2.4362288,11.284847,-10.748516,9.962365,2.577319,8.514844,-7.687264,9.613871,0.15569639,7.360348,call_5a7a7e3c9588_agudo,synthetic,train
4.049999999999997,3.3227964126620835,-40.068203,54.488586,81.67503,25.984823,-4.8819284,16.74982,40.59323,26.194658,-0.11498657,12.686929,21.350502,13.090707,-7.5700226,14.937701,13.646008,10.412796,-0.5653881,10.476208,-1.8949697,9.219786,-2.4136643,9.163191,3.799361,7.792264,call_5a7a7e3c9588_grave,synthetic,train
4.049999999999997,3.3227964126620835,-45.642784,66.59803,65.71406,29.390436,13.650858,22.415253,32.02182,26.912937,5.5695305,17.09513,9.312171,16.981022,-2.2310147,13.288094,8.315693,11.14342,-8.498718,12.096928,0.4389717,9.794408,-1.6599998,8.670851,-3.744699,8.66712,call_5a7a7e3c9588_ruido,synthetic,train
1.0199999999999996,0.9996937802752336,-279.2102,123.00831,81.3927,30.9662,10.525959,32.554554,12.889326,20.56121,4.5722094,18.243168,-4.562496,17.693039,1.051579,13.75141,-1.0331949,11.726935,-6.707362,11.678771,-1.4111421,10.908248,-3.3066103,10.521135,-2.9092913,11.827096,call_5c9d19646f57_orig,human,train
1.0199999999999996,0.9996937802752336,-245.37244,130.13295,84.37489,26.559818,1.9902639,33.85325,9.988964,19.215597,-6.7656054,20.481491,-6.1123896,15.888022,0.04677838,13.951173,-8.377777,11.480652,-3.5730493,13.500011,-0.1370953,12.107962,-2.619936,12.797556,0.4710433,14.103604,call_5c9d19646f57_agudo,human,train
1.0199999999999996,0.9996937802752336,-261.74448,126.281296,92.23218,31.419525,8.151773,25.683311,14.616505,23.118647,7.8739195,17.51581,-1.8890808,19.846693,-6.352206,15.423005,5.8701525,11.0239105,-4.902239,10.753476,-2.8289313,9.508754,-1.7800021,9.181926,-3.0580626,7.9218802,call_5c9d19646f57_grave,human,train
1.0199999999999996,0.9996937802752336,-199.54099,75.76609,36.790398,37.2122,8.329414,22.817402,7.100771,14.902406,1.7553865,13.51283,-1.8605473,13.709746,0.08945693,10.068251,-0.82564074,8.450047,-4.0802193,9.810509,-1.4713542,9.172465,-2.572268,9.066618,-2.5841382,10.987965,call_5c9d19646f57_ruido,human,train
3.369999999999999,2.3771201063471734,16.257057,55.000355,71.26512,31.26068,9.619934,24.243776,28.329058,29.301596,-1.4046906,19.662102,10.291766,19.414091,-13.644447,13.604872,2.7926388,11.907485,-17.284813,11.22769,0.31385544,9.604566,-6.791829,9.57604,-3.2200103,8.888057,call_5d86f0ca06aa_orig,synthetic,train
3.369999999999999,2.3771201063471734,37.281506,41.666126,61.858067,22.58783,15.114512,26.777107,15.644268,19.141497,-2.3299747,20.280998,-6.168908,16.389444,-13.690897,12.870488,-6.7150974,12.256156,-10.568421,9.260545,2.8500452,9.234316,-7.4356813,8.694868,3.2538052,7.554258,call_5d86f0ca06aa_agudo,synthetic,train
3.369999999999999,2.3771201063471734,15.2409525,39.705063,84.58661,26.280788,-8.324359,17.922235,43.91518,26.134403,-7.2685347,13.96606,24.354004,15.0289,-8.358953,14.612178,7.709455,11.375164,-6.956699,9.664687,-6.58829,9.69988,-2.3991542,8.039215,-2.5476785,8.270774,call_5d86f0ca06aa_grave,synthetic,train
3.369999999999999,2.3771201063471734,17.346493,51.196445,70.0462,30.69484,10.898982,23.725824,28.306343,29.017988,-1.1132872,19.330204,9.566802,19.151491,-13.332024,13.6106825,2.3460655,11.68346,-16.12897,11.120951,-0.02537924,9.490654,-6.5636044,9.457312,-3.657279,8.8336315,call_5d86f0ca06aa_ruido,synthetic,train
3.6000000000000014,1.3536557908124205,-49.010155,56.21671,63.502007,25.353958,1.0507512,24.702724,26.468723,24.021795,-8.694253,14.214761,-0.048447102,13.516134,-12.234728,11.303881,2.209566,12.448748,-6.3969855,10.958906,-1.5752802,9.926994,-0.43657708,10.1027565,-2.0870447,10.39059,call_5e4539a471f6,synthetic,val
1.539999999999992,0.8525495975757261,-161.06085,171.93243,54.673145,45.56916,31.947144,27.686386,26.138931,23.944847,8.427927,17.090372,7.7582064,16.4383,3.916842,10.294963,0.3572169,9.84344,-2.303015,10.498989,0.007167831,8.302995,-2.5595784,8.661864,-1.009506,7.5250483,call_5f7a4b3e8ca9_orig,human,train
1.539999999999992,0.8525495975757261,-113.66933,170.46837,67.72382,34.821114,34.591232,30.44149,20.993961,19.02925,4.8081446,19.111946,4.883712,13.95425,0.14812063,12.026223,-4.8001795,10.765125,-1.4488624,8.545438,-1.085628,10.120876,-0.7196696,8.087745,1.0334853,7.6110744,call_5f7a4b3e8ca9_agudo,human,train
1.539999999999992,0.8525495975757261,-128.72868,167.9109,54.32155,41.549503,28.27282,20.965218,26.655804,25.975842,12.379801,15.003119,8.30414,14.315905,6.487351,13.800701,5.5034943,8.808745,-0.13613448,8.45932,0.16814002,9.079282,-0.40286326,7.7127914,-1.0369697,7.3989344,call_5f7a4b3e8ca9_grave,human,train
1.539999999999992,0.8525495975757261,-143.47581,90.682175,42.677235,44.83431,17.11303,25.09414,15.545197,22.577442,3.7275457,13.693626,2.8936234,14.627815,1.7531089,8.853177,-0.062361687,8.799871,-1.2335644,9.40995,-0.2672995,7.5668783,-1.8278313,7.5925794,-1.027224,6.539633,call_5f7a4b3e8ca9_ruido,human,train
2.260000000000005,1.835903367955566,-75.110794,95.07064,51.57894,37.27412,25.132742,44.552914,15.011815,22.176977,-1.7715453,25.564848,-4.6057625,18.316456,-17.355516,13.986674,-2.8492901,12.949144,-14.047204,10.327868,0.0881864,9.676091,-8.82784,10.659983,0.17716877,9.66876,call_6058d9c5c82f,synthetic,val
2.820000000000001,6.804434364685991,-63.23692,106.51463,26.43034,43.263973,28.168028,25.367107,32.500175,28.893776,4.3172836,16.998638,14.104923,16.824522,12.625972,10.3228245,5.200079,11.571707,-10.26272,10.479541,-0.11913845,9.672437,0.28078103,7.0245285,-3.541828,7.0553465,call_60ffdefc5f5a_orig,human,train
2.820000000000001,6.804434364685991,-43.881313,92.39101,35.17708,39.45602,43.991753,29.30995,30.302826,20.385956,5.284074,16.25317,17.045258,14.871619,4.8102927,10.353876,-10.363844,10.555874,-6.766983,12.068716,7.521023,8.490159,-5.1335926,9.636462,5.202179,7.0589714,call_60ffdefc5f5a_agudo,human,train
2.820000000000001,6.804434364685991,-48.83072,88.01732,23.33836,36.41075,24.006445,21.75136,35.55019,29.92875,10.627082,16.785633,6.325392,13.595486,13.520922,12.193881,15.071781,9.320711,6.4554596,11.334971,-9.001339,9.027969,2.7058403,9.764144,-3.237378,7.087151,call_60ffdefc5f5a_grave,human,train
2.820000000000001,6.804434364685991,-59.91379,79.67801,24.96178,37.442223,27.300995,21.499401,29.004162,27.140657,4.5751953,14.975966,12.77585,15.505166,11.516209,9.696141,4.209896,11.032802,-9.191481,10.274018,-0.2620226,9.353629,-0.0020508766,6.6692195,-3.4226213,6.721323,call_60ffdefc5f5a_ruido,human,train
1.1700000000000017,2.813686212433934,-79.41825,128.59604,66.25914,35.087154,7.8759995,23.126026,11.593622,23.612926,-9.86547,13.40352,6.8276863,15.522736,1.2392128,9.824512,-0.33953536,9.556581,-2.6851325,8.911463,-3.2929525,9.477924,-0.24173366,7.220246,-2.7024648,7.04658,call_624a4731ab56_orig,human,train
1.1700000000000017,2.813686212433934,-49.683186,127.51362,63.161236,30.624958,8.076128,27.243666,5.0092716,18.569206,-7.289604,16.121952,8.983566,12.355979,-6.010279,10.0758,-3.6007047,8.572649,-8.269845,10.05879,0.25827724,8.642736,-2.5786448,7.059793,-1.5978674,6.27645,call_624a4731ab56_agudo,human,train
1.1700000000000017,2.813686212433934,-65.146904,123.28653,77.02045,31.38888,3.2698686,18.34914,27.913073,25.33544,-11.639622,12.0114975,6.6405497,13.7717905,0.21879333,11.04731,6.684353,9.353782,-1.6105825,8.257086,2.0535643,8.976566,-6.6656785,8.081658,4.233239,6.7105145,call_624a4731ab56_grave,human,train
1.1700000000000017,2.813686212433934,-74.1335,99.044556,45.376385,35.731827,9.796267,19.827848,7.2890334,22.331627,-6.5403194,12.613151,3.846493,14.841094,0.9645945,9.159131,0.20207524,8.767941,-2.3767953,8.25118,-3.07298,8.801383,-0.054071248,6.698606,-2.2689886,6.522967,call_624a4731ab56_ruido,human,train
1.6000000000000085,2.818127184931479,-73.97684,91.31777,99.49658,36.62881,11.58106,24.696014,30.21217,24.863426,17.519323,20.42102,15.402772,14.502103,2.2833798,13.778833,-1.0556843,11.458895,0.13124824,10.152926,-5.924478,9.955631,-1.8077216,8.109369,-6.353657,8.082448,call_63a156c6b8d9_orig,human,train
1.6000000000000085,2.818127184931479,-43.887238,76.12274,102.73973,37.682953,10.643457,24.682991,32.82661,23.30326,10.898233,18.826418,7.444418,14.659693,-9.116263,10.729294,-1.8702474,9.729289,-8.365204,9.496368,-3.7468476,8.032975,-3.9584737,9.55913,-2.1763108,6.851342,call_63a156c6b8d9_agudo,human,train
1.6000000000000085,2.818127184931479,-70.6497,69.949814,100.6138,29.139393,12.342133,25.476574,22.251938,22.990007,23.019218,21.044428,14.303344,12.545907,16.69018,17.988043,-0.6578678,10.911152,5.869767,10.052856,-0.44792897,7.437133,-1.5067275,8.546742,0.206429,6.6836867,call_63a156c6b8d9_grave,human,train
1.6000000000000085,2.818127184931479,-69.37966,72.73109,94.226425,37.680122,15.04147,21.887196,26.883926,23.583132,18.118286,17.785187,13.79962,13.902072,2.5713038,12.300526,-0.58546823,10.10946,-0.049016163,8.821961,-5.4239645,8.889894,-2.2757123,7.360332,-5.379999,7.5330324,call_63a156c6b8d9_ruido,human,train
1.490000000000002,2.1865464102281535,-159.24097,164.52928,60.2694,55.870228,-10.174405,31.561287,3.2977006,32.759064,4.5216203,21.833586,3.162115,22.055113,4.4262033,16.671577,-3.579678,12.330824,3.7498593,11.701505,-4.513215,10.5907955,-1.1028981,8.99551,-2.1403549,9.936803,call_64637c20ee66,human,val
1.470000000000006,2.5276730405651744,-167.84097,164.04546,26.68447,54.5751,5.4589405,41.45099,13.677625,30.772516,-0.28768298,23.845512,-1.7195477,19.815483,-4.948814,15.168913,-1.251375,12.167102,-6.19676,12.648734,0.13006097,10.459971,-2.222844,10.630248,-2.5541935,8.330077,call_65a7cdefc22d_orig,human,train
1.470000000000006,2.5276730405651744,-107.045,171.21002,21.470646,47.226513,3.1417923,42.29653,5.7763233,20.627584,-5.829397,22.50733,-5.2899885,15.509178,-6.9316874,15.161817,-3.5759501,10.612368,-3.4962478,12.838555,-0.91840255,8.6563425,-7.782041,11.322305,-5.3087673,11.853053,call_65a7cdefc22d_agudo,human,train
1.470000000000006,2.5276730405651744,-114.94627,161.25893,45.587738,53.587368,-5.1841884,33.50458,23.559662,35.45665,-4.048249,19.202194,7.527709,17.704185,-7.2305365,15.217853,4.259678,12.629227,-6.3048344,12.196524,0.6443423,12.059639,-0.77233994,10.686356,3.8939502,10.938696,call_65a7cdefc22d_grave,human,train
1.470000000000006,2.5276730405651744,-153.8917,122.46203,18.614052,40.259354,4.9083176,34.472404,7.770459,26.80057,1.595899,19.943384,-1.766424,17.276361,-3.268151,12.690109,-0.5281526,10.712729,-4.2906046,10.912897,-0.16716044,9.396234,-0.7068771,9.342167,-2.4388418,7.413065,call_65a7cdefc22d_ruido,human,train
5.099999999999994,4.880012196706069,-61.510105,97.00494,50.449303,28.013914,18.788822,21.693739,37.01619,25.553408,-1.4622703,14.7177,1.7144973,16.526236,-7.1722994,16.41844,2.1331797,13.825372,-13.032074,12.144249,-3.7928176,11.698725,-0.5279579,8.678735,-6.8707895,9.396088,call_6756c4a91509_orig,synthetic,train
5.099999999999994,4.880012196706069,-41.220062,69.17507,48.621952,20.998745,25.914158,22.640692,24.814976,19.15971,-12.043798,16.749836,-7.9710503,15.466735,-9.636985,13.369834,-7.252535,12.556529,-12.669273,11.530322,4.377497,9.413323,-7.0164895,10.220689,1.8968416,7.4246254,call_6756c4a91509_agudo,synthetic,train
5.099999999999994,4.880012196706069,-56.460377,64.67418,65.02222,23.70118,-0.42173004,16.684673,49.180088,22.141834,1.9348481,12.929324,14.55031,12.571195,-9.741745,16.880089,8.983227,13.094251,-3.8090563,10.034783,-5.794293,9.794938,-6.1620893,9.7233715,3.109369,7.084628,call_6756c4a91509_grave,synthetic,train
5.099999999999994,4.880012196706069,-60.40437,78.94359,47.664948,27.133795,19.114685,20.348217,34.855583,25.098185,-0.52267027,14.116477,1.2500348,16.073301,-6.8098946,15.915874,1.9883075,13.140249,-11.729918,12.024438,-4.073818,11.207152,-0.7541528,8.353298,-6.8157005,9.142193,call_6756c4a91509_ruido,synthetic,train
2.3400000000000034,3.159782306022569,-133.47241,88.239494,60.893944,34.840984,38.07769,36.18118,24.883799,17.824665,-5.830769,19.17266,-5.369389,16.189642,-7.951299,13.01269,-7.30924,9.556093,-3.7740436,9.303978,-3.9045599,9.072774,-5.35128,8.160967,-3.488627,9.173621,call_678ee1dd2242,human,val
10.840000000000003,7.297756397887407,-52.16343,55.59921,71.221695,29.820557,18.38477,28.024418,21.544777,18.25045,-18.751186,17.036598,-8.283972,17.56438,-13.984097,12.712321,3.1538534,10.227621,-15.813044,8.2855,2.3536253,9.09877,-14.042609,9.916417,-4.979309,12.595855,call_68544c09a58b_orig,synthetic,train
10.840000000000003,7.297756397887407,-17.758137,45.876328,65.46323,23.895298,20.30373,26.803223,0.07777102,13.428758,-24.01893,14.599374,-13.345995,13.504366,-2.4689736,11.882438,-8.116553,10.108274,-6.233952,8.509798,-7.1317472,11.8563,-11.995682,15.4054365,-3.565651,19.580061,call_68544c09a58b_agudo,synthetic,train
10.840000000000003,7.297756397887407,-32.532738,44.941795,81.946655,22.477266,5.5789843,17.463705,45.53849,19.508062,-15.803649,15.6301155,4.1318502,11.997347,-23.036777,12.143352,6.794127,8.871087,-10.997461,9.090677,-3.9623256,7.358638,-0.83577394,8.324041,-6.1722107,6.9312167,call_68544c09a58b_grave,synthetic,train
10.840000000000003,7.297756397887407,-49.269333,52.97027,67.482994,27.996845,17.757738,26.853025,20.161007,17.502804,-16.424461,16.33401,-9.298901,16.993065,-13.526201,12.282049,1.619796,9.912381,-14.508813,8.53629,1.4103404,8.987717,-13.702105,9.897028,-5.3381815,12.127286,call_68544c09a58b_ruido,synthetic,train
2.2799999999999976,1.9346891797449586,-139.00537,77.39521,80.41087,37.749607,59.935715,30.723658,5.0308075,17.298195,-2.7533495,14.909351,-8.614286,11.398193,-9.00786,9.78078,-8.970139,8.44482,-7.8796797,9.152334,-6.0111,8.654285,-6.598406,8.338979,-3.8719416,9.589301,call_6971b2685c1d,human,val
3.700000000000003,2.38522831767188,-95.75346,75.381195,66.58067,28.771074,13.57522,35.465637,23.236923,18.709164,-22.338568,21.137794,0.702807,14.53179,-14.458455,14.8414545,3.5083199,12.010787,-9.270917,10.650519,1.9395072,10.342424,-5.140332,11.445715,-2.1969898,13.029843,call_6afd8cabf618_orig,synthetic,train
3.700000000000003,2.38522831767188,-66.34276,61.929867,59.79554,23.99245,20.25064,33.268757,3.3004112,15.759587,-22.23988,19.531237,-2.2563593,15.423886,-4.3480587,16.19224,1.3507735,10.959799,-3.4063382,11.813099,0.3019606,12.631774,-5.4151874,15.325954,-2.6766434,16.555372,call_6afd8cabf618_agudo,synthetic,train
3.700000000000003,2.38522831767188,-92.483086,59.628677,77.91072,24.740196,-2.6873872,27.26984,47.503662,21.879326,-20.54187,16.620161,4.441391,16.20403,-18.250751,11.075843,2.5951486,11.390509,-8.30323,9.868521,-0.4002362,8.618585,-2.849742,8.931814,-0.031108081,7.7985196,call_6afd8cabf618_grave,synthetic,train
3.700000000000003,2.38522831767188,-91.59471,67.1167,59.70764,25.501236,16.763042,32.4702,20.98374,17.621296,-17.817673,20.546783,-1.0775611,13.838362,-11.914448,14.403337,2.3704672,11.525433,-7.6258917,10.482449,0.8106171,10.228166,-4.1359925,11.326847,-2.8365388,12.853558,call_6afd8cabf618_ruido,synthetic,train
2.940000000000004,4.207771901933162,-57.726276,122.44888,22.244667,31.877312,0.49690175,36.227436,24.366123,25.187096,-7.574195,21.80487,8.001871,14.51458,-2.1989727,12.775869,3.0243592,10.637473,-18.474503,11.459816,5.827471,9.5619135,-12.203199,10.377046,-1.9685966,9.952356,call_6b0cc9c966a1_orig,human,train
2.940000000000004,4.207771901933162,-21.9547,112.28589,12.700607,27.798706,7.2565193,37.15123,11.628557,16.74521,-6.4072475,21.610239,1.5491965,14.343381,-3.5476851,11.282445,-14.597996,11.543414,-5.4757376,10.4969425,-4.0466967,9.570782,-10.592863,11.2119465,-2.464452,11.049397,call_6b0cc9c966a1_agudo,human,train
2.940000000000004,4.207771901933162,-27.183323,106.745094,34.853096,29.33165,-15.867751,29.71774,34.778984,29.20353,-9.876529,16.655495,11.723415,15.685199,-4.632198,12.355211,14.448954,11.74232,-7.1707387,11.96542,-4.43486,7.8962097,3.5844524,8.887404,-9.534874,9.101387,call_6b0cc9c966a1_grave,human,train
2.940000000000004,4.207771901933162,-50.973557,92.10287,17.239311,25.84832,2.5312345,30.515856,19.930899,23.136023,-2.979465,19.823606,5.6440687,12.182673,-1.365378,11.659527,1.6489732,9.821071,-16.027166,11.874439,3.5653262,8.649169,-10.880867,10.068172,-2.1332288,9.503479,call_6b0cc9c966a1_ruido,human,train
1.3500000000000014,1.0402788087815684,-73.384575,49.48481,72.329704,22.111153,8.6184435,23.168142,21.40665,16.797464,-12.622494,15.720998,-4.732012,12.949338,-16.035877,10.382878,3.0321407,11.199616,-10.487855,9.044357,0.32786036,9.724024,-8.449188,10.7418995,-1.6820626,11.0837555,call_6b31fbd81fc3_orig,synthetic,train
1.3500000000000014,1.0402788087815684,-53.322838,43.472763,64.59769,18.444096,12.310261,24.587528,4.6146793,14.678143,-17.972204,13.369196,-12.820349,11.0966015,-5.5376463,11.014641,-2.6587448,8.601481,-6.5043077,10.421886,-1.4300526,11.657419,-7.716539,12.353101,-1.4514508,13.87174,call_6b31fbd81fc3_agudo,synthetic,train
1.3500000000000014,1.0402788087815684,-76.097466,42.878563,87.11482,18.841595,-3.7544127,18.89592,43.00711,16.110287,-14.329944,15.094148,9.547279,12.350689,-23.319778,10.412851,4.22633,7.3990064,-10.311186,9.090735,-0.5723742,8.344314,-4.4872503,7.706927,-1.5148331,7.7234535,call_6b31fbd81fc3_grave,synthetic,train
1.3500000000000014,1.0402788087815684,-71.365204,46.571102,69.126785,20.708488,10.876317,22.512753,19.52474,16.074947,-10.913568,15.641879,-5.599661,12.555794,-15.075203,10.010219,2.0046103,10.845764,-9.481634,8.866868,-0.6098388,9.4511385,-7.464409,10.62112,-2.5041654,10.771436,call_6b31fbd81fc3_ruido,synthetic,train
5.260000000000002,6.13989302761315,-15.516195,112.73708,23.95168,30.443184,24.228142,35.590836,15.7591,20.5177,-7.6902046,22.252584,-2.3160238,17.338223,-6.5334215,14.55196,1.6117533,13.198682,-10.7065735,11.77389,1.1219429,12.1927595,-9.92085,14.38081,0.5670048,14.920903,call_6b6499e4474f_orig,synthetic,train
5.260000000000002,6.13989302761315,6.2234993,75.576546,30.424072,22.469107,27.786459,33.859562,0.7837702,13.504654,-9.770006,19.12489,-7.628958,16.46962,1.5095316,15.709901,-7.1749115,11.284065,-3.5318904,12.5558605,-2.783791,14.136635,-0.068133146,14.339105,0.26662692,15.366071,call_6b6499e4474f_agudo,synthetic,train
5.260000000000002,6.13989302761315,-4.0920186,69.2156,44.383293,25.142855,0.9675982,24.909971,40.62227,24.361801,-19.119814,16.215288,14.963398,14.853204,-24.101109,11.418039,17.125858,10.82011,-16.884724,10.421174,8.016623,9.194768,-12.89271,10.173149,1.9095002,9.340865,call_6b6499e4474f_grave,synthetic,train
5.260000000000002,6.13989302761315,-14.784649,86.677086,23.551426,28.60876,21.922493,34.24321,14.947977,19.78074,-6.728572,21.392174,-2.4060788,16.70057,-6.348059,13.781597,0.868723,12.714934,-10.026371,11.565659,0.86832565,11.918345,-9.145728,14.038062,0.7308003,14.645946,call_6b6499e4474f_ruido,synthetic,train
2.530000000000001,6.277693520513726,-62.0653,111.45811,46.75877,35.261356,15.671127,32.159588,34.580086,31.873867,-5.8278747,19.393179,8.698193,18.37651,-8.936764,14.645533,3.0938706,13.128129,-9.479408,13.805423,-2.0121937,12.215826,-2.1281044,11.32911,-5.61745,10.626636,call_6c8d4490f8d7,synthetic,val
1.0,2.1603060482770045,-185.01329,166.07745,47.594307,47.781338,5.178918,39.422066,20.200249,26.419577,2.1983013,21.697803,-2.5815227,16.40909,-3.6910186,17.086802,1.8625206,12.0552435,-2.0892243,12.020976,-0.5830017,11.191894,-5.0434914,11.364443,-4.1581297,9.934167,call_6d88a2e95795_orig,human,train
1.0,2.1603060482770045,-122.95121,168.1932,46.835594,39.777508,11.536069,36.934673,14.33761,27.029646,-5.6197705,19.046785,-6.174597,18.136839,-2.1467044,14.732644,-0.5116329,13.072148,-6.867575,12.516048,-6.4979777,11.671162,-6.0722547,12.283999,-3.2392116,12.042479,call_6d88a2e95795_agudo,human,train
1.0,2.1603060482770045,-129.79372,158.9453,56.328594,47.448517,-2.4288054,35.138977,26.596066,24.644047,6.4871273,22.771729,5.4220715,16.644758,-7.5214205,18.476273,2.5061476,13.656233,-0.2895712,12.211996,3.3819344,10.301593,-0.12825155,10.917711,-1.5520513,9.976,call_6d88a2e95795_grave,human,train
1.0,2.1603060482770045,-156.71483,100.24106,28.15741,37.496292,3.8132234,30.45923,7.66533,17.360508,1.7925426,16.378086,-1.5811659,11.87994,-1.9340029,12.889624,1.2182024,9.003178,-0.8124036,9.512714,-0.7809009,8.465392,-3.6095228,9.588037,-2.4512086,8.227873,call_6d88a2e95795_ruido,human,train
1.9900000000000055,2.0386915571773283,-76.9017,47.36218,72.1794,22.169613,8.025379,24.369406,23.929794,15.823799,-13.237667,15.946596,-5.751143,12.8647585,-15.63657,11.378976,2.5682967,12.034794,-13.004366,9.691967,1.2822595,9.541197,-9.222307,10.852565,-2.748549,11.765529,call_6dfa70c50ea5_orig,synthetic,train
1.9900000000000055,2.0386915571773283,-54.914047,41.12083,65.18172,17.81054,13.230938,24.863281,6.1499395,13.599547,-19.869358,14.200879,-11.912691,11.793461,-4.604051,12.555108,-3.416545,9.80343,-5.5351524,10.532781,-0.82680196,11.205524,-7.1630416,13.004383,0.44912243,16.277847,call_6dfa70c50ea5_agudo,synthetic,train
1.9900000000000055,2.0386915571773283,-78.479294,39.325775,87.21628,19.819366,-3.827447,18.09138,43.80169,16.297075,-14.724455,15.055819,7.696214,12.662938,-23.016956,10.846122,5.3469,8.732476,-10.538151,8.961834,-2.5564537,8.44314,-3.734818,7.737715,-3.7573895,8.57225,call_6dfa70c50ea5_grave,synthetic,train
1.9900000000000055,2.0386915571773283,-74.17856,44.56485,68.996445,20.81566,10.136895,23.395765,22.14991,15.242133,-11.977446,15.739342,-6.7936363,12.557932,-14.805068,10.991105,1.5470853,11.6430855,-12.298608,9.516053,0.4186951,9.2769375,-8.3881235,10.608022,-3.0059488,11.572559,call_6dfa70c50ea5_ruido,synthetic,train
1.5600000000000023,2.9709090100541222,-95.29506,108.32591,49.437912,42.099483,12.703402,33.69254,27.550537,26.41941,-15.145098,20.946836,13.856449,16.835226,-3.99219,15.082159,1.2213511,11.457458,-10.342899,10.502845,-2.3499978,9.738636,-8.020317,10.834039,-7.0533943,11.49306,call_6e83cb807322_orig,human,train
1.5600000000000023,2.9709090100541222,-67.639404,90.57552,44.98141,33.96759,22.561188,37.75492,6.875937,19.689259,-13.92836,18.985838,9.736532,15.229331,-11.913358,13.259835,-7.1141014,10.939825,-12.523645,11.5434675,-4.2301197,10.685412,-11.835781,12.891122,1.0373774,13.627508,call_6e83cb807322_agudo,human,train
1.5600000000000023,2.9709090100541222,-75.601715,84.96889,60.656097,38.22718,2.2632046,25.011848,42.67859,31.377602,-13.621964,19.401384,8.600768,14.398074,5.674976,12.803407,3.2294605,10.182449,1.9357185,9.80157,-4.4844074,8.871135,4.013423,8.227523,-6.9318466,10.115742,call_6e83cb807322_grave,human,train
1.5600000000000023,2.9709090100541222,-89.30167,78.62086,43.66387,35.730743,12.132634,28.131128,22.391132,24.157387,-11.272038,19.228418,10.680237,15.028292,-2.7747445,13.296226,0.28838342,10.142323,-8.359253,9.672957,-2.7977543,9.108062,-7.3879805,10.226782,-6.701607,10.985751,call_6e83cb807322_ruido,human,train
2.5700000000000003,2.4668901693099388,-56.43775,58.41073,59.816444,33.19511,1.1897035,30.885075,32.7507,25.824993,0.53633714,20.606361,11.751927,17.233282,-6.286716,10.717872,5.5923433,11.034,-5.83272,11.81176,-0.8822747,10.366721,-7.4011364,10.214072,-1.3136169,10.184905,call_70101b573bb2_orig,synthetic,train
2.5700000000000003,2.4668901693099388,-29.1439,46.984264,50.928093,26.070585,9.870956,32.92442,22.698086,15.710446,-1.3637333,19.468958,2.5718076,14.849808,-7.9867115,11.499951,-1.8789041,11.651645,-9.121416,10.78772,-4.311002,9.89159,-6.0036016,11.592587,0.09254575,11.211142,call_70101b573bb2_agudo,synthetic,train
2.5700000000000003,2.4668901693099388,-49.822845,44.275024,78.13336,28.173805,-15.737843,21.689533,47.72431,28.37004,-7.9868813,13.68327,21.632107,13.75069,-6.279752,13.546165,9.647464,10.060739,-3.7634783,10.526154,4.627213,9.376505,-2.5062656,8.270506,-0.15396905,9.109163,call_70101b573bb2_grave,synthetic,train
2.5700000000000003,2.4668901693099388,-51.46491,53.78572,56.553566,29.885708,3.925846,28.7103,30.459105,24.868952,2.2520163,19.487844,10.536501,16.45144,-4.814007,10.437818,4.590747,10.46496,-4.4979324,11.447043,-1.5998548,9.9820385,-6.771139,9.872984,-1.6565775,9.859594,call_70101b573bb2_ruido,synthetic,train
3.879999999999998,3.2623342396753308,-65.296005,61.622864,60.99672,29.539764,2.1012986,28.198448,29.456951,25.12463,-4.562925,18.94267,12.260275,17.74457,-5.8155584,12.002115,7.97069,10.722489,-8.096362,11.110366,2.682516,10.183894,-5.50463,10.532315,-0.41522846,9.7298975,call_70de89818ee5_orig,synthetic,train
3.879999999999998,3.2623342396753308,-39.081448,50.343407,50.63517,22.76266,12.730698,31.409948,17.483936,17.322248,-5.2257347,17.563223,3.6312919,15.25489,-5.7490654,13.339207,-3.3523297,10.895146,-8.656864,10.659836,-2.7144046,10.159224,-6.2221766,10.340723,-0.13553596,10.313253,call_70de89818ee5_agudo,synthetic,train
3.879999999999998,3.2623342396753308,-62.21903,48.569393,78.28665,26.088675,-15.246929,20.327026,49.268105,25.90481,-10.082301,13.680858,20.782776,13.911092,-6.519368,14.1028805,12.14678,10.636751,-3.3259587,9.90998,2.9518619,9.636514,-1.4404556,7.9705396,0.19203454,8.440969,call_70de89818ee5_grave,synthetic,train
3.879999999999998,3.2623342396753308,-62.313877,56.651226,56.48147,26.506247,5.436799,26.60064,27.464092,24.378344,-2.114237,17.888132,11.171601,17.102314,-4.2692795,11.683112,6.3569193,10.325205,-6.816384,10.771229,1.4321499,9.780601,-4.8402424,10.171263,-1.1820555,9.384051,call_70de89818ee5_ruido,synthetic,train
1.6400000000000006,3.715859981299666,-76.535675,148.31561,29.004198,43.194126,9.4509535,36.496265,18.878252,23.645733,1.7022407,19.844538,10.792876,13.610814,-3.5553207,12.743461,4.6451,10.457694,-16.776165,12.352718,5.369014,8.650883,-8.0995865,11.035306,0.22812887,9.848584,call_716d56beca2a_orig,human,train
1.6400000000000006,3.715859981299666,-40.725773,146.62933,24.420359,39.750854,18.25367,39.469635,11.0495,16.310259,7.343993,20.856363,0.58574104,14.895631,-2.157503,9.658428,-11.010014,12.295369,-3.292243,10.261907,1.2262828,10.527476,-6.6255627,12.208556,0.3394115,13.028097,call_716d56beca2a_agudo,human,train
1.6400000000000006,3.715859981299666,-49.798286,143.9546,40.10237,41.52723,-5.963875,26.924112,28.449522,29.726852,-5.8436813,15.953064,17.382597,16.00772,-5.2745657,12.961277,14.027712,10.535902,-6.2286944,10.651418,-4.8037634,9.892419,2.0925884,8.916453,-7.863982,9.542691,call_716d56beca2a_grave,human,train
1.6400000000000006,3.715859981299666,-66.60333,96.38892,17.273922,29.718979,5.455192,30.102903,12.414152,21.473831,2.605173,16.979162,5.9701047,11.463099,-2.4227552,11.365246,2.7814488,9.236542,-13.281437,12.73895,3.388642,8.042997,-6.008079,10.382626,-0.50901794,8.9645815,call_716d56beca2a_ruido,human,train
2.0700000000000003,1.9480438906759783,-55.187786,82.56814,49.377804,36.660397,5.032321,34.917503,36.561577,26.73613,-1.5077093,20.664288,10.404139,17.74217,-6.0477686,10.896295,3.6128504,11.338236,-9.102551,14.717502,-0.44572067,9.693081,-7.9521294,11.184815,-2.027409,9.7351265,call_71fec5a6b017_orig,synthetic,train
2.0700000000000003,1.9480438906759783,-26.923347,57.586124,45.380505,30.442856,13.878334,36.17528,21.01773,17.182707,-4.871429,19.13735,1.7051456,14.237604,-7.7616415,12.260684,-6.4420834,12.461851,-8.690758,11.316,-5.115306,9.294311,-7.7443056,10.843709,-2.0933852,11.3609495,call_71fec5a6b017_agudo,synthetic,train
2.0700000000000003,1.9480438906759783,-44.89705,54.422775,72.87309,30.487986,-12.749227,23.090965,51.748405,29.798458,-8.894435,12.74123,21.367226,15.029001,-7.447956,12.818227,12.889812,12.1726465,-6.4063387,10.280937,4.4457645,10.655333,-3.380052,7.8154893,0.39198348,10.275377,call_71fec5a6b017_grave,synthetic,train
2.0700000000000003,1.9480438906759783,-52.03163,68.124916,45.269817,32.754562,6.463064,31.684483,33.564987,25.79395,-0.023469493,19.453465,9.183315,16.756489,-5.079859,10.538321,2.843442,10.511879,-8.109995,13.711007,-1.0131495,9.32761,-7.422702,10.572115,-2.5527058,9.145624,call_71fec5a6b017_ruido,synthetic,train
2.9799999999999995,2.51702686148823,-59.182373,100.18672,34.11095,35.259357,22.175642,38.00091,29.739225,29.014305,-4.1488886,19.206545,10.0258465,20.11003,-9.07202,14.736888,7.2552376,14.679098,-8.150316,13.150606,1.8218507,11.382187,-2.364108,11.380765,-2.0977523,10.567597,call_743448b8a861,synthetic,val
1.4000000000000057,2.820074780694209,-150.03418,144.60448,67.32854,39.76268,6.5093193,35.416077,16.067608,20.872843,6.6803865,19.244366,1.7846439,19.434622,0.7360568,13.789644,3.2354624,12.489892,-6.8824964,11.159788,0.99215984,10.654738,-4.6543713,10.661474,-2.2559423,10.573775,call_74b20933dd43,human,val
1.6299999999999955,2.742320812286558,-77.21054,79.43079,51.689476,32.853718,9.69967,34.762207,13.406168,22.081451,3.6855574,16.99471,1.5278294,18.067982,-1.3805132,11.792545,-2.5129423,10.441842,-4.483963,8.022468,-3.6320071,8.766423,2.5633125,6.7611513,-1.5222625,7.590767,call_750153d8eb40_orig,human,train
1.6299999999999955,2.742320812286558,-54.2497,74.14751,54.03711,28.67994,11.846937,37.817547,13.566355,16.790724,-0.81698346,17.024992,0.6898396,14.289277,-6.201148,13.006742,-3.766457,10.1851015,-4.975996,9.226498,4.8227725,7.1033373,-0.37056518,8.261021,2.3048,6.8716803,call_750153d8eb40_agudo,human,train
1.6299999999999955,2.742320812286558,-54.54685,74.32407,51.9541,34.24788,14.762056,27.536612,15.371407,25.792013,7.8354483,16.713133,3.1752653,15.217557,1.2628669,11.417558,-1.0228672,12.262218,0.16605759,10.185533,-6.4856434,7.9991126,-3.5678737,8.551628,0.1587804,7.5259757,call_750153d8eb40_grave,human,train
1.6299999999999955,2.742320812286558,-72.72896,71.99243,45.772976,29.375868,11.607297,30.583006,12.67034,21.179436,4.4364486,15.804791,2.7050242,16.699848,-1.9429854,11.031144,-2.169382,10.064428,-4.555857,7.7280693,-3.6811361,8.448938,2.1803799,6.5821075,-1.5498166,7.3033514,call_750153d8eb40_ruido,human,train
2.1900000000000013,4.138528992555472,12.871714,79.501076,62.863884,29.80933,9.345579,31.58216,34.57099,33.42027,-5.80337,18.77229,7.9652596,20.789782,-10.764595,13.599252,4.2498045,14.470068,-13.760963,12.28617,-0.33353758,9.77697,-5.9367323,9.361767,-2.6898584,10.063351,call_7519d635bbbb_orig,synthetic,train
2.1900000000000013,4.138528992555472,35.127544,51.480606,52.25798,24.455675,16.277063,34.78909,17.027813,20.722307,-7.8152294,20.904823,-5.2964535,16.31911,-12.727541,16.84566,-5.209507,13.918735,-12.567819,10.26547,3.47352,8.7478,-6.4482336,10.027033,4.6933994,7.1538506,call_7519d635bbbb_agudo,synthetic,train
2.1900000000000013,4.138528992555472,11.766169,48.932327,78.26993,24.390821,-9.579182,21.946077,47.064613,33.55709,-8.588106,12.257727,20.012857,14.3588,-11.1565695,17.665016,8.856925,11.665834,-4.820281,10.436994,-5.0308943,11.516885,-3.0064049,8.0683155,-2.8335767,8.278884,call_7519d635bbbb_grave,synthetic,train
2.1900000000000013,4.138528992555472,13.475534,70.33133,58.76638,29.496418,10.053259,30.458582,31.804352,32.84183,-4.30144,18.0647,6.85627,20.516394,-9.859771,13.524331,3.683292,14.173763,-13.074638,12.214821,-0.9449637,9.613456,-5.4476347,9.119562,-2.9237156,9.919291,call_7519d635bbbb_ruido,synthetic,train
3.6600000000000006,2.3276663325218143,-131.21976,88.34226,58.447136,28.346426,13.508291,32.621468,30.057924,18.264729,-19.93471,20.644207,0.19598983,15.009507,-13.593929,13.361488,4.337207,10.690983,-8.984566,10.683134,2.09451,9.391323,-7.427229,11.108063,-0.5032387,12.949863,call_7601ac7d4fbf_orig,synthetic,train
3.6600000000000006,2.3276663325218143,-98.76495,71.46519,57.259117,22.810041,24.8485,28.397493,9.859556,15.0999775,-22.831306,17.727808,-3.3300061,14.538748,-3.8065495,13.76914,1.3271263,10.8045435,-3.5663078,10.658944,-0.7548952,12.144216,-5.3430195,15.861673,-4.115228,19.302711,call_7601ac7d4fbf_agudo,synthetic,train
3.6600000000000006,2.3276663325218143,-119.138824,67.283966,74.15761,24.608503,-2.940003,23.353125,50.60197,19.454508,-16.389694,16.591412,4.0239897,13.462388,-18.357376,10.116051,1.3498936,9.2712345,-7.231852,9.48367,-0.46152475,9.488261,-2.1786036,8.97234,-2.0132596,9.633051,call_7601ac7d4fbf_grave,synthetic,train
3.6600000000000006,2.3276663325218143,-124.97264,69.402214,52.69229,24.954178,15.276384,27.978739,26.445877,16.707321,-15.374353,19.58519,-1.1948913,13.818162,-11.099924,12.0181875,2.0749278,9.961582,-7.0351095,9.905989,0.83129585,9.027733,-6.0272226,10.425646,-1.5730062,12.477495,call_7601ac7d4fbf_ruido,synthetic,train
3.7699999999999996,1.9412789312432375,-58.06452,86.44425,69.13636,34.508026,18.75497,26.539164,38.312706,29.265875,8.128729,18.007446,7.6435313,16.97471,0.57283735,12.085828,4.472619,10.169411,-9.000369,10.90773,5.0986443,9.304464,-3.2736852,8.618212,-2.1367753,8.890076,call_76856257e3ef_orig,synthetic,train
3.7699999999999996,1.9412789312432375,-34.331436,54.995285,71.3162,26.93933,24.209076,26.69162,29.734528,18.222652,3.5632029,19.493107,-0.5170269,15.573019,-1.2655035,11.445915,-7.140109,9.566837,-3.2357512,8.868566,0.10933156,8.542228,-7.066721,9.543468,1.2268498,6.291876,call_76856257e3ef_agudo,synthetic,train
3.7699999999999996,1.9412789312432375,-57.22754,52.518612,79.9284,27.766644,-0.21747714,20.205597,42.66079,27.75871,5.8291173,12.229646,19.662243,12.70521,-5.301456,13.543228,16.704666,10.754396,-6.5467668,9.437497,2.4774296,8.704146,-1.363255,8.452233,2.7227125,7.2036886,call_76856257e3ef_grave,synthetic,train
3.7699999999999996,1.9412789312432375,-55.3499,65.23401,66.084625,32.077118,19.201103,24.201834,36.177746,27.479465,8.990202,16.145966,7.6114593,16.207481,0.8537313,11.752157,3.4145913,9.737357,-8.006343,10.413817,4.344266,8.737131,-2.805387,8.187381,-2.535576,8.428149,call_76856257e3ef_ruido,synthetic,train
1.5100000000000042,1.773637192012189,-194.1297,102.5028,100.16854,49.566948,12.365516,37.226475,18.632414,24.14681,17.4178,17.49116,0.48590404,21.333277,-1.8474319,15.414209,2.632184,11.563538,-5.214993,9.474003,1.8909745,8.9062395,-0.77395785,8.854067,0.36754096,8.00586,call_7744ab92baa3_orig,human,train
1.5100000000000042,1.773637192012189,-148.36089,96.75323,105.88316,47.64004,3.3841367,36.50914,17.982086,22.687302,8.9412155,18.876766,-9.672852,15.509252,-0.87362784,16.180147,-2.460411,11.866454,-0.41652155,10.116728,3.1854088,9.303667,-0.595554,7.9169064,2.6089768,7.9769955,call_7744ab92baa3_agudo,human,train
1.5100000000000042,1.773637192012189,-169.94641,87.79473,103.97125,46.586937,15.770309,31.9122,8.142025,25.163828,17.166853,20.582642,11.855024,19.082441,-5.4330845,13.979753,3.237306,13.534752,-2.533482,8.974321,-3.4445357,8.2431345,0.19325435,7.1688204,-2.070677,8.111483,call_7744ab92baa3_grave,human,train
1.5100000000000042,1.773637192012189,-146.40997,59.07535,67.64199,42.705616,16.077545,24.357128,11.925043,18.485033,12.86124,12.665182,2.1159186,14.472375,-0.36291498,11.834651,0.7980758,9.051969,-1.9591194,7.0803905,0.4498425,6.832873,-0.30684087,7.138727,0.16910619,6.3346753,call_7744ab92baa3_ruido,human,train
3.34,2.450295310250994,-16.734968,45.840458,78.63378,18.331444,5.6894016,18.850473,26.247166,17.255758,-3.8898206,14.564819,-3.6827188,9.679734,-10.294815,10.976978,1.872133,10.96618,-5.6303988,8.797501,2.2566752,9.476575,-1.0074545,9.23236,0.20983496,9.926098,call_794031bf2233_orig,synthetic,train
3.34,2.450295310250994,-2.0891616,40.674442,72.55242,19.12667,7.9306345,19.902122,16.339851,14.325057,-10.712119,12.713261,-8.206028,10.210777,-3.0258198,10.085041,1.0939674,7.9311094,-1.9694655,10.069777,2.4098558,8.985631,-3.815115,7.800275,1.344129,8.796103,call_794031bf2233_agudo,synthetic,train
3.34,2.450295310250994,-25.755999,41.168114,94.52695,14.417692,-8.265365,15.098714,38.61611,15.54766,-4.473548,13.824559,10.544359,9.955531,-18.454758,9.76161,6.397923,7.721877,-8.920265,9.36611,3.3178196,7.56782,-4.4712086,6.551643,4.49841,7.2585373,call_794031bf2233_grave,synthetic,train
3.34,2.450295310250994,-15.48849,44.127163,76.524216,17.098799,6.3176527,18.834833,25.10024,16.919973,-3.123775,14.341388,-4.047017,9.619096,-9.758112,10.777834,1.5755819,10.834802,-5.0707746,8.54908,2.3170304,9.245114,-0.8856615,8.984747,0.09995684,9.701153,call_794031bf2233_ruido,synthetic,train
2.8399999999999967,6.358457045541792,-45.29831,62.423668,70.914825,29.637344,15.788902,26.225775,30.09526,30.998928,10.8161125,21.12399,9.127155,19.43679,-1.6414437,15.464379,7.0777535,12.681299,-9.882803,12.151834,2.7372081,10.911875,-2.9388463,8.953955,-2.606358,9.5700445,call_7a250598cb8b_orig,synthetic,train
2.8399999999999967,6.358457045541792,-19.82653,48.308598,66.67492,23.22492,18.798645,26.432337,26.052488,20.741833,7.0958424,22.229757,-4.615369,18.604681,-2.9934993,12.6830635,-3.8336177,11.549215,-6.943321,9.66378,1.3925066,10.158619,-7.116582,9.879642,-0.38064975,8.024181,call_7a250598cb8b_agudo,synthetic,train
2.8399999999999967,6.358457045541792,-43.183506,45.49202,81.47778,23.635576,-1.3043711,21.08351,39.02807,29.675417,4.3508945,13.773398,24.007446,15.086404,-7.9277353,16.520313,14.768328,11.570137,-4.1944237,10.49843,0.031775802,11.379552,-2.5839577,10.497894,3.7111175,7.351243,call_7a250598cb8b_grave,synthetic,train
2.8399999999999967,6.358457045541792,-43.48073,57.688587,67.20815,28.142921,17.052958,25.01689,29.282223,29.34578,11.778378,19.73515,8.953257,19.022024,-0.9009918,15.149221,6.574623,12.25368,-9.271592,11.7892065,2.165521,10.346767,-2.493411,8.648981,-2.701548,9.221587,call_7a250598cb8b_ruido,synthetic,train
2.239999999999995,5.039210872966347,-96.14327,69.32945,76.3011,30.620672,15.691989,28.462526,19.44947,17.693525,-19.567509,18.384462,-7.919047,16.47056,-15.720892,11.948009,3.629291,10.618753,-17.101795,9.924711,3.0875428,8.928756,-13.261581,11.736457,-4.686817,14.614696,call_7a345e2b0f37_orig,synthetic,train
2.239999999999995,5.039210872966347,-64.93357,58.111828,68.94382,23.634655,23.043625,27.471066,-0.08554484,15.058588,-21.076807,15.144988,-12.847368,12.306481,-1.6403016,13.337683,-7.226295,10.171457,-4.8906727,10.395651,-2.8307302,12.527482,-10.183928,17.225855,-0.5570213,19.363249,call_7a345e2b0f37_agudo,synthetic,train
2.239999999999995,5.039210872966347,-89.49306,55.20897,86.18776,24.32338,6.8616223,20.859938,43.67888,19.073393,-17.71959,16.180212,4.632718,13.414682,-25.76273,12.3385105,6.70946,8.391427,-12.317541,9.086446,-5.3447914,7.9176292,-0.9302014,8.717762,-7.0649624,9.639675,call_7a345e2b0f37_grave,synthetic,train
2.239999999999995,5.039210872966347,-90.65006,60.28221,69.28714,27.745571,18.41632,26.576014,17.755404,16.207558,-16.156233,17.588848,-8.444997,15.325527,-13.3321,11.393625,1.4651381,10.325228,-15.277462,9.900348,1.3817089,8.663336,-11.489624,11.599041,-5.8211765,14.390233,call_7a345e2b0f37_ruido,synthetic,train
4.49,3.4614113588305737,-135.45529,85.644875,63.33059,37.244556,36.64006,18.985086,49.42638,24.661123,10.145848,13.829853,17.571415,13.820173,4.5207677,16.594246,3.01547,11.283435,-1.517229,10.230484,-2.7634726,10.6212635,0.23341584,9.366744,-1.3834709,8.604299,call_7ae75e4aa32f_orig,synthetic,train
4.49,3.4614113588305737,-110.373955,70.91513,67.680176,29.103159,45.546947,21.012646,40.75193,18.372171,4.97305,14.202712,10.186224,17.003052,-8.507228,12.321727,-1.5590943,9.360912,-8.1908245,10.763131,0.06572929,8.12241,-4.5855007,9.030782,-3.2137125,8.430334,call_7ae75e4aa32f_agudo,synthetic,train
4.49,3.4614113588305737,-131.4864,68.34693,67.403564,30.096195,17.38848,15.080953,56.648064,22.404253,10.582701,13.013113,24.432152,10.649217,6.5154104,14.124958,10.334705,11.729273,0.40781915,9.142318,2.7535596,9.283469,-4.6094036,8.563242,4.9824057,9.914144,call_7ae75e4aa32f_grave,synthetic,train
4.49,3.4614113588305737,-129.5955,68.86236,57.630547,33.089996,36.635254,16.43507,45.144363,22.739342,12.292239,12.922642,16.19233,12.8796835,5.4094334,15.44615,2.9071114,10.598628,-1.1339829,9.653221,-2.6899304,9.893633,0.16297491,8.629683,-1.600323,8.001483,call_7ae75e4aa32f_ruido,synthetic,train
3.3999999999999986,1.227716941680324,-39.988003,53.42302,71.1844,18.662647,-3.9186301,22.706558,16.147392,19.704523,-7.6315727,14.814949,-4.0116787,10.709262,-14.522435,11.926434,1.0351803,11.854853,-7.1203003,8.466883,-0.4831359,10.809522,-2.4995432,10.892581,0.15354735,11.65745,call_7b14e69a57bd_orig,synthetic,train
3.3999999999999986,1.227716941680324,-25.698982,51.917313,63.105293,14.912482,-2.3519373,19.448706,7.614955,15.361799,-11.623048,12.996811,-11.917843,12.244535,-5.64305,10.385195,-1.3502413,8.876245,-5.397524,10.829187,0.7416972,11.632541,-5.7454343,10.361727,-0.48106295,10.8137,call_7b14e69a57bd_agudo,synthetic,train
3.3999999999999986,1.227716941680324,-44.237408,54.316677,90.29741,16.131113,-16.878458,16.483585,30.719017,15.619153,-11.1682,14.56964,12.908422,11.620049,-20.887188,10.151431,6.0936136,7.343759,-11.36443,9.049138,2.053893,9.233613,-6.38422,8.843398,4.1029983,7.179446,call_7b14e69a57bd_grave,synthetic,train
3.3999999999999986,1.227716941680324,-38.78807,52.99761,70.40132,18.184238,-3.0734248,22.46712,15.515306,19.582651,-7.3283486,14.763054,-4.5420785,10.549373,-14.113686,11.677561,0.15178373,11.643061,-6.6510754,8.314085,-0.78357327,10.547197,-2.460442,10.85913,-0.026858866,11.483516,call_7b14e69a57bd_ruido,synthetic,train
4.400000000000002,3.164153388612296,-36.760307,93.394905,40.21315,37.239758,27.86163,29.445353,39.12134,32.37521,-7.295442,20.000671,6.704832,18.272625,-7.254046,14.233246,1.0544832,12.863341,-9.038953,13.560322,-4.465134,11.785076,-2.5803466,10.9159,-2.6520245,9.308602,call_7b1e73c133f8,synthetic,val
5.380000000000003,5.698178743882109,-56.615402,122.89699,70.090225,38.285576,14.140924,27.600872,38.869377,29.8268,4.487044,19.345987,3.5880136,18.933472,2.181841,14.224582,8.198525,11.373868,-11.223433,12.003661,1.1791992,10.814031,-2.5129771,9.658907,-3.5909133,9.309669,call_7d4f3b80384e_orig,synthetic,train
5.380000000000003,5.698178743882109,-33.01147,81.191986,65.87048,26.447514,19.199484,31.782505,31.14141,18.837328,-2.7380753,19.403364,-1.8939404,16.728806,1.7699383,11.933255,-8.060831,10.4946995,-7.1613283,10.223418,2.0942407,9.509804,-6.5044136,9.115915,1.8640924,7.116138,call_7d4f3b80384e_agudo,synthetic,train
5.380000000000003,5.698178743882109,-52.28818,74.82681,80.01456,28.142654,-2.4685984,18.645212,48.07393,31.345245,5.0058966,14.059475,17.204556,12.983839,-7.973237,15.829829,17.65046,10.654797,-5.2592697,10.126807,-0.44731575,9.767252,-3.3798313,9.23458,2.2146783,8.660676,call_7d4f3b80384e_grave,synthetic,train
5.380000000000003,5.698178743882109,-54.11516,88.78462,65.756134,34.154865,14.579786,24.470121,35.738983,28.306318,5.6637545,17.23487,3.1741652,17.847277,2.9423628,13.12632,5.998599,10.668231,-9.587469,11.138804,0.94028884,9.767967,-2.48418,8.917823,-3.543045,8.677533,call_7d4f3b80384e_ruido,synthetic,train
2.6000000000000005,2.5870561463045654,-107.32208,90.99682,59.475815,25.578371,12.323963,32.78794,29.128677,17.292923,-21.74048,20.653557,-0.32310706,14.286467,-11.663473,13.461911,3.5239253,10.671172,-7.9091444,10.909515,4.681467,11.303093,-7.525154,14.823674,0.66070133,16.150076,call_7d5b26105bb5_orig,synthetic,train
2.6000000000000005,2.5870561463045654,-76.219604,72.37259,56.478786,19.1797,23.733196,30.20708,8.8008795,14.701829,-23.841455,17.351309,-0.6873497,13.510867,-2.1599665,13.852983,1.4363295,10.524957,-0.75127625,12.599926,-0.3958218,15.807807,-1.7294486,18.209661,-0.75297105,19.754337,call_7d5b26105bb5_agudo,synthetic,train
2.6000000000000005,2.5870561463045654,-100.90174,67.88829,74.87312,21.440022,-6.196184,24.33707,50.04023,21.080233,-18.4971,15.71545,3.1744564,13.111692,-17.960789,10.99491,2.2518222,9.594628,-9.23851,8.605974,0.37780848,9.4288645,-3.2826772,9.29925,-3.6512904,10.663874,call_7d5b26105bb5_grave,synthetic,train
2.6000000000000005,2.5870561463045654,-103.52474,72.243286,53.776924,23.785534,12.077726,28.974884,26.188885,15.758058,-17.176552,19.447327,-1.2421345,13.171809,-9.716919,12.290767,1.4800271,10.172457,-6.281499,10.163587,2.6926324,11.165211,-5.914843,14.19812,-0.52276814,15.879766,call_7d5b26105bb5_ruido,synthetic,train
1.4000000000000004,2.1553777704461297,-62.4933,125.45111,41.047047,42.43943,0.93823004,43.80845,-5.1560264,23.096931,-10.519478,21.514004,2.5322466,15.468918,-9.165159,14.904106,0.8970978,11.162799,-11.88912,13.117411,2.317792,10.950022,-12.62959,13.95494,-1.0213815,15.348091,call_7f82debeb19b_orig,human,train
1.4000000000000004,2.1553777704461297,-28.114992,109.7932,36.9009,36.371307,-3.3063035,44.704433,-17.466768,18.638428,-4.2420874,20.855452,-6.228106,14.402652,-1.8065128,16.190634,-8.446875,12.674205,-1.778717,12.375389,-6.133376,14.278449,-4.52284,15.943334,-0.16603494,19.549118,call_7f82debeb19b_agudo,human,train
1.4000000000000004,2.1553777704461297,-37.907585,102.04509,57.42015,40.651962,-10.828753,34.00541,10.926344,30.994694,-24.511349,20.770578,11.10523,19.282295,-18.0384,12.9122305,7.942666,10.984579,-14.262356,9.957234,2.3377757,10.546568,-4.159503,9.831053,-5.3161225,11.490648,call_7f82debeb19b_grave,human,train
1.4000000000000004,2.1553777704461297,-61.42042,101.66775,36.880684,37.139317,0.7929587,39.366302,-4.851288,21.153769,-8.9922495,19.983437,2.0012639,14.332679,-7.906883,14.001816,0.93729484,10.660702,-9.98797,12.737625,1.6122847,10.692548,-11.614576,13.637069,-1.7039844,14.987267,call_7f82debeb19b_ruido,human,train
3.1999999999999993,7.286662197699265,-117.252754,100.241745,74.04381,34.288677,26.50182,19.251892,40.916622,26.486492,12.662886,14.801085,15.482589,13.040852,6.2848086,16.296722,5.8330145,13.211187,-1.1974311,9.764618,-4.6028137,10.944513,2.94207,8.777027,-4.3904934,8.228192,call_802282383eb2_orig,synthetic,train
3.1999999999999993,7.286662197699265,-86.54527,83.6237,78.73047,25.171015,34.495094,20.477808,35.129723,19.17041,9.4998,14.320498,10.60507,16.176685,-4.086543,14.435567,-0.06136334,9.822692,-12.046764,9.843559,2.4405737,7.518461,-6.4616327,9.31516,-3.6439934,7.874693,call_802282383eb2_agudo,synthetic,train
3.1999999999999993,7.286662197699265,-110.21207,79.11589,78.61114,28.185482,11.782038,16.433676,42.64317,22.416687,11.20665,13.002601,20.254871,11.06161,6.5458865,12.562692,11.37817,12.5256195,5.0698767,10.390865,1.8414513,8.173433,-4.987694,10.130854,7.30115,9.257045,call_802282383eb2_grave,synthetic,train
3.1999999999999993,7.286662197699265,-113.14021,81.67958,68.94125,32.467133,28.433926,16.884626,38.6823,23.709436,13.826351,13.492762,14.558556,12.336883,7.6060915,15.464049,5.4808855,12.515504,-0.77969253,9.42475,-4.254755,10.3108225,2.46116,8.0419655,-3.884036,7.6308165,call_802282383eb2_ruido,synthetic,train
2.460000000000001,3.4455443691817416,-47.021564,75.39451,51.103973,36.71606,12.962938,32.51141,30.287525,28.740374,-8.481413,18.287949,7.181835,19.133009,-8.183921,14.179732,3.6900167,12.374823,-5.0377254,13.981566,-1.9935455,10.785214,-1.4271462,10.855952,-1.661663,9.899581,call_810c24005ecc,synthetic,val
2.960000000000001,2.8043250124602563,-60.324097,88.79517,60.019325,29.271072,20.17394,36.704727,19.15372,17.740393,-10.2682085,21.272161,-3.149596,14.100188,-14.873302,11.497622,-1.8503987,10.762362,-15.345599,10.27908,3.107323,8.770271,-9.815159,9.638574,3.4759965,9.561395,call_810e3066a7b4,synthetic,val
2.4499999999999957,2.2545058647550413,-92.07684,94.703476,71.630585,28.216812,39.054764,29.270885,52.338036,21.845648,-6.79271,20.180918,10.149757,22.733995,-25.075928,14.147621,-0.49447602,11.412202,-17.861954,11.045952,-3.7466612,9.477393,-5.0602627,10.128543,-3.2154465,9.4098425,call_81b12145be34_orig,synthetic,train
2.4499999999999957,2.2545058647550413,-62.636425,71.548706,70.95961,21.84212,56.34236,31.766489,25.723652,12.718907,-11.517666,23.698126,-13.234634,17.139418,-24.998924,14.090852,-4.167727,12.947027,-15.328972,8.678239,4.3507915,9.924881,-8.090756,9.275281,4.807644,7.6754875,call_81b12145be34_agudo,synthetic,train
2.4499999999999957,2.2545058647550413,-87.2102,67.41186,81.6682,23.737335,23.049904,19.613548,71.34337,26.065525,1.0283355,13.525925,26.978718,20.034002,-9.635635,16.909311,-5.423133,10.905713,-3.734437,9.542249,-13.230922,9.230506,-2.205892,7.423797,-7.6041164,8.301311,call_81b12145be34_grave,synthetic,train
2.4499999999999957,2.2545058647550413,-88.77836,72.01251,67.58658,28.292442,39.700058,27.276182,47.98639,21.646698,-2.538485,18.47222,8.185074,21.980236,-23.042261,13.660802,-2.3551123,11.169689,-15.686487,10.875938,-4.708625,8.7925415,-3.9171095,9.666095,-3.9221892,8.891297,call_81b12145be34_ruido,synthetic,train
2.3400000000000034,2.9931640938172777,-88.05547,105.574425,56.18067,49.822536,34.605606,34.875305,15.986002,30.10134,5.969439,18.96487,0.19414648,16.72459,3.4270039,12.047287,0.6481194,10.211055,-12.013945,11.113074,-0.012254948,10.064535,-8.783695,9.464592,1.8620864,6.9202642,call_81b98c77cf99_orig,human,train
2.3400000000000034,2.9931640938172777,-61.509106,83.17888,64.02815,42.6287,27.96007,38.00986,8.375742,21.74329,0.7825366,19.502436,-2.3905451,15.301457,2.0405507,11.516936,-14.73008,11.798349,-4.3479347,9.591562,-3.8339467,9.037807,-1.9689734,7.447417,-2.0101113,7.675987,call_81b98c77cf99_agudo,human,train
2.3400000000000034,2.9931640938172777,-68.18174,77.32558,60.742104,45.536938,34.43422,32.767357,22.612755,32.776928,5.1713867,14.310984,7.335101,15.229589,-1.7957997,15.324551,14.395411,11.260092,-5.1715684,11.102319,-1.7012239,9.838531,-2.4051836,8.489358,-4.264923,8.085215,call_81b98c77cf99_grave,human,train
2.3400000000000034,2.9931640938172777,-81.32681,79.481964,51.954437,44.118393,32.411545,30.911907,14.550468,27.218954,5.538949,17.049894,0.692646,15.682682,3.3161187,10.912258,0.4690071,9.121617,-10.604805,10.701997,-0.8602834,9.332505,-7.306181,8.955047,0.83444464,6.324769,call_81b98c77cf99_ruido,human,train
2.92,2.8396903567667477,-114.551674,94.545105,56.80866,28.893078,13.715277,34.98296,26.3346,18.203297,-16.010437,21.18644,-0.04737833,14.432709,-11.940847,13.150036,4.6046114,10.855505,-10.600496,9.652946,2.6202054,9.362892,-7.2153645,10.871403,-0.1406901,11.556941,call_850d796d23a7_orig,synthetic,train
2.92,2.8396903567667477,-86.89604,76.04408,56.62789,21.488346,23.42078,33.347515,9.50878,14.132948,-18.409952,18.573307,-3.8895988,13.1563015,-1.7878948,13.85462,-1.5296133,9.8955345,-3.6367803,10.336057,-0.14925563,10.526149,-6.2190313,13.960092,-6.258357,17.883528,call_850d796d23a7_agudo,synthetic,train
2.92,2.8396903567667477,-109.340096,72.016525,73.261444,23.874979,-2.9699962,26.03328,47.30383,22.215727,-14.771729,15.7464,5.7571898,13.196895,-18.380247,10.622904,4.251274,9.714242,-7.839876,9.988627,-0.19558853,7.922008,-1.5933459,8.640149,-1.3730901,8.667097,call_850d796d23a7_grave,synthetic,train
2.92,2.8396903567667477,-107.70207,72.76996,49.847412,25.594967,15.545704,30.191713,22.774784,16.218689,-11.872152,19.52035,-1.623877,12.987662,-9.966371,11.993178,2.7475543,10.20061,-8.276665,9.130534,0.9950303,9.133884,-5.381577,10.076762,-1.7242088,11.073004,call_850d796d23a7_ruido,synthetic,train
2.7600000000000193,5.178949507915685,-160.353,103.81138,71.20734,35.094925,27.257624,20.818716,41.262825,27.640425,12.269215,16.501167,13.15365,16.931103,4.2233605,17.78202,4.102305,11.957739,-1.8144121,11.325732,-4.875697,10.667386,3.5040603,9.024515,-4.0412655,8.717347,call_8570ae0e7d61_orig,synthetic,train
2.7600000000000193,5.178949507915685,-131.62569,85.65409,75.72815,26.692118,34.42246,22.47455,37.708233,19.454538,6.4568453,17.96004,9.350946,19.821014,-5.9123373,13.317929,-0.28503907,10.4861,-10.521145,10.90384,4.2105265,8.52987,-4.500475,9.315864,-0.8450108,8.654808,call_8570ae0e7d61_agudo,synthetic,train
2.7600000000000193,5.178949507915685,-153.45328,81.92846,77.88515,29.487787,11.570993,17.329952,46.334877,25.244492,13.783553,13.408503,20.2579,12.753287,5.615361,16.868189,8.361784,12.75721,2.9536338,9.667264,-1.3997188,10.44346,-5.240235,9.602122,5.7241964,9.548169,call_8570ae0e7d61_grave,synthetic,train
2.7600000000000193,5.178949507915685,-152.161,74.23582,63.124413,31.483635,28.34687,17.534136,37.29348,24.379341,13.848325,14.686571,12.766418,15.785042,4.979089,16.559696,3.231647,10.840412,-1.5589564,10.378031,-4.217481,9.888431,2.6119602,8.048214,-3.0490646,8.044983,call_8570ae0e7d61_ruido,synthetic,train
2.8400000000000034,3.392171133654669,-128.61601,74.962814,86.120926,30.612354,44.50478,33.64892,25.072086,21.47447,-5.9511795,16.772264,-5.139265,15.358591,-1.5295427,12.6564455,-5.6334805,10.689023,-10.712631,9.966994,-4.6218553,10.040099,-8.595368,9.225209,-3.044775,10.355617,call_8834a90f11cd_orig,human,train
2.8400000000000034,3.392171133654669,-101.9058,56.654068,92.68375,25.006628,43.197037,33.774097,5.883526,19.568403,-17.628536,16.718262,-6.006202,11.120002,-6.502526,11.3039255,-15.60452,10.857688,-8.257948,12.769595,-6.375083,9.73245,-5.4250536,11.2003765,-5.775161,13.805988,call_8834a90f11cd_agudo,human,train
2.8400000000000034,3.392171133654669,-113.98992,55.01117,90.04997,28.056412,39.542194,27.551125,47.65635,21.001362,-1.9343511,16.349787,2.1997857,17.524088,-6.4235125,10.381638,8.104168,9.246284,-8.047291,10.325426,0.4697476,8.083121,-6.5993137,8.453126,-1.7274879,8.150427,call_8834a90f11cd_grave,human,train
2.8400000000000034,3.392171133654669,-117.338165,53.95797,75.717896,26.69867,44.17701,27.956118,23.738792,18.41047,-3.1769998,15.640428,-3.9085264,13.929107,-1.1984972,11.06643,-5.011689,9.175106,-9.865768,8.79984,-6.0267296,9.150896,-7.483366,8.610059,-3.7944584,9.530016,call_8834a90f11cd_ruido,human,train
2.580000000000005,4.117099236410144,-33.18333,93.875175,24.667572,31.556993,20.047092,39.68465,10.917669,20.136019,-7.7395406,21.897951,-3.2255583,17.654716,-8.940921,16.657335,1.5619326,12.748778,-12.086543,13.425558,2.543189,12.236646,-10.599162,15.0049515,-1.159712,16.112448,call_8893de2fe204_orig,synthetic,train
2.580000000000005,4.117099236410144,-9.935462,58.48948,31.742153,25.186691,24.950272,36.446457,-2.3658633,14.93253,-9.089545,19.16922,-8.044664,16.64126,0.4835661,16.570875,-6.315243,12.111354,-1.4137943,13.189787,-3.0339715,13.507814,-2.2374387,14.912137,0.6435021,16.311348,call_8893de2fe204_agudo,synthetic,train
2.580000000000005,4.117099236410144,-20.59515,53.99719,45.783478,26.791607,-0.3996979,28.134386,38.82258,24.46483,-20.718405,15.678329,15.918695,16.575827,-25.48447,11.877181,16.142982,11.482404,-19.510283,10.653634,8.148287,10.573932,-10.638134,10.296307,2.8742003,10.959409,call_8893de2fe204_grave,synthetic,train
2.580000000000005,4.117099236410144,-32.5215,74.12675,24.00119,30.183811,18.771244,37.73276,10.549952,19.387863,-7.1051006,21.334095,-3.034112,17.060879,-8.691328,16.213665,1.204603,12.366577,-11.671468,13.279267,2.351162,12.060011,-10.270612,14.727108,-0.7626549,15.795319,call_8893de2fe204_ruido,synthetic,train
3.799999999999999,3.6273626783105097,-134.522,101.61303,74.2931,33.685272,23.989918,21.373865,39.5488,24.275003,14.633965,16.709751,15.575935,14.336291,5.350016,17.463682,4.759284,12.553343,0.27763677,10.498631,-6.337738,10.556992,3.5096533,9.111648,-5.327755,8.555618,call_88cd54e1e505_orig,synthetic,train
3.799999999999999,3.6273626783105097,-108.56513,82.17033,78.69325,24.200724,30.280819,21.834116,36.805397,15.54418,8.445298,15.732084,9.580591,17.849684,-6.219035,14.195861,2.0370631,9.727918,-11.814839,11.415557,1.5891858,8.452234,-4.6483173,9.040777,-2.9842591,7.3272114,call_88cd54e1e505_agudo,synthetic,train
3.799999999999999,3.6273626783105097,-124.700874,77.87742,79.664604,28.398336,10.355349,16.143682,40.795845,21.41922,14.126856,13.03359,21.423882,12.89622,6.8691435,14.446113,7.228344,12.09785,5.473671,9.949037,2.1055987,9.170405,-6.944246,8.901624,7.921341,9.269327,call_88cd54e1e505_grave,synthetic,train
3.799999999999999,3.6273626783105097,-129.33789,76.57062,67.20114,31.647938,25.276165,17.888374,36.72865,22.255802,16.176939,15.346397,14.769999,13.359834,5.775984,16.57435,4.1816864,11.482516,0.6729966,9.746239,-5.110183,9.831664,3.025457,8.352292,-4.3876715,7.994009,call_88cd54e1e505_ruido,synthetic,train
2.3599999999999994,9.141013370725746,-100.48829,88.921936,68.52963,25.91952,38.58604,27.055553,53.210175,19.152586,-8.371173,18.08794,3.9769564,24.768797,-23.99619,15.0623045,0.45947105,12.316875,-20.848085,11.23288,-2.0389993,9.108934,-1.0178459,10.311369,-1.9637635,8.523866,call_88d7858b7921_orig,synthetic,train
2.3599999999999994,9.141013370725746,-75.98882,70.91996,64.81127,20.471695,53.119034,28.30915,25.621178,13.265777,-19.411201,22.229145,-17.613365,17.971256,-22.196964,14.119083,-8.418215,12.115413,-14.476241,8.797211,8.765511,10.645609,-7.7531686,7.4712653,2.8986552,8.371637,call_88d7858b7921_agudo,synthetic,train
2.3599999999999994,9.141013370725746,-97.58829,67.995346,78.95831,23.090528,20.075336,17.93006,77.43138,21.083408,0.05513519,13.705433,20.644697,19.12908,-15.686879,17.720081,-0.16369593,11.968291,-6.368381,9.678782,-15.816351,9.850779,-2.792768,7.034316,-2.364096,9.957765,call_88d7858b7921_grave,synthetic,train
2.3599999999999994,9.141013370725746,-96.35674,69.698006,63.37507,25.87538,39.93078,24.144135,49.816196,19.105803,-4.457901,17.31414,2.6039162,23.356453,-21.374111,14.457127,-1.3682759,11.692737,-18.577282,11.220961,-3.1294212,8.572496,-0.84679663,9.877972,-2.5537703,7.872756,call_88d7858b7921_ruido,synthetic,train
1.5199999999999996,2.961466484197352,-91.19904,116.873764,87.952385,39.155453,29.922443,36.9045,6.9093275,23.686613,-3.0330386,18.532629,-6.4510903,14.701145,-4.075657,11.9363785,-4.0017157,11.380165,-6.173232,10.371483,-0.9827236,10.138091,-7.418138,9.1625,-1.7391741,9.80531,call_893d552b156a_orig,human,train
1.5199999999999996,2.961466484197352,-62.265846,94.821144,96.119026,32.281513,19.863132,38.5593,-9.321384,18.297972,-9.81095,18.041002,-10.136778,12.45866,-7.3167257,13.695585,-9.57178,10.331279,-2.8806405,9.692026,-8.108207,9.3044615,-5.4261026,9.69046,-5.7460594,13.405335,call_893d552b156a_agudo,human,train
1.5199999999999996,2.961466484197352,-81.55312,88.833725,98.00778,35.172955,33.241028,28.709183,24.340813,28.065641,-6.3679953,16.548658,6.547444,16.013512,-12.578395,13.018355,7.1888514,11.700307,-12.829788,9.361233,5.7821155,8.965395,-4.3511243,8.11229,0.9350803,8.661863,call_893d552b156a_grave,human,train
1.5199999999999996,2.961466484197352,-85.10169,84.496475,83.07234,38.64146,29.682482,33.633236,7.01054,21.987791,-1.5682573,17.369797,-4.929142,13.671903,-3.8974879,11.305109,-3.7385817,10.84218,-5.7564983,9.552569,-1.1299791,9.567209,-6.891383,8.723484,-1.8046483,9.498085,call_893d552b156a_ruido,human,train
1.609999999999998,4.7944647080497615,-88.62088,107.56897,70.8517,39.668114,30.237154,43.58564,-4.987623,21.306087,-12.774797,19.153444,-2.0185776,13.860205,-11.682255,12.660185,-0.732135,9.91096,-12.85973,9.493409,0.9243363,8.585851,-3.2619286,9.189885,-2.738605,8.216795,call_8a3996f823e4_orig,human,train
1.609999999999998,4.7944647080497615,-60.26067,94.54738,72.18288,33.14271,16.972,42.69813,-25.38284,15.9970045,-10.991532,17.079273,-10.949585,13.518534,-6.8232207,11.613923,-8.911241,9.665942,-5.120407,9.3308325,0.12956887,9.560008,-10.6623535,9.734696,-7.1153717,10.120034,call_8a3996f823e4_agudo,human,train
1.609999999999998,4.7944647080497615,-71.0989,90.773155,77.72011,36.439922,31.50998,32.709164,16.515644,26.893827,-18.316975,17.133339,6.0108976,15.557859,-15.541446,11.598187,3.7703705,10.548928,-7.74869,8.235031,-5.178616,8.9964695,-1.3155453,8.111959,0.20574307,7.7270374,call_8a3996f823e4_grave,human,train
1.609999999999998,4.7944647080497615,-84.82891,78.990685,65.80859,35.730057,28.514242,39.420513,-2.901994,19.718967,-10.072304,18.51629,-2.7307703,12.495743,-10.792069,12.16438,-0.6682788,9.243627,-12.095541,9.154373,0.49947625,8.1231985,-2.9683528,8.872866,-2.5734062,7.81672,call_8a3996f823e4_ruido,human,train
3.5399999999999956,4.188805024661095,-27.649605,87.41388,26.6759,31.80508,24.603294,36.06099,12.62051,21.206293,-6.2398224,21.36783,-2.4854293,18.222837,-8.061333,15.408365,5.1191072,13.691057,-12.133909,14.987481,3.782369,13.82931,-9.024067,15.096637,0.3538627,16.898264,call_8a570a10920b_orig,synthetic,train
3.5399999999999956,4.188805024661095,-5.8422327,60.247204,30.217339,24.42929,27.75345,34.66984,-0.79978037,14.280164,-6.6558466,18.416784,-7.3992205,15.501945,3.2211747,15.926518,-5.313562,14.399144,-2.6664174,14.589067,-2.1874723,15.101759,-3.833739,16.841778,-0.16251491,17.436733,call_8a570a10920b_agudo,synthetic,train
3.5399999999999956,4.188805024661095,-16.31549,55.439484,44.575233,26.41961,3.3529415,24.237816,39.386093,25.229656,-19.252207,16.154943,17.563864,15.655006,-26.212467,11.581535,18.466665,11.453481,-16.919785,10.977368,7.3507876,11.053353,-10.039476,12.527856,3.6892996,12.22623,call_8a570a10920b_grave,synthetic,train
3.5399999999999956,4.188805024661095,-26.860737,71.08122,25.900967,29.34794,23.210688,34.538937,12.222305,20.19122,-6.008173,20.77007,-2.2408986,17.53437,-7.658512,15.028676,4.5060973,13.448699,-11.765965,14.585756,3.5651236,13.602943,-8.46565,14.710359,0.17982341,16.728308,call_8a570a10920b_ruido,synthetic,train
2.0799999999999983,3.6480862997489756,-113.79968,157.25974,55.40965,46.5748,4.8740587,35.23798,28.727112,32.29254,2.6234648,22.773827,4.719801,17.77107,-5.7043552,15.789065,-0.7325024,13.51067,-1.6469436,11.238733,-3.5859394,11.548909,1.6628206,10.191005,0.44320694,9.437794,call_8a61615c9927_orig,human,train
2.0799999999999983,3.6480862997489756,-61.191017,141.03802,56.289787,39.867123,8.490983,41.260002,26.138828,24.384693,-4.3389854,21.896414,-1.612314,16.769316,-9.967878,15.330796,1.2088965,11.339036,-4.5065336,10.880545,3.3765254,9.796102,1.2258749,9.683245,0.3012446,9.408004,call_8a61615c9927_agudo,human,train
2.0799999999999983,3.6480862997489756,-73.35611,137.98462,72.090836,40.68256,-5.134033,26.714281,28.974625,35.99027,3.9408205,21.567509,11.862041,12.988406,-2.6016562,15.366423,-0.6222233,13.211979,-4.162421,11.384658,-0.2172664,9.665568,-7.438566,10.6606045,2.0749226,8.150949,call_8a61615c9927_grave,human,train
2.0799999999999983,3.6480862997489756,-98.100296,106.26889,33.65745,37.177395,7.058329,27.408943,17.69335,28.382385,2.941502,17.325624,2.7942705,14.0964155,-2.8849583,13.409842,-0.14619768,11.269514,-0.722441,9.159511,-2.8797245,10.108322,1.2317497,8.610565,0.48960078,8.440412,call_8a61615c9927_ruido,human,train
2.1400000000000006,3.005298772178761,-115.64117,173.25919,40.831696,44.775932,1.0906342,42.90801,11.154673,31.364405,-1.4184148,22.35857,-3.8573065,18.71596,-4.747999,15.9335575,-3.2397008,12.841146,-6.3167915,12.958068,1.4631659,10.004938,-3.8899841,10.746258,-3.1650496,10.702413,call_8a9391c1823b_orig,human,train
2.1400000000000006,3.005298772178761,-61.343407,173.51965,30.371643,34.823746,1.1240444,43.892124,2.1308079,19.784227,-7.402825,21.390036,-2.3235998,15.446147,-6.7087207,13.396916,-5.533475,12.607922,-2.9380972,11.817947,-2.1575732,9.504913,-8.593765,12.656625,-3.1864407,12.181089,call_8a9391c1823b_agudo,human,train
2.1400000000000006,3.005298772178761,-68.356964,171.57062,55.330856,43.799404,-5.89555,34.90264,13.102299,35.46652,-2.988269,17.377695,4.7584524,18.794453,-4.2220697,13.440072,4.4428263,13.858934,-7.040602,10.240161,0.18324387,10.09665,1.3276771,9.98089,-1.6842349,11.003202,call_8a9391c1823b_grave,human,train
2.1400000000000006,3.005298772178761,-106.94354,116.43578,23.558676,37.863117,2.5259085,36.93607,7.229373,27.431822,-1.2633268,19.174465,-2.3839793,15.960809,-3.4588933,12.687164,-2.7118666,11.072856,-5.6257977,10.567757,0.8349128,8.212256,-3.7025518,8.771672,-2.6206493,8.47918,call_8a9391c1823b_ruido,human,train
3.1799999999999926,3.083470385681879,-116.83817,92.89599,61.645527,28.235552,27.853708,36.20727,27.468021,17.789814,-18.909708,24.135185,3.1370063,14.131692,-11.287344,14.031694,3.6719089,11.142799,-7.7037926,10.073053,4.1809397,10.742354,-6.1338935,13.375165,-1.3984736,16.371634,call_8ade6f74aa33_orig,synthetic,train
3.1799999999999926,3.083470385681879,-87.13464,68.9976,63.56388,22.119982,35.870327,33.023643,7.278389,15.488676,-17.350164,21.51274,0.24296494,13.282304,-2.8328109,14.463974,2.979322,10.010017,-1.5629494,13.630164,1.1971827,13.85799,-3.4508348,17.40121,1.3002524,18.19242,call_8ade6f74aa33_agudo,synthetic,train
3.1799999999999926,3.083470385681879,-110.02014,65.00477,74.38228,23.875364,8.509828,26.609003,49.241135,22.429216,-20.24454,18.136826,7.949358,15.753945,-16.682962,9.735062,2.801332,11.146869,-8.638834,9.927299,-0.7469914,8.727748,-1.8519435,8.329558,-1.507474,10.484601,call_8ade6f74aa33_grave,synthetic,train
3.1799999999999926,3.083470385681879,-110.40149,72.85291,55.49569,25.284813,27.909609,30.609423,23.730423,16.24567,-14.871126,22.358849,1.75875,13.174056,-8.598653,12.955468,1.8765074,10.595247,-5.2657094,9.428105,2.817883,10.476654,-4.55737,12.951645,-2.2800288,15.791734,call_8ade6f74aa33_ruido,synthetic,train
4.4600000000000035,4.188236315861367,-117.85409,89.23787,60.82718,36.969055,35.021854,18.714268,45.229565,25.446106,10.256796,13.416397,15.735409,13.811619,0.03851615,16.703558,4.1557713,12.033211,-1.704765,11.183402,-3.9667077,10.6906395,0.5782273,9.245126,-2.4503179,8.038493,call_8ae3fce602f3_orig,synthetic,train
4.4600000000000035,4.188236315861367,-92.25329,71.86433,66.233925,30.312946,46.214195,21.172085,38.200226,19.67421,4.242034,12.901978,6.7711754,17.082884,-9.77106,12.206972,-0.51159,10.205186,-10.314033,10.734383,-0.2925133,8.841184,-5.890827,8.719605,-4.1763215,8.488885,call_8ae3fce602f3_agudo,synthetic,train
4.4600000000000035,4.188236315861367,-111.34357,69.23857,65.07046,28.657673,15.631611,15.916956,54.175636,22.155668,9.897408,12.423453,25.738686,9.309551,3.979875,15.256373,8.547496,12.651505,0.62826806,10.020132,2.4556785,8.661275,-4.65398,8.93601,5.7195473,9.167962,call_8ae3fce602f3_grave,synthetic,train
4.4600000000000035,4.188236315861367,-113.86096,75.68171,57.21108,33.586445,35.07365,16.693523,42.296196,24.036894,11.89278,12.189491,14.8523445,12.848345,0.5747561,16.066175,3.4310455,11.42633,-1.1312925,10.664219,-3.3000965,10.291225,0.58374417,8.452712,-2.5061026,7.499341,call_8ae3fce602f3_ruido,synthetic,train
2.1599999999999966,7.324847555818233,-111.76665,84.11911,68.343094,30.629183,24.432825,40.07611,7.6411123,17.126293,-15.337385,21.272465,-0.7921182,14.418616,-6.4967794,15.404554,-0.8921877,10.399055,-7.681176,11.126415,-1.1754099,9.988234,-5.8368883,9.997239,-2.8145838,9.983056,call_8c2ebe3761bb_orig,synthetic,train
2.1599999999999966,7.324847555818233,-78.29011,67.48345,68.024055,24.856586,21.661558,37.44762,-11.794287,15.584434,-17.61182,18.279926,-2.4453182,15.134329,-5.7420163,15.131644,-6.903378,10.615216,-7.646221,10.824255,-4.7995214,9.231343,-6.1316032,10.231705,-5.355097,12.486879,call_8c2ebe3761bb_agudo,synthetic,train
2.1599999999999966,7.324847555818233,-93.36151,65.30907,79.97659,27.10316,14.857791,32.310623,35.33063,20.481588,-22.30835,17.213661,7.879443,16.721785,-15.126537,11.229741,10.393195,12.6601715,-9.613722,9.165984,5.7413964,9.854377,-7.9176435,7.7563214,4.9827776,8.097569,call_8c2ebe3761bb_grave,synthetic,train
2.1599999999999966,7.324847555818233,-105.956604,70.888176,62.91971,27.428965,25.3376,36.603653,7.291766,15.789805,-12.119427,20.103733,-1.5315748,12.916653,-6.0312657,14.514576,-1.5004463,9.736648,-7.2634487,10.430661,-1.7107012,9.487161,-5.656725,9.412117,-3.1652515,9.341748,call_8c2ebe3761bb_ruido,synthetic,train
4.240000000000007,5.605500423691004,-137.17053,74.366974,83.87613,34.465214,29.425123,29.618486,16.179821,17.904013,-1.7320571,16.60404,-1.7262921,14.641828,4.5102468,9.938038,0.73065835,10.45521,-0.19708097,9.283277,0.9300296,8.915414,-1.0340061,8.984796,0.84888244,8.698821,call_8c6b33721067_orig,synthetic,train
4.240000000000007,5.605500423691004,-105.859726,58.59871,94.318665,29.789581,27.421618,29.19848,8.178862,13.825289,-7.160832,17.08821,4.047005,12.038919,2.6539202,11.151935,-1.7992805,9.323582,0.6109257,8.647767,-1.3403468,8.973481,0.42954075,9.085216,-2.6381786,9.49774,call_8c6b33721067_agudo,synthetic,train
4.240000000000007,5.605500423691004,-126.18782,54.424416,91.562485,30.21869,25.998331,23.445904,33.1435,19.647127,-5.206848,12.704425,5.293475,14.130851,-6.444477,10.567605,10.834599,8.825592,-8.552813,8.841749,8.938517,8.239075,-7.320384,8.053597,6.7196665,7.245343,call_8c6b33721067_grave,synthetic,train
4.240000000000007,5.605500423691004,-120.4866,57.258064,70.88736,30.12325,30.533272,23.085173,15.237772,15.43893,-0.08778112,14.342149,-0.7712548,12.804242,3.4180093,8.794883,1.0814664,8.980999,0.49628454,7.9798436,0.67710936,7.9385066,-0.5382315,7.969437,-0.16795717,7.8282866,call_8c6b33721067_ruido,synthetic,train
2.6400000000000006,4.542996924127461,-44.064857,86.19479,45.611473,34.224552,16.476597,35.1533,32.879364,28.661352,-5.8845367,19.75695,5.2139845,20.626457,-9.802374,14.258933,6.434396,13.926524,-8.853215,13.188636,1.2134445,10.773651,-1.223215,11.570863,-1.5948169,9.085412,call_8cafd2754e55,synthetic,val
6.560000000000002,4.1828423974065725,-126.06323,86.74364,65.62401,36.35601,34.073456,18.195618,48.37429,25.707525,7.8053546,14.614691,17.888561,12.928369,1.2449695,17.11344,1.2641867,11.930193,-0.042501554,10.53927,-5.5663595,10.355962,-0.21385628,9.062532,-2.2572572,8.815269,call_8d3ea77f4bb4_orig,synthetic,train
6.560000000000002,4.1828423974065725,-101.85885,71.87528,72.21161,28.208864,43.863903,20.29891,35.359486,19.48748,2.7289584,14.997363,10.167208,17.13227,-10.744077,12.618275,-0.052193284,9.457686,-10.622822,9.945381,-1.8332523,8.361539,-5.403511,10.517159,-4.269095,8.667401,call_8d3ea77f4bb4_agudo,synthetic,train
6.560000000000002,4.1828423974065725,-116.024704,68.638115,71.28642,28.537638,14.758419,15.778936,53.455227,22.828047,8.6508045,12.326879,25.086187,11.257893,7.915864,14.064384,7.668379,13.631282,1.1829504,9.38607,2.6639764,8.644356,-4.8970447,9.0107975,4.7481933,8.930668,call_8d3ea77f4bb4_grave,synthetic,train
6.560000000000002,4.1828423974065725,-121.464775,73.079254,60.328796,32.56421,33.92382,15.7477865,42.55217,24.22995,8.874492,13.580215,16.721458,12.458995,1.6356626,15.800397,1.1443081,11.510319,0.31583196,10.092432,-4.737164,9.450636,-0.09087986,8.431678,-2.82221,8.181289,call_8d3ea77f4bb4_ruido,synthetic,train
2.730000000000004,4.59205042255998,-127.75736,99.171875,94.58978,36.617546,34.915363,37.568913,-3.1880105,17.464241,5.330585,15.862783,7.0348043,12.265585,-7.0492153,11.001182,0.80254626,8.879463,-11.875946,10.601907,-3.5477765,9.64416,-8.60487,8.805419,-3.0421052,9.039417,call_8d6cd93e02b8_orig,human,train
2.730000000000004,4.59205042255998,-96.9227,90.32088,101.979706,30.135523,27.563496,37.0197,-12.200348,16.934284,8.802255,16.125517,-8.968863,11.00411,-8.555023,10.190176,-12.075597,9.9553795,-11.563344,10.778709,-4.5377426,8.578633,-4.2649684,9.8088045,2.2718387,10.7997675,call_8d6cd93e02b8_agudo,human,train
2.730000000000004,4.59205042255998,-117.37099,83.39929,97.70981,32.46594,39.69896,30.403593,14.057039,21.046045,-5.1820245,14.069677,21.543545,15.755314,-9.003746,10.713131,10.652755,8.796554,-5.133074,7.830652,-1.3991425,8.487945,-5.8390226,7.7316294,-3.9101176,7.328709,call_8d6cd93e02b8_grave,human,train
2.730000000000004,4.59205042255998,-116.41106,73.57308,82.69923,35.927017,32.63152,31.531277,1.1052592,16.627703,4.068564,13.289626,5.738893,10.779994,-3.9947019,10.128033,-0.4281351,8.066399,-10.248587,10.065352,-4.238013,8.5393095,-8.076027,8.401341,-3.565909,8.360073,call_8d6cd93e02b8_ruido,human,train
3.5599999999999987,9.330379319191687,-49.18363,103.7965,47.749092,37.959972,16.50016,32.809086,30.261936,31.044535,-4.35721,19.731443,10.974168,20.101034,-9.323341,14.603024,3.4899535,12.276126,-8.902614,11.348021,-1.430488,12.093727,-1.9240695,10.86505,-2.3964567,10.048157,call_8d75a71e6126,synthetic,val
3.5600000000000005,3.776776918980997,-90.34519,89.722916,65.91713,29.948624,31.377895,33.680187,13.637957,20.552452,-14.614744,18.181791,-6.091579,17.482811,6.542497,12.786705,0.707291,10.757147,-13.099392,10.368337,3.0455875,8.644942,-6.0761356,9.209717,0.8563227,8.478919,call_8da8b9947630,human,val
3.059999999999999,4.028984487436009,-4.2703395,84.89553,68.11901,33.216797,12.811319,26.768467,28.520235,30.588152,-6.479045,17.465967,8.088274,16.930029,-15.388819,13.249839,3.7532258,11.348193,-11.193995,10.200297,0.6388148,8.501354,-2.3437643,8.410694,-2.426723,7.273996,call_8e6c9fa78a21_orig,synthetic,train
3.059999999999999,4.028984487436009,17.677328,58.924706,59.927284,27.87353,18.922056,29.361927,14.920107,18.607063,-8.80666,19.064789,-6.030477,14.721888,-14.085152,12.996362,-0.17961083,10.475507,-8.477634,8.335819,3.6708753,8.079429,-6.510663,7.409629,1.7021191,6.946692,call_8e6c9fa78a21_agudo,synthetic,train
3.059999999999999,4.028984487436009,-6.0560446,54.366993,84.263306,28.720797,-5.223462,20.95828,46.695076,30.24043,-10.884321,11.209296,21.53716,11.604711,-11.787029,13.631502,2.5326996,9.422741,-5.6428027,8.896866,-3.077359,8.944089,-4.8441505,7.0856066,2.3211637,7.0972447,call_8e6c9fa78a21_grave,synthetic,train
3.059999999999999,4.028984487436009,-3.3401396,70.015015,66.16908,33.1809,13.606977,25.695667,27.56096,30.021856,-5.2817125,16.911602,7.116905,16.809175,-14.08199,13.02711,2.8694534,11.0143585,-10.05628,9.998233,0.42124885,8.299239,-1.7735238,8.249432,-2.6885233,7.1651683,call_8e6c9fa78a21_ruido,synthetic,train
2.519999999999982,2.6721881433918937,-69.693985,95.88707,48.79799,28.58304,18.380753,23.511887,36.982574,26.374279,0.08857812,15.070738,2.2471218,16.467691,-7.9470525,16.558126,1.7292509,12.621572,-13.993315,12.216696,-1.5266657,11.462272,-3.9004557,10.27423,-5.564996,9.695956,call_8ed994ce484f_orig,synthetic,train
2.519999999999982,2.6721881433918937,-48.645317,67.16557,44.347343,21.861217,27.358982,24.92173,26.778816,20.589613,-7.6173897,16.453806,-6.701771,14.705076,-10.529237,14.232929,-8.424538,12.407819,-10.152918,11.226165,3.268663,10.597765,-7.286227,10.2904825,3.598037,8.334369,call_8ed994ce484f_agudo,synthetic,train
2.519999999999982,2.6721881433918937,-65.70462,62.700546,60.855515,25.553505,-1.0055864,17.903023,50.383305,23.453833,1.4997934,14.243354,17.512585,12.774027,-9.152826,15.581495,8.624836,13.391403,-6.442943,10.077348,-5.5593033,10.680932,-3.785648,9.0866165,0.29422528,8.598946,call_8ed994ce484f_grave,synthetic,train
2.519999999999982,2.6721881433918937,-68.358185,76.01148,45.39855,27.306894,18.676981,21.776203,34.976196,25.79459,1.0308123,14.600502,1.7065141,15.880802,-7.1507244,16.018372,1.0046337,12.05039,-13.269363,11.973516,-1.718365,10.990213,-3.6648517,9.922655,-5.383833,9.507418,call_8ed994ce484f_ruido,synthetic,train
2.1200000000000045,3.171522071361785,-101.97989,97.3492,70.72425,29.423147,22.614788,39.808174,6.4905577,17.105867,-19.6268,22.3725,-2.7333403,14.38939,-7.4843783,16.024706,-0.6465417,12.243159,-7.184937,11.7291155,-1.8391248,10.170656,-5.4122066,9.341715,-2.8755493,9.02761,call_8ee1e10130a2_orig,synthetic,train
2.1200000000000045,3.171522071361785,-68.78127,77.38458,70.79715,23.203701,22.68615,37.819904,-15.375149,18.072115,-21.786474,19.053698,-4.4009223,14.041782,-5.8686514,16.231659,-6.1509547,9.51526,-7.468635,11.167778,-5.033879,9.694577,-5.903767,9.168589,-4.4324393,11.247822,call_8ee1e10130a2_agudo,synthetic,train
2.1200000000000045,3.171522071361785,-82.49436,74.129234,85.53521,25.447702,15.934132,32.189083,35.75248,20.169203,-25.552425,18.703846,5.5206156,17.570831,-16.134216,10.893035,9.316451,11.901214,-10.489069,9.800541,6.0259995,11.323767,-7.5137744,8.221491,4.2984667,8.446643,call_8ee1e10130a2_grave,synthetic,train
2.1200000000000045,3.171522071361785,-98.32308,80.170425,65.13356,28.042776,23.696568,35.99532,5.200915,15.667019,-16.655155,21.552967,-3.7577763,12.839995,-6.708489,14.742479,-1.3760465,11.70089,-6.274295,11.074881,-1.7916608,9.514713,-5.1803436,8.812348,-3.2509935,8.67195,call_8ee1e10130a2_ruido,synthetic,train
3.8599999999999994,7.532942370763611,-129.50917,93.21952,83.75702,33.418915,28.951199,32.878155,16.891407,19.26724,-0.82148814,19.238022,0.73459536,15.4276085,2.087491,12.4833,0.6652796,13.454232,0.18225682,9.414413,1.3155998,10.022612,-1.9968725,10.364412,1.3485107,9.761486,call_8f8e2145bc91_orig,synthetic,train
3.8599999999999994,7.532942370763611,-96.75548,74.631996,92.86797,27.920889,27.226967,32.08779,8.852762,14.412809,-3.0163343,18.455631,2.8347747,13.579827,1.6297175,13.395733,-1.331711,10.943302,0.70552295,10.65464,-0.9280981,9.650613,0.77998596,9.29003,-0.93900084,8.920521,call_8f8e2145bc91_agudo,synthetic,train
3.8599999999999994,7.532942370763611,-119.83821,70.91209,91.47298,27.852365,23.32368,25.766901,34.32907,21.476416,-6.4514365,15.204905,10.086421,15.077952,-8.763881,12.508139,9.622101,9.309518,-8.062294,10.647406,8.98214,8.346021,-6.684683,9.611353,6.357303,8.325668,call_8f8e2145bc91_grave,synthetic,train
3.8599999999999994,7.532942370763611,-114.14079,70.68543,69.8351,29.725204,30.40235,27.522234,16.311146,16.214714,2.25071,15.873024,1.8918537,13.700719,1.8230321,10.514338,0.94157463,11.5165,0.8452957,8.452321,0.38542756,8.91529,-1.1548206,8.72349,0.58041173,8.952823,call_8f8e2145bc91_ruido,synthetic,train
4.340000000000003,8.291291563409988,-86.0076,105.20234,49.226776,29.644571,18.914387,22.500256,35.043545,25.507736,-1.2130277,14.778252,1.3081853,14.936166,-7.2546835,17.05822,1.8277515,13.465411,-12.758393,13.056398,-3.9163024,11.996757,-3.0173292,8.959225,-5.343068,8.988332,call_9083846f078a_orig,synthetic,train
4.340000000000003,8.291291563409988,-65.2191,77.27603,43.988922,21.105562,25.699785,23.813366,25.196026,19.854176,-9.669043,15.7458105,-7.7522984,14.431539,-9.151747,14.378527,-8.106004,12.4207,-12.167614,11.3819895,3.3523152,9.318375,-6.18435,10.78427,2.509315,7.609522,call_9083846f078a_agudo,synthetic,train
4.340000000000003,8.291291563409988,-81.84021,72.04696,62.457516,25.84236,0.94609576,17.218393,48.6399,22.497128,1.8442075,14.117675,15.547651,11.465128,-11.12092,14.235294,9.23599,14.966949,-6.1621037,10.011311,-5.688177,10.666081,-7.8747015,10.393548,0.5623692,7.650237,call_9083846f078a_grave,synthetic,train
4.340000000000003,8.291291563409988,-84.20218,80.36575,46.434326,27.612682,18.809856,20.439291,33.285324,24.496084,-0.14479743,13.84711,1.2145303,14.017068,-6.450727,16.534933,1.2742887,12.66819,-11.599884,12.378299,-3.7914588,11.272027,-2.763046,8.599696,-5.2787204,8.736471,call_9083846f078a_ruido,synthetic,train
2.1199999999999974,1.9941343347809726,-102.18503,68.56362,65.20947,32.223145,27.286516,33.29752,19.476023,16.775143,-23.83498,18.66363,-8.092774,17.550941,-13.814226,13.510804,1.9539735,11.3661995,-16.136791,10.800106,1.8422217,9.212333,-13.165707,10.923006,-5.115904,13.846663,call_91a25cd95998_orig,synthetic,train
2.1199999999999974,1.9941343347809726,-67.50486,52.39856,62.512554,24.672869,32.002884,31.675201,-3.7969475,14.562692,-26.06351,15.619165,-10.206827,13.468383,-3.9825263,14.366724,-8.707202,11.3925,-6.7194023,11.377569,-4.8993297,12.704707,-11.084447,15.949286,-3.2229471,18.206434,call_91a25cd95998_agudo,synthetic,train
2.1199999999999974,1.9941343347809726,-88.205,50.975304,78.77357,24.020195,13.134974,24.164717,47.9759,19.474619,-20.691425,17.12186,1.8073658,15.312168,-23.923588,10.982195,7.364277,9.859671,-11.984076,9.175654,-3.1474104,9.495097,-1.852751,7.7237597,-4.4024954,9.276097,call_91a25cd95998_grave,synthetic,train
2.1199999999999974,1.9941343347809726,-97.83801,56.049942,62.340538,27.846115,28.508896,30.526714,17.752628,15.272417,-19.648863,17.406645,-8.690693,16.135456,-13.017069,12.664289,0.38814667,10.947949,-13.978634,10.350365,0.31553286,9.173864,-11.6483,10.752251,-5.9490395,13.691011,call_91a25cd95998_ruido,synthetic,train
3.52,4.85187800561864,-92.53771,129.73401,73.87892,35.19392,23.274128,26.920141,27.854486,28.917828,-1.2171392,14.365154,10.10762,16.409477,3.7299595,11.307456,0.21475106,11.464433,-2.3202581,9.935597,-3.8544111,11.217277,-1.0453488,9.329487,-3.1761987,8.8703375,call_924e8a27e4de_orig,human,train
3.52,4.85187800561864,-61.02049,120.82155,77.19945,32.005753,20.460957,30.298857,20.66883,24.045607,-4.7568145,14.075011,7.8922853,15.337518,-6.5070806,11.200049,-4.194288,10.762178,-7.9416304,9.6307535,-0.7147052,8.479891,-2.2433631,9.276436,-1.0010214,9.233339,call_924e8a27e4de_agudo,human,train
3.52,4.85187800561864,-78.64411,118.04022,80.52997,31.533537,18.922554,21.448719,33.794994,29.234156,2.472196,17.850681,7.785651,10.6782255,7.1291924,12.456358,4.917343,11.192646,1.9534237,8.696975,-0.48603117,8.995108,-3.6744733,10.584751,0.033155918,9.210784,call_924e8a27e4de_grave,human,train
3.52,4.85187800561864,-89.01675,93.926605,68.41942,37.609234,22.70059,25.349941,26.270065,26.435549,0.70438164,13.042114,8.467882,15.698186,3.9270883,10.724475,0.6504081,10.824658,-1.8563145,9.356821,-3.416979,10.611427,-1.5154526,8.866392,-3.1059902,8.582722,call_924e8a27e4de_ruido,human,train
2.1999999999999886,2.7890279683628605,-75.99281,55.610703,64.49396,24.967794,9.167833,31.296288,20.180595,19.932388,-6.2920785,18.245096,-4.568219,13.29071,-14.966084,10.744521,-2.285995,12.550688,-11.355203,9.28954,0.092588216,9.6600485,-6.8758316,10.506412,0.5045504,10.083024,call_925ba94f05a4,synthetic,val
2.5800000000000054,1.9193890488870808,-164.84602,95.37104,73.13949,36.78199,27.372856,22.954851,37.314796,29.163618,13.603218,18.846125,18.53249,16.686016,3.4996984,17.326082,3.8688824,12.672239,-1.2923987,11.41168,-5.3871894,10.937971,4.1485147,10.081499,-5.8400474,9.441347,call_927c1f5f2007_orig,synthetic,train
2.5800000000000054,1.9193890488870808,-139.09282,81.84791,76.99515,27.250608,34.896687,23.717657,36.72777,20.198664,10.071608,19.103683,11.779093,18.356567,-7.2717996,13.353984,0.6560409,10.746194,-11.680199,11.481,4.225537,8.705977,-5.069976,10.348812,-0.45968732,8.235759,call_927c1f5f2007_agudo,synthetic,train
2.5800000000000054,1.9193890488870808,-158.60403,75.47751,75.73569,31.394567,13.801865,19.518341,40.320557,26.89185,12.453502,15.741756,22.221394,13.02652,8.610742,15.605603,7.5775385,12.354297,4.32288,9.718464,-1.218591,9.950768,-5.4821587,10.279057,6.2072163,11.087672,call_927c1f5f2007_grave,synthetic,train
2.5800000000000054,1.9193890488870808,-155.17384,75.061,64.891754,32.70822,28.83667,18.506708,32.715572,25.050112,14.951595,16.24803,16.632118,15.240507,5.2768774,16.042274,3.3222961,11.572143,-1.3733103,10.502876,-4.552809,10.2667465,3.4138455,8.931228,-4.9360647,8.519776,call_927c1f5f2007_ruido,synthetic,train
6.640000000000006,9.238273424605303,-13.411058,87.7936,64.23479,41.895325,21.827808,30.694178,29.225481,32.527264,7.413765,20.1307,14.523794,16.25235,2.766233,15.001376,5.234272,13.46433,-7.0035496,12.890862,0.88379276,11.1087,-1.4062115,9.626491,-4.0326495,9.515749,call_9491f635b944_orig,synthetic,train
6.640000000000006,9.238273424605303,18.396923,67.28245,63.71483,32.132153,22.292473,32.258385,21.712624,20.161741,7.920127,22.296907,4.8757763,14.965272,-4.541345,12.7334,-3.4270582,14.798095,-6.9145107,9.770293,-0.11281217,8.63382,-7.5336146,9.025333,-0.62962496,7.4424915,call_9491f635b944_agudo,synthetic,train
6.640000000000006,9.238273424605303,0.3786465,62.95504,74.18239,33.589943,2.5761552,25.825714,35.868153,31.147655,-0.07257396,12.527889,21.893265,14.511404,0.430718,13.560439,14.922388,13.380502,-3.6378636,11.443905,0.7942905,10.623476,-1.2264771,9.297451,4.5009103,7.7375546,call_9491f635b944_grave,synthetic,train
6.640000000000006,9.238273424605303,-8.840213,74.596085,62.259388,37.044876,21.953016,27.667305,28.121042,29.694237,7.6822605,17.834923,15.56666,15.705615,3.2272263,14.235247,4.8200912,12.633554,-5.9981413,12.4768305,1.0927898,10.650594,-1.1100844,9.056823,-4.0776525,8.850347,call_9491f635b944_ruido,synthetic,train
1.379999999999999,4.183363545707636,-81.55053,107.3101,72.17366,33.29018,-2.9937525,40.201748,-11.122602,21.624962,-3.2121148,17.612839,-3.3681765,13.028189,-1.9954431,11.466793,-6.1305676,10.415437,-17.48564,11.721766,-0.6219467,9.037718,-11.26017,10.887867,-0.19182257,10.624637,call_94a8c8502249_orig,human,train
1.379999999999999,4.183363545707636,-48.30878,98.543884,66.42969,27.312515,-13.443692,36.628086,-10.952338,18.891018,-2.3726845,17.030724,-9.516392,14.31592,-5.095256,10.730579,-21.134926,11.698998,-1.44473,9.612778,-2.9655623,10.088115,-1.6451659,12.028672,0.39908653,15.530621,call_94a8c8502249_agudo,human,train
1.379999999999999,4.183363545707636,-57.446358,95.41949,82.04991,31.384983,-4.396368,31.670237,1.7701002,22.67543,-10.452438,15.311651,4.8896723,14.742059,-10.726135,12.193167,13.090543,9.665657,-18.23782,10.756533,-2.7216754,9.266593,-8.327621,8.850759,-7.8817654,9.562592,call_94a8c8502249_grave,human,train
1.379999999999999,4.183363545707636,-72.11172,82.89874,61.385895,30.09889,0.91639507,35.10033,-8.184391,19.030157,-2.6682403,14.936875,-2.4872437,11.562575,-1.4403427,10.402669,-6.641284,9.757244,-15.795717,11.029481,-1.751142,8.749919,-9.696483,10.268929,-0.8817694,10.370425,call_94a8c8502249_ruido,human,train
2.5799999999999983,2.858355471245662,-103.864624,100.64774,49.553535,33.209362,19.557613,40.64393,19.065975,21.25486,-9.847619,24.063316,-6.316201,18.0285,-13.782444,14.325497,-3.8001914,13.216142,-12.871073,10.575302,0.69675565,10.468533,-9.717179,10.476524,0.8542378,10.489189,call_957a8384caff,synthetic,val
2.479999999999997,3.6381425951575492,-103.74098,104.7058,74.647354,35.31127,20.20508,32.279213,6.152098,22.923248,-3.2833042,17.282274,6.4798336,14.130663,-10.537255,12.535695,-1.5712346,10.048372,-9.435146,9.939713,1.1010987,9.752171,-5.2070827,10.480916,-3.6344883,10.774486,call_95ccefc6e4ce,human,val
2.11,4.501793469767849,-112.92563,83.39184,88.669525,33.22739,41.05635,37.89746,9.131506,18.353783,-6.876732,17.308058,3.067686,12.1676235,-4.293727,11.2006445,-0.1410275,10.924742,-9.3062,11.280514,-1.6015925,9.772633,-10.219993,9.13893,-1.9677718,10.469346,call_9741efdd34af_orig,human,train
2.11,4.501793469767849,-84.84508,71.461624,94.99443,29.662687,34.180454,37.735065,-7.5142584,15.121978,-8.218932,16.815918,-2.6534674,12.925116,-5.0481806,11.160604,-10.048256,11.047096,-8.058893,10.398199,-9.024276,8.423794,-4.1140347,9.901658,-0.47426626,10.542326,call_9741efdd34af_agudo,human,train
2.11,4.501793469767849,-101.36921,67.40326,94.13788,32.865154,36.130928,30.846663,33.054295,21.257298,-9.679614,14.022356,8.727198,15.5435095,-7.014243,11.275964,9.548243,8.923,-6.2423763,9.041252,3.3312414,9.279362,-4.82364,8.256953,-3.4161782,8.684209,call_9741efdd34af_grave,human,train
2.11,4.501793469767849,-100.37331,62.60637,76.635315,29.922955,38.874794,30.814096,10.899983,16.412165,-3.7418952,15.630641,1.3550205,10.532144,-3.5905948,9.752679,-0.488967,9.7886305,-7.331996,10.149141,-2.1563597,8.833039,-8.700771,8.352851,-2.5121536,9.606285,call_9741efdd34af_ruido,human,train
1.7600000000000051,0.9144804843259504,-103.208275,60.310654,75.70532,20.699135,8.052104,22.145615,28.989296,22.985634,2.0103588,16.123333,1.9746687,11.987775,-10.625294,14.312408,2.7288823,11.262143,-5.265783,9.702974,-2.148319,10.847993,1.5353899,9.234018,-2.1344428,9.534132,call_97701e543c60_orig,synthetic,train
1.7600000000000051,0.9144804843259504,-85.180145,55.751366,71.3538,17.63847,11.965479,25.284462,22.52166,18.795692,-4.223176,14.203786,-3.509232,14.609833,-7.3533745,10.812221,0.21374655,8.929041,-7.4227858,10.9917965,3.4410887,8.421083,-4.7054152,8.050629,0.76390195,8.877551,call_97701e543c60_agudo,synthetic,train
1.7600000000000051,0.9144804843259504,-108.90386,54.212276,85.74922,19.329857,-4.659862,18.40363,37.51316,20.105932,3.5743804,16.340261,14.782468,10.479023,-10.573445,13.463834,4.6620865,9.276244,-3.5039778,9.8411255,0.32224628,7.632569,-5.12922,8.460127,4.216839,7.7656026,call_97701e543c60_grave,synthetic,train
1.7600000000000051,0.9144804843259504,-100.166306,55.904644,70.989365,20.223843,10.533945,20.729492,27.260593,22.481335,2.7425864,15.640077,1.3015934,11.963779,-9.778798,13.784963,1.6943196,10.841002,-4.4207144,9.198906,-2.4325566,10.40253,1.9342842,8.899636,-2.158973,9.045907,call_97701e543c60_ruido,synthetic,train
2.4000000000000004,8.026433239961293,-92.09424,106.42479,87.747116,32.70345,11.9243765,38.258545,1.579137,23.264153,-5.250497,20.820587,-9.276731,15.814927,5.4434853,11.354846,-8.945442,11.913463,-3.0944767,10.218338,-3.2407749,10.640816,-4.107086,8.235966,-1.3899968,9.340566,call_989dad5aa1af_orig,human,train
2.4000000000000004,8.026433239961293,-63.832775,90.67256,92.68106,27.170437,-5.259283,35.513542,-4.0921197,17.561579,-15.356331,20.344679,-5.105178,13.813496,-0.32930568,15.40744,-12.21606,11.400897,1.5783125,8.538048,-7.796095,9.447309,-1.9315184,10.431789,-8.5333185,13.036394,call_989dad5aa1af_agudo,human,train
2.4000000000000004,8.026433239961293,-74.20047,85.52407,97.68557,30.751255,18.393246,33.723553,9.089864,25.18416,0.5254921,15.176629,-8.775861,15.332616,-2.196677,13.782233,5.667803,11.820592,-10.391259,9.628194,4.708005,9.359075,-5.9222765,10.219939,1.8204968,7.976342,call_989dad5aa1af_grave,human,train
2.4000000000000004,8.026433239961293,-84.23574,80.28506,78.89882,32.791065,12.133932,33.655373,1.6692029,20.472183,-4.600604,18.409868,-7.6127386,15.097274,4.3940296,10.164998,-7.272848,11.203015,-3.3206058,9.368116,-2.6922472,9.636213,-3.6494765,7.935004,-1.4702687,9.06264,call_989dad5aa1af_ruido,human,train
1.8599999999999994,6.890398827353901,-118.3857,100.30048,67.794,35.854053,31.542215,31.954592,11.846873,22.710289,-3.8163896,18.112925,0.52704996,14.850249,-5.448655,12.323422,-0.7137669,9.868746,-6.574024,10.960691,-0.26196352,9.062852,-4.16125,10.917671,0.39350855,11.901595,call_9a3d5b0a64a3,human,val
2.3600000000000003,4.613875553051643,-74.364655,89.52436,45.75209,38.46101,33.226616,37.78637,15.28821,24.541594,-18.111004,19.43308,-2.2253199,18.155806,-7.5310707,13.023622,-1.3320025,9.985757,-11.125809,10.190675,0.967228,9.300118,-5.365846,10.445139,0.7510489,11.450344,call_9bb847dfc83e,human,val
2.3200000000000003,6.3137703369514995,-53.489677,107.73448,61.72068,36.43858,14.459359,28.378805,37.768383,29.536398,8.171959,20.29363,13.334926,18.106651,-0.89057624,13.862672,7.392576,12.438859,-9.130586,11.823794,2.7453256,11.06903,-1.9896494,10.451588,-3.9736376,9.631197,call_9c2dbbd1fe2e_orig,synthetic,train
2.3200000000000003,6.3137703369514995,-27.51762,71.22014,57.957138,27.536146,21.575928,30.538189,28.446371,18.889122,4.771932,20.044027,1.0135983,16.429794,-3.9192386,12.160624,-3.2493677,11.38066,-8.579237,10.184745,1.0794803,8.825851,-8.656578,10.273015,-0.8345815,7.378866,call_9c2dbbd1fe2e_agudo,synthetic,train
2.3200000000000003,6.3137703369514995,-47.955185,66.3731,73.39612,29.659346,-4.305546,19.089174,42.72087,29.357569,1.937244,14.218267,24.227978,13.609424,-3.0395617,14.439542,14.258951,11.719724,-2.664003,10.437583,0.429057,9.382536,-2.0211658,10.606334,4.0251307,9.23212,call_9c2dbbd1fe2e_grave,synthetic,train
2.3200000000000003,6.3137703369514995,-51.430824,81.10558,57.81433,33.53359,15.328245,24.907978,35.734627,27.74082,8.594362,18.523329,12.263636,17.00128,-0.33332694,13.449057,6.710075,12.021386,-7.98066,11.386368,2.1720679,10.3103485,-1.5037524,9.805611,-3.752811,9.08007,call_9c2dbbd1fe2e_ruido,synthetic,train
3.9200000000000017,4.296010194550572,-78.405426,90.677666,46.227116,29.297302,29.958076,21.147593,39.397816,20.856638,-4.3751616,13.281489,4.4130735,12.904526,-6.995903,14.259487,3.9181361,10.684135,-9.957447,10.546898,-0.2858762,9.421143,-4.465586,7.1970677,-4.5927944,8.925144,call_9dc1a304389f_orig,synthetic,train
3.9200000000000017,4.296010194550572,-60.37691,69.874374,46.003162,21.973614,39.158356,21.566008,21.614567,17.06111,-11.502653,12.935317,-3.409354,11.646346,-5.948674,12.463138,-4.3913903,9.561655,-9.587893,9.422996,0.95873636,8.212691,-7.1016054,9.950383,1.7315607,6.105664,call_9dc1a304389f_agudo,synthetic,train
3.9200000000000017,4.296010194550572,-74.74459,64.50576,57.120483,26.47606,9.016296,16.324083,55.85904,18.246708,-3.6838543,12.354933,16.268145,9.683331,-10.051864,11.33428,9.712487,12.571312,-5.4689527,8.2178755,-1.3227371,9.124975,-3.7743182,8.058205,1.0216886,5.6644845,call_9dc1a304389f_grave,synthetic,train
3.9200000000000017,4.296010194550572,-77.18597,72.15108,43.83065,27.550192,29.047865,19.294064,37.350784,20.548996,-3.252849,12.63244,3.7999828,12.208775,-6.2893686,13.74073,3.113474,10.182428,-8.883154,10.113227,-0.759249,8.957417,-3.772132,6.8929973,-4.467205,8.561086,call_9dc1a304389f_ruido,synthetic,train
1.6600000000000037,2.417707785796291,-62.545025,154.6541,75.803314,50.40705,-15.251308,33.598995,8.029607,33.715218,-4.581876,20.623514,7.8917117,18.83331,2.5008225,15.224835,-4.543763,11.219178,2.0209231,9.777243,-9.10417,10.307643,-2.3706656,8.2122965,-5.9122224,8.150559,call_9f11e2c5441c,human,val
2.4499999999999993,3.449438215130111,-109.003,133.73749,77.86596,43.858173,4.407114,31.758703,8.9713545,22.886518,12.372997,18.495394,1.2547829,13.423048,4.4085855,12.744363,0.5074709,10.136008,-4.1545935,9.190216,-1.6275046,8.279557,-5.95082,7.736799,-5.4955606,7.4154305,call_a0fbbe7bfec4_orig,human,train
2.4499999999999993,3.449438215130111,-73.727684,119.736496,81.07614,34.854195,0.31099993,33.249447,15.7709,19.20645,8.843399,19.232706,0.9439851,13.493116,2.2587273,11.338803,-7.120113,10.572673,-4.2689075,9.572686,-4.4419193,8.253064,-2.8435092,8.141664,2.4149303,9.184554,call_a0fbbe7bfec4_agudo,human,train
2.4499999999999993,3.449438215130111,-79.87796,115.316185,79.5013,41.27819,12.567953,28.572773,5.131995,24.732744,17.893822,16.701147,3.40379,13.948668,5.9564676,12.217847,4.3126135,9.423523,2.034484,10.073613,-2.365951,7.9485226,2.286389,7.841736,-5.0104437,7.7870526,call_a0fbbe7bfec4_grave,human,train
2.4499999999999993,3.449438215130111,-102.10521,92.22604,64.76987,43.164024,4.6137505,26.689096,6.613365,20.752165,9.965094,16.009413,1.8059466,12.113044,3.7060664,11.523725,0.21889795,8.749908,-2.678768,8.384993,-1.9694581,7.325924,-5.127117,7.145032,-4.8842697,6.8355913,call_a0fbbe7bfec4_ruido,human,train
1.5599999999999952,3.4677080770962356,-117.28542,119.92209,98.425255,43.361042,16.016146,30.159601,24.980396,34.268627,10.296251,20.379246,9.350725,19.633238,1.5737755,17.24331,-3.8522463,12.597196,4.0585566,11.718138,-11.248228,11.749185,0.3803913,9.498856,-9.870413,9.276085,call_a2aa58c1750b_orig,human,train
1.5599999999999952,3.4677080770962356,-85.655106,101.5392,100.94309,34.48909,11.54221,28.70005,28.452911,32.500168,4.119234,18.902933,4.8532963,18.026964,-14.239038,15.711276,0.23870856,11.710165,-12.288448,10.342604,-7.1617355,9.238881,-5.038315,8.72346,-3.7049437,9.813984,call_a2aa58c1750b_agudo,human,train
1.5599999999999952,3.4677080770962356,-99.87669,94.9852,102.33415,38.295612,12.487048,32.559708,20.08849,28.033255,19.069996,23.525866,11.868186,15.986964,12.532078,12.95885,-5.1947155,14.566211,5.2713356,11.853703,2.011168,9.41113,-6.592129,9.808583,4.703309,9.501516,call_a2aa58c1750b_grave,human,train
1.5599999999999952,3.4677080770962356,-104.406166,81.48305,85.19522,40.51405,17.467854,23.895178,21.149136,29.077963,10.729721,17.37912,7.6164827,16.267004,2.1212661,15.463818,-2.6338716,11.532521,2.6287916,10.388703,-8.6708355,10.782426,-0.6593356,8.27373,-7.993526,8.390292,call_a2aa58c1750b_ruido,human,train
2.0799999999999983,1.2704814769964177,-56.82885,58.148087,63.155014,25.759201,7.915887,22.166359,24.220654,22.801418,-2.2868567,14.640342,-1.1376004,14.393593,-13.285152,13.702389,1.3509343,13.196744,-9.953661,11.724235,-1.8325343,10.871797,-2.2202177,8.906901,-3.136229,10.431187,call_a381913d938c_orig,synthetic,train
2.0799999999999983,1.2704814769964177,-39.474243,51.22936,54.519325,20.838728,12.490984,22.620329,14.352011,18.148588,-7.005838,15.989848,-8.964586,12.427956,-9.222202,12.640651,-3.58188,11.936681,-8.794844,11.519984,2.950239,9.999459,-6.606733,9.907303,1.6953578,7.8633924,call_a381913d938c_agudo,synthetic,train
2.0799999999999983,1.2704814769964177,-61.899982,51.667797,75.84146,23.906235,-7.2514935,18.265903,37.580723,19.755518,-3.687621,13.929148,16.586445,11.571299,-15.472765,14.418898,5.806919,10.900804,-7.301815,10.661712,-2.706559,10.621105,-5.5068307,8.150973,2.1145463,7.3196845,call_a381913d938c_grave,synthetic,train
2.0799999999999983,1.2704814769964177,-55.713356,56.021027,61.448364,24.735613,9.446789,21.458405,23.21606,22.40816,-1.5686913,14.342177,-1.6934538,14.110228,-12.439302,13.480017,0.690809,12.910486,-9.283333,11.452579,-2.0042248,10.427325,-1.9744587,8.772085,-3.0815942,10.150362,call_a381913d938c_ruido,synthetic,train
2.1000000000000014,1.4359539116432798,-42.97283,87.87336,49.988426,42.330612,19.59105,33.838207,23.87085,32.619747,-2.9749422,20.057083,10.199598,18.529062,-7.6893616,13.904703,2.632918,12.650239,-12.837536,14.691009,-2.2357273,12.028294,-4.655916,11.762233,-2.8823903,11.099504,call_a3a1f51a4bf9,synthetic,val
4.3,5.160199058271652,-33.341915,57.502033,71.44508,30.854555,16.263237,24.066143,32.266094,27.517307,5.9261684,16.049606,8.391814,17.568216,1.8168342,11.748567,6.240038,9.653509,-6.0543413,11.033558,4.2706785,9.914855,-3.4369793,8.129384,-0.8641317,8.858892,call_a426226cf8b9_orig,synthetic,train
4.3,5.160199058271652,-10.488593,42.812824,68.67093,26.560709,20.086021,25.45612,28.07231,18.58385,3.4179966,18.533531,2.0363324,15.285971,1.719196,9.785807,-5.9112377,10.395956,-3.5962725,10.004897,1.100175,7.618819,-5.6898603,7.8527813,-1.0427878,7.0688543,call_a426226cf8b9_agudo,synthetic,train
4.3,5.160199058271652,-34.908657,41.444595,83.60307,25.180992,-0.35405484,18.142736,40.199627,26.358604,4.581996,12.430252,18.30387,12.487148,-4.0734215,13.2701845,15.787546,8.863324,-5.240586,9.185639,2.9730153,8.888225,-2.6473837,7.2247667,3.7619298,6.5721006,call_a426226cf8b9_grave,synthetic,train
4.3,5.160199058271652,-32.43741,52.145145,68.30078,29.121225,18.44474,22.98099,31.430042,26.726046,6.947766,15.146786,7.5676928,17.154999,2.49411,11.443605,5.880559,9.326662,-5.634527,10.7220955,3.669922,9.345506,-2.870693,7.777852,-0.8714985,8.44959,call_a426226cf8b9_ruido,synthetic,train
2.719999999999999,6.919476734309032,-71.802895,132.18141,43.406532,36.53202,-1.7720244,40.186256,-10.921904,22.109531,-1.3284909,19.287882,3.6841292,15.718379,-9.504264,14.35156,-2.8711686,9.959816,-8.930538,10.650585,-1.6604496,9.362719,-11.742285,11.678033,-1.304189,12.89532,call_a4683528fef4_orig,human,train
2.719999999999999,6.919476734309032,-41.803112,126.98517,41.89236,31.442598,-10.033776,39.36609,-16.255804,20.381165,4.494476,17.4138,-7.5111794,14.526016,-8.841085,13.393489,-7.7282343,10.766514,-2.5827029,11.317544,-8.285873,11.852339,-2.7353296,16.871096,-2.4474301,19.437258,call_a4683528fef4_agudo,human,train
2.719999999999999,6.919476734309032,-52.505287,120.44157,60.58893,37.034294,-4.570772,35.462322,2.092577,25.437557,-16.586908,19.630936,14.324001,16.586245,-13.462454,13.450349,4.743724,10.760793,-13.077818,9.610201,3.159892,8.458118,-9.17445,9.459727,-4.6809072,9.932466,call_a4683528fef4_grave,human,train
2.719999999999999,6.919476734309032,-68.74122,100.440094,37.79312,33.009083,-0.48356843,36.17894,-8.287451,20.274483,-1.399365,17.32195,2.7642121,13.824867,-8.229746,13.302434,-2.777955,9.135028,-8.1410265,10.160328,-2.073261,8.818677,-10.871273,11.230343,-1.7358506,12.510574,call_a4683528fef4_ruido,human,train
5.060000000000002,6.441884999977968,-118.425125,98.927605,63.653835,32.415077,19.219604,36.06405,30.937046,18.517187,-8.338446,19.800543,-6.3499045,18.193052,-9.415468,13.668768,-3.7351124,11.360921,-12.52501,10.50835,-1.7137583,9.636833,-13.187092,8.720722,-4.7734985,9.426087,call_a49598543013_orig,synthetic,train
5.060000000000002,6.441884999977968,-85.80481,81.64883,63.16281,24.738075,28.01246,35.334785,12.910422,14.759313,-18.085056,17.37652,-12.08853,13.831515,-7.7291718,12.221618,-12.299691,10.170921,-7.641693,10.358737,-9.708002,9.833638,-8.219671,11.640094,-7.2373857,13.354699,call_a49598543013_agudo,synthetic,train
5.060000000000002,6.441884999977968,-104.36944,77.8393,77.74251,25.893421,7.0407715,24.930117,51.174385,22.680708,-4.41477,17.327557,8.365708,17.222921,-16.444363,12.218561,8.54357,10.310645,-13.6244545,10.430516,2.5241406,9.129442,-6.826948,8.75522,-2.2995515,7.6757417,call_a49598543013_grave,synthetic,train
5.060000000000002,6.441884999977968,-111.84169,76.74134,59.56774,29.893574,21.412384,31.419594,27.926353,17.44267,-4.7492,18.177736,-6.1760693,16.83381,-8.452503,12.273123,-4.2384005,10.4675045,-11.314663,10.04673,-2.841476,9.002128,-12.13631,8.486429,-5.355605,8.903007,call_a49598543013_ruido,synthetic,train
3.960000000000001,3.156774725359203,-44.262493,70.20642,50.787476,31.55337,5.168988,32.61302,32.71835,23.852722,-3.3434567,17.721186,4.799137,20.07853,-7.121179,11.274555,3.319853,10.547613,-11.801123,11.721332,4.2026052,11.950534,-12.215867,9.722188,-0.73162186,10.982234,call_a6481017c744_orig,synthetic,train
3.960000000000001,3.156774725359203,-14.142637,50.66549,44.198273,21.938444,13.479631,33.792957,15.893763,14.299215,-8.154063,16.002192,-4.455555,15.415916,-5.7688103,13.737477,-9.1070175,11.529076,-5.9783497,11.95312,-6.5636454,8.742409,-7.969364,9.884407,-1.0262847,11.285457,call_a6481017c744_agudo,synthetic,train
3.960000000000001,3.156774725359203,-31.51119,46.707497,72.33994,26.776447,-13.923603,21.791645,49.657,25.012243,-6.917757,14.209945,20.408573,14.41837,-12.52317,13.777326,15.903572,10.769252,-10.996,11.131355,5.799362,9.100032,-1.0171537,8.37017,-2.5628676,9.176155,call_a6481017c744_grave,synthetic,train
3.960000000000001,3.156774725359203,-41.506187,60.434162,48.888058,29.05222,7.3334394,30.85184,30.620632,23.087782,-1.6388834,16.960066,3.616635,19.456293,-6.24403,10.958062,2.2213156,10.151114,-10.285288,11.320392,3.679256,11.407571,-11.237423,9.309151,-1.553839,10.615574,call_a6481017c744_ruido,synthetic,train
3.619999999999994,5.018193496889314,-90.342155,87.40074,72.17874,31.76513,26.938484,40.97213,9.667977,19.21903,-13.157634,21.371447,-0.77409637,15.442123,-7.8477716,14.824244,-3.6727405,10.107221,-9.797754,11.769058,-2.728414,10.670856,-6.8566957,10.200647,-4.8228693,10.071014,call_a71916766a4f_orig,synthetic,train
3.619999999999994,5.018193496889314,-61.22569,73.603035,72.83737,25.92672,28.324265,39.698082,-7.177678,16.633703,-15.6558,20.311115,-6.1545186,12.304656,-10.161039,14.886154,-10.264423,9.658819,-7.366694,11.659932,-5.5317426,11.478511,-7.598817,11.258603,-5.8172626,12.315635,call_a71916766a4f_agudo,synthetic,train
3.619999999999994,5.018193496889314,-76.57988,72.20602,83.82817,26.156403,20.824764,32.903713,37.314293,24.917902,-18.028976,16.481916,11.535523,17.644363,-14.302813,12.055182,9.374379,10.527791,-12.121188,8.968211,2.8719096,10.703179,-9.320635,9.469966,3.7771807,8.071986,call_a71916766a4f_grave,synthetic,train
3.619999999999994,5.018193496889314,-87.42239,75.063995,65.44328,28.705414,29.389845,37.579758,9.575722,17.80566,-10.372649,20.140028,-1.2827537,14.035253,-7.076396,13.684415,-3.7315874,9.698941,-9.605326,11.011081,-3.131382,10.163983,-6.690446,9.696959,-5.012412,9.843046,call_a71916766a4f_ruido,synthetic,train
1.5899999999999999,1.3725726048393785,-137.37769,161.79356,64.447556,43.305336,31.950344,30.78797,29.398708,23.825235,4.5333695,17.665674,5.8697414,17.930267,2.8568077,12.773016,0.39630944,9.193827,-2.9788792,11.004208,1.4827876,7.863192,-3.6444304,8.881934,-0.43388298,6.9007177,call_a766613f8c8a_orig,human,train
1.5899999999999999,1.3725726048393785,-98.68644,157.14212,72.50171,33.662865,32.462387,33.809063,22.717587,18.635263,-2.6836185,20.218994,0.92458284,15.226869,-0.38162178,11.672963,-4.5401964,10.627165,0.03696412,8.833137,-1.2149984,10.60671,-1.9709799,7.555875,1.358297,8.002361,call_a766613f8c8a_agudo,human,train
1.5899999999999999,1.3725726048393785,-111.14291,154.12668,72.592636,37.401287,25.335604,24.053307,36.046215,25.678898,10.249762,14.993933,7.445448,16.599653,2.2430146,14.162029,5.504895,9.487029,-4.928594,8.758046,-0.59367096,9.751617,0.7353326,6.905892,-2.4943361,7.0227537,call_a766613f8c8a_grave,human,train
1.5899999999999999,1.3725726048393785,-127.46718,94.89969,58.940098,41.51679,19.74217,28.238571,23.66364,22.646233,1.8390281,15.343143,1.844938,16.436039,1.6184988,11.360461,-0.51312155,8.3183775,-2.1454816,10.202537,1.0118346,7.1364255,-3.1809723,8.255374,-0.6764399,6.5417476,call_a766613f8c8a_ruido,human,train
1.2600000000000051,2.335076511150153,-136.16695,128.04878,48.360332,41.48321,21.872086,28.181704,15.758669,34.834366,1.8425637,19.472847,7.072159,16.94259,0.04123549,16.975718,-3.7907777,10.816707,-2.2531176,11.474672,-4.3594337,10.075386,-1.3894604,9.447725,-4.2099714,10.288413,call_a7c95e99f3b6,human,val
2.4300000000000033,2.1489005182883645,-136.98,99.813675,81.162895,34.24767,27.632679,34.160126,15.093799,18.996187,-0.78606474,18.488333,1.6648617,15.877792,3.1018238,11.825507,2.643355,12.901143,-1.0259808,9.823121,0.39386597,10.64904,-1.4950602,10.114851,1.2203883,9.751644,call_a7df1d46e72b_orig,synthetic,train
2.4300000000000033,2.1489005182883645,-96.93507,82.00548,91.89261,29.312943,24.17752,33.295776,7.401224,15.237976,-3.9209614,17.471725,2.648625,12.710338,2.3798134,14.372097,-1.4093015,9.832164,-0.48833883,10.837875,-0.32098013,10.511412,0.18597382,9.206208,-2.011743,10.247302,call_a7df1d46e72b_agudo,synthetic,train
2.4300000000000033,2.1489005182883645,-118.74143,77.387665,90.36684,30.05988,20.9535,27.63032,32.723427,20.069584,-7.7520227,14.6909685,9.36204,16.158821,-8.788746,12.14449,11.860012,9.434626,-7.452387,9.873058,7.64218,8.928616,-8.476286,9.38049,6.2605085,7.4164953,call_a7df1d46e72b_grave,synthetic,train
2.4300000000000033,2.1489005182883645,-123.062,76.682335,67.64807,31.236511,28.512257,28.320328,14.7445545,16.454916,1.261416,15.6071,2.0722303,14.234927,2.7403412,9.993717,2.2264762,10.931281,-0.043729782,8.595057,0.16888249,9.464628,-0.80368173,8.385663,0.6513915,8.759603,call_a7df1d46e72b_ruido,synthetic,train
2.66,3.168247061073363,-57.04378,59.282913,56.534573,30.980215,11.240767,29.114471,25.722683,22.77511,-3.5650392,16.659525,15.133583,18.388021,-5.297587,11.268692,6.8324175,10.7483015,-9.046317,10.9934,2.6993098,10.189627,-8.168664,10.135213,-0.49339166,8.686161,call_a7ea289a43fd_orig,synthetic,train
2.66,3.168247061073363,-30.551037,46.803722,48.01118,25.075844,21.643457,31.748419,14.567005,15.443867,-4.7442093,17.099613,3.307311,14.461186,-6.3057637,12.919835,-5.5348783,10.889841,-8.837943,9.530376,-5.0423603,8.843641,-7.7177334,9.50207,-1.4521768,8.900294,call_a7ea289a43fd_agudo,synthetic,train
2.66,3.168247061073363,-49.52972,44.61498,72.84682,26.394056,-7.1581063,21.429165,48.442856,26.302286,-10.838686,13.660613,23.371906,13.932175,-6.6344666,13.735634,14.355368,10.520637,-5.080592,10.374682,4.4898424,8.183773,-1.3540466,8.28973,-1.3253663,8.848922,call_a7ea289a43fd_grave,synthetic,train
2.66,3.168247061073363,-52.675167,54.455215,52.88224,27.248308,14.901759,27.055048,24.421951,22.164534,-1.3279378,16.059034,13.335503,17.631495,-3.8539948,11.229146,5.6352425,10.409054,-7.7706366,10.582782,1.5129566,9.786368,-7.5259285,9.615442,-1.1644135,8.461407,call_a7ea289a43fd_ruido,synthetic,train
2.5999999999999943,2.701864536263489,-47.69438,101.43597,67.65068,40.889614,15.96565,36.860386,31.69728,28.90683,-11.417505,20.332924,18.590384,20.935665,-18.258804,14.417931,6.4530563,13.8637,-14.57173,11.008306,0.83793247,10.068426,-4.23654,10.425431,-1.4978904,8.806081,call_a8ca5b456ce4_orig,synthetic,train
2.5999999999999943,2.701864536263489,-17.531052,65.74452,59.81552,29.500032,21.580671,38.71823,10.72822,18.417738,-6.468351,21.591406,-0.33759242,14.246398,-13.999826,15.30306,0.7905047,12.816112,-11.540059,9.56359,5.7219024,10.223047,-6.988716,7.905467,6.195895,8.327076,call_a8ca5b456ce4_agudo,synthetic,train
2.5999999999999943,2.701864536263489,-47.21103,60.879547,89.221695,33.554764,-3.9045694,24.967928,52.097744,29.401194,-19.17678,13.592792,26.230858,17.589527,-11.107375,15.352605,4.1819673,10.30456,-2.4105246,10.724606,-7.097015,9.835276,-1.1884286,8.631018,-2.9732666,9.117522,call_a8ca5b456ce4_grave,synthetic,train
2.5999999999999943,2.701864536263489,-45.091824,79.26515,64.33609,37.161366,17.017517,34.5159,29.975273,27.815105,-9.404776,19.519674,16.396938,20.325512,-16.339352,13.840567,4.5248976,13.499004,-12.751025,10.556891,-0.0010802299,9.733391,-3.3242788,10.0836115,-2.1926458,8.347567,call_a8ca5b456ce4_ruido,synthetic,train
2.6199999999999974,6.891156153802835,-60.20308,66.20899,69.201065,23.777473,43.23534,24.478266,58.38479,18.698036,-12.1670265,17.33974,11.035003,21.272287,-26.436996,13.264983,-1.332239,10.420465,-20.931057,9.668102,-2.7386866,9.680644,-4.6332693,9.226239,-1.7210072,8.664883,call_a9d29125d786_orig,synthetic,train
2.6199999999999974,6.891156153802835,-35.607513,52.968155,66.56224,18.422205,63.515785,27.17415,27.053585,12.409299,-17.102386,16.459393,-12.771061,16.971504,-28.793972,10.152001,-7.29103,11.340044,-14.106768,10.180132,6.377852,8.581862,-7.006095,7.402262,6.083664,7.251578,call_a9d29125d786_agudo,synthetic,train
2.6199999999999974,6.891156153802835,-58.96575,49.557167,78.97966,21.125532,22.252937,15.303272,83.26637,20.37884,-2.7171257,14.233115,25.791265,13.8935585,-10.402788,13.680113,-2.817972,10.134897,-6.324049,9.903884,-16.400784,7.873254,-2.5381973,6.7889333,-7.8924427,8.718708,call_a9d29125d786_grave,synthetic,train
2.6199999999999974,6.891156153802835,-57.686333,57.32476,67.48544,22.852436,44.42689,23.219097,55.529755,18.61158,-9.947403,16.786112,8.865512,20.698051,-24.93558,13.220492,-2.506026,10.098994,-19.357418,9.483924,-3.6350522,9.280293,-3.7379525,8.933998,-2.3960671,8.2832775,call_a9d29125d786_ruido,synthetic,train
3.3400000000000034,4.011289604436138,-135.45428,109.74776,90.572365,44.325085,22.91967,35.7856,-1.8122712,19.932669,1.3312589,18.786522,-8.141804,14.814177,-4.8259215,13.876812,-5.6818104,10.378581,-8.201048,9.948943,-3.7903876,9.883083,-7.3432155,10.472722,-2.4545453,10.373639,call_abf730747901,human,val
8.999999999999998,8.98522824031823,-22.102127,101.330666,25.019451,37.93716,16.462885,36.407574,8.618433,21.806885,-6.4900866,22.747976,-2.8499932,17.538372,-6.3536286,16.457062,3.447236,12.712671,-10.910742,14.721723,2.6757216,13.562158,-10.214682,14.812252,-1.45574,16.044739,call_ac80248cae29_orig,synthetic,train
8.999999999999998,8.98522824031823,1.1609933,70.02289,30.352291,28.513449,21.14024,34.172134,-2.4617505,15.418548,-7.0412025,20.030167,-7.9574885,16.334059,4.544243,15.547994,-4.94808,12.814878,-1.4493469,12.116862,-1.9637508,15.236434,-1.6981575,16.332464,2.5873485,16.318052,call_ac80248cae29_agudo,synthetic,train
8.999999999999998,8.98522824031823,-11.721004,62.215183,46.013996,29.297039,-1.8011804,25.086843,37.70755,25.690136,-20.733727,15.916118,15.081608,15.806921,-27.025541,11.785184,18.105026,10.986022,-17.086248,10.51451,9.074892,11.836248,-12.073124,11.330097,2.500872,11.715479,call_ac80248cae29_grave,synthetic,train
8.999999999999998,8.98522824031823,-21.697756,81.87894,24.155397,34.078392,15.113444,34.331753,8.370671,20.999376,-5.813334,21.995073,-2.5499532,16.670881,-6.2678804,15.503814,3.1672044,12.241517,-10.268694,14.559691,2.365663,13.227359,-9.802432,14.521012,-1.4388412,15.872368,call_ac80248cae29_ruido,synthetic,train
1.580000000000001,2.4104133947445647,-119.110344,109.626465,73.8008,46.116894,37.37583,22.606905,34.762703,26.5011,4.803625,16.89314,10.68549,14.196938,-1.599243,13.232323,-2.1117055,9.082406,-4.0471087,8.588196,-0.5842257,8.985878,-2.8337076,6.9614086,-1.5999253,8.59819,call_acda78859d0d_orig,human,train
1.580000000000001,2.4104133947445647,-88.530685,87.74508,81.41576,38.523796,44.618053,30.744106,24.71119,19.623983,0.58365667,15.934091,6.1468534,16.150135,-10.032728,10.698693,-1.8521972,10.101613,-3.387354,8.674741,-0.3323032,7.234046,-0.84716284,9.363654,5.352512,7.0418773,call_acda78859d0d_agudo,human,train
1.580000000000001,2.4104133947445647,-102.41965,81.59406,68.17316,41.505157,33.36038,17.196209,35.399773,28.015015,11.470535,14.980635,8.243834,12.497212,11.78516,12.962033,-4.797532,11.440453,2.6513398,9.102728,-6.438737,7.669428,4.7291946,11.125941,-7.4303465,8.284635,call_acda78859d0d_grave,human,train
1.580000000000001,2.4104133947445647,-113.66562,82.72651,65.88524,42.137863,34.62607,21.143425,30.508724,24.965738,5.1033173,15.362937,9.971474,13.204993,-0.9910301,12.306696,-1.88797,8.313753,-3.246982,8.053931,-0.7490904,8.28999,-2.5237741,6.574505,-1.3475453,8.236115,call_acda78859d0d_ruido,human,train
3.520000000000003,4.551274107324234,-31.255457,63.371147,72.8781,26.972307,13.420723,23.897205,38.33661,25.504759,8.260385,17.28158,0.20226936,15.916505,2.5088544,13.264672,8.476864,9.378467,-8.374798,10.630516,5.008195,10.04254,-4.0817995,7.8977404,-1.1854397,9.302428,call_ad8e23b11d98_orig,synthetic,train
3.520000000000003,4.551274107324234,-4.866806,46.755318,71.48144,22.067852,17.993328,28.005136,33.330254,15.660302,-2.454596,15.067731,-1.9537623,14.752959,6.880906,10.44521,-7.4289064,10.364867,-4.951739,8.885249,0.0065021217,8.317165,-6.932534,8.706814,0.9636282,6.295513,call_ad8e23b11d98_agudo,synthetic,train
3.520000000000003,4.551274107324234,-26.506382,44.10832,82.57474,24.424849,-5.422903,15.846278,46.592224,26.318499,9.439034,11.852062,13.99791,11.669066,-8.31629,13.133817,18.41018,11.575804,-4.8800383,8.699241,2.2617245,8.50863,-0.18907467,8.538334,2.2644205,7.243251,call_ad8e23b11d98_grave,synthetic,train
3.520000000000003,4.551274107324234,-28.49892,57.286533,69.91351,25.956312,15.295323,22.611032,36.980156,24.61843,8.738167,16.055443,0.159381,15.665734,3.007887,12.912373,8.158544,8.894999,-7.2153854,10.091646,4.011454,9.442269,-2.7700362,7.5254097,-1.6649065,9.051009,call_ad8e23b11d98_ruido,synthetic,train
2.299999999999997,1.2921547894892478,9.727304,62.38022,65.94791,34.477207,16.568142,28.940105,21.868507,30.68703,-3.012457,18.809944,10.8089905,17.588152,-14.509938,12.649707,2.687708,11.43075,-9.167734,9.932416,2.7592063,7.039473,-4.7988234,8.2314825,-1.1747901,6.883911,call_adf30039caa2_orig,synthetic,train
2.299999999999997,1.2921547894892478,31.663761,45.533466,60.176277,29.068188,17.596777,31.607513,13.463797,19.75802,-0.23700215,19.548923,-5.8005943,14.088508,-12.595989,11.339892,1.0119666,12.807338,-5.3122272,7.167282,0.9974223,7.6913843,-5.9476943,6.5189285,3.4592276,6.515274,call_adf30039caa2_agudo,synthetic,train
2.299999999999997,1.2921547894892478,9.191498,42.328167,79.07185,28.996264,-2.4343758,23.29119,37.534084,30.880165,-9.597953,11.369728,25.939634,13.874441,-11.237716,12.806105,3.245914,10.262832,-6.72252,9.247919,-0.49401835,7.848582,-2.4144373,6.0987024,0.30675596,6.87843,call_adf30039caa2_grave,synthetic,train
2.299999999999997,1.2921547894892478,10.282351,57.71826,64.26559,34.068752,16.8086,27.944841,21.0537,30.258331,-2.3376641,18.376547,10.510515,17.526545,-13.9296665,12.206534,2.1614656,10.9974785,-8.762417,9.82349,2.3690653,7.031216,-4.4316263,8.10452,-1.5943341,6.772891,call_adf30039caa2_ruido,synthetic,train
3.259999999999991,2.8432637501354785,-48.639145,112.1194,66.722626,33.58726,17.64953,30.274784,31.11917,28.901855,7.5048256,21.60089,7.8616266,19.785952,-3.5723085,16.155823,7.217577,13.238451,-8.4451065,12.130273,2.9132822,10.547137,-4.2938814,9.728146,-2.579285,9.618304,call_aed9b45d6c31_orig,synthetic,train
3.259999999999991,2.8432637501354785,-22.245602,72.58367,64.62972,21.868994,21.870754,30.171997,26.529003,18.179249,4.0319834,20.723124,-4.5373783,17.886723,-1.3316537,15.729438,-3.9913378,10.701189,-6.6315203,10.209543,0.11620852,10.694526,-6.3076982,9.41096,0.67319655,7.6197286,call_aed9b45d6c31_agudo,synthetic,train
3.259999999999991,2.8432637501354785,-42.234585,67.56161,74.37128,25.721756,1.4877479,20.339237,41.225266,27.899633,4.463646,14.172352,22.798275,15.16138,-9.466122,16.354984,13.331404,13.135078,-5.934831,10.178415,2.8956409,11.283545,-2.1052356,9.377157,2.1919444,8.063212,call_aed9b45d6c31_grave,synthetic,train
3.259999999999991,2.8432637501354785,-47.12024,84.76507,63.677658,31.212917,17.966055,27.444658,28.930729,27.388592,8.506706,19.833017,7.2284837,18.985537,-2.9307308,15.26533,6.1079683,12.788567,-7.6085377,11.441915,2.0733418,9.943454,-3.6625662,9.298489,-2.6229267,9.184583,call_aed9b45d6c31_ruido,synthetic,train
4.890000000000001,4.972735386306235,-67.7196,117.30797,43.645367,38.742496,21.493877,34.315872,34.716232,29.093563,-5.7642345,20.440577,7.9257126,18.750114,-8.999909,13.763298,6.05485,13.0420265,-11.038398,14.300857,-0.17824435,11.88426,-3.21003,11.790362,-3.3724918,9.30857,call_af9ad367dcce,synthetic,val
3.739999999999995,4.811218623176463,-7.8066254,91.12417,25.650776,29.494297,22.114706,38.254177,14.774456,20.302101,-2.739541,21.698969,-6.1673837,19.00957,-7.1860223,13.614598,4.621106,12.855988,-13.357668,12.189883,1.1488006,12.946422,-10.093548,15.266238,-0.6664803,14.786596,call_b0836ff3142a_orig,synthetic,train
3.739999999999995,4.811218623176463,13.240299,60.941242,30.539333,20.82904,26.466969,35.739864,3.5220284,15.256146,-7.1007085,19.44875,-10.049206,14.767676,4.5255337,14.656089,-7.599178,13.599623,-4.8861723,14.028972,-3.0144122,15.2834835,-2.4014268,14.15025,1.1741467,16.351559,call_b0836ff3142a_agudo,synthetic,train
3.739999999999995,4.811218623176463,4.141657,57.63685,43.231796,22.35416,1.609976,26.379015,42.43275,23.66783,-15.506682,16.091375,16.330433,16.780487,-27.556892,10.566088,19.025696,10.000526,-16.911045,11.2785425,6.8782415,9.30652,-11.5907,11.08679,2.275825,11.766624,call_b0836ff3142a_grave,synthetic,train
3.739999999999995,4.811218623176463,-7.3685446,75.497345,25.001959,28.776222,22.151686,36.931686,14.4267645,19.681564,-1.8079693,21.177153,-5.67999,18.612225,-6.8002195,13.493665,4.5711074,12.689789,-13.009324,12.064619,0.8141279,12.798908,-9.773133,15.141002,-0.53036344,14.66842,call_b0836ff3142a_ruido,synthetic,train
2.189999999999994,3.657562576361485,-80.448,112.87239,36.575424,32.72504,13.22908,39.404625,10.954523,18.274887,-3.0996442,21.774961,-16.752274,15.968315,-10.285525,13.131085,-2.2675886,12.930237,-3.3017359,9.941027,8.518219,10.355415,-0.6861768,8.091636,7.897712,8.140604,call_b167dd907a80_orig,synthetic,train
2.189999999999994,3.657562576361485,-61.111946,87.77998,40.161995,27.475864,13.522067,37.7046,-1.280901,12.648488,-16.585308,20.814491,-20.733013,12.854543,0.9915148,15.572064,-1.9941475,10.145138,7.884036,9.604063,1.0649289,8.231618,4.2434015,8.760064,-0.7368019,8.916928,call_b167dd907a80_agudo,synthetic,train
2.189999999999994,3.657562576361485,-68.276634,83.12002,55.117294,28.892155,2.6110651,30.43087,32.583405,23.752644,-9.812773,15.458696,7.9329147,17.548353,-31.890623,11.432576,9.773117,11.494351,-23.777908,9.915121,11.616919,8.576062,-9.1174965,9.869341,9.025887,7.629258,call_b167dd907a80_grave,synthetic,train
2.189999999999994,3.657562576361485,-78.28677,87.553604,33.73111,30.071918,12.729496,35.764362,9.491649,16.828707,-2.073314,20.113058,-15.0699415,15.835444,-9.059107,12.852785,-2.363452,12.070287,-3.1358333,9.46303,6.706002,10.034784,-0.51382214,7.461754,7.355696,7.9231343,call_b167dd907a80_ruido,synthetic,train
5.039999999999996,7.619672958861162,-25.027761,89.984505,64.44235,34.742428,13.86871,26.93019,27.085823,29.50277,-6.8361588,17.48754,10.013498,17.662132,-14.990679,13.511443,4.5837502,11.332365,-11.829051,9.894107,2.2879095,8.350347,-4.0880237,8.266975,-1.8146,8.235423,call_b2594d9c3ffd_orig,synthetic,train
5.039999999999996,7.619672958861162,1.4340281,68.49951,58.006042,27.05514,20.545628,30.087378,13.321411,17.756369,-6.75158,19.006868,-3.943647,14.647087,-12.202901,12.7002325,-1.2306247,11.069822,-8.007454,8.089707,3.4265323,8.64232,-6.618989,7.4813275,2.290783,6.9456105,call_b2594d9c3ffd_agudo,synthetic,train
5.039999999999996,7.619672958861162,-21.487064,61.820473,81.33743,29.86154,-1.6662415,19.266731,48.048084,28.721405,-11.9248495,11.238407,22.081673,13.191805,-10.738995,14.330033,5.275164,10.178093,-5.005948,8.803819,-2.876578,9.165596,-2.0238276,7.089124,0.35257483,6.782411,call_b2594d9c3ffd_grave,synthetic,train
5.039999999999996,7.619672958861162,-24.339207,71.06084,61.28948,34.966164,14.373527,25.829964,25.860477,29.001434,-5.140525,16.90303,9.300417,17.394974,-13.843868,12.955973,3.4213164,11.020207,-10.888699,9.687981,1.6259274,8.146389,-3.3872418,8.039222,-2.1080422,8.127895,call_b2594d9c3ffd_ruido,synthetic,train
3.030000000000001,5.66333161663698,-74.59125,96.705444,94.0022,43.219616,7.05719,26.204628,24.692286,24.709185,15.249954,15.568671,20.415104,13.226787,-0.6644543,13.234715,3.5235221,13.328986,0.8541698,9.417894,-7.175309,10.070896,-1.5932639,7.3729424,-5.724314,8.571155,call_b382ffa5187d_orig,human,train
3.030000000000001,5.66333161663698,-45.15832,87.81802,96.11896,39.723446,5.2851143,28.760202,27.916348,19.871664,18.601944,16.243,9.97954,13.056948,-8.915058,12.799687,2.7834983,9.743062,-10.605088,10.8369465,-1.133206,7.908406,-5.4218884,8.960083,-0.88695043,7.1526046,call_b382ffa5187d_agudo,human,train
3.030000000000001,5.66333161663698,-62.43753,80.037186,97.96713,39.812454,6.8452425,20.53019,17.273466,24.278116,13.671314,16.62894,22.919674,11.347563,11.964196,14.284194,0.07618481,11.870904,8.670212,10.969089,-0.4743364,8.440726,-0.78688616,8.850398,0.166522,7.390254,call_b382ffa5187d_grave,human,train
3.030000000000001,5.66333161663698,-72.87542,80.49484,89.75417,41.745296,8.101553,23.773506,23.144768,23.765741,16.48001,14.670705,18.800556,12.816273,-0.083161004,12.749936,3.2923431,12.519833,0.47857332,8.771348,-6.476987,9.37236,-1.2366083,6.8094516,-5.3358917,8.146209,call_b382ffa5187d_ruido,human,train
3.4399999999999977,5.976134164788768,-30.424082,58.059654,29.409615,32.06013,25.907774,38.183887,9.770528,19.854708,6.555545,22.918053,-6.3202453,16.7515,-4.3288603,13.015373,0.5048177,13.015971,-7.5983973,11.537211,0.6278951,13.408293,-8.137512,13.640488,-1.4398576,15.750514,call_b3f14bd5c2b6_orig,synthetic,train
3.4399999999999977,5.976134164788768,-6.831272,48.11397,40.666126,23.967253,26.060242,35.18823,2.2358742,13.257742,-1.7299575,20.692345,-10.63385,14.348618,2.7195082,14.226987,-5.556317,12.516047,-0.025139507,12.942195,-4.381645,13.942272,-1.80574,14.663099,-3.0807714,15.31043,call_b3f14bd5c2b6_agudo,synthetic,train
3.4399999999999977,5.976134164788768,-16.897404,43.871147,48.281326,26.774128,8.608986,27.768627,32.255096,23.868753,-9.292756,15.962818,17.031326,15.956877,-24.44498,10.95987,17.645823,10.619967,-18.981596,9.802996,11.798288,8.587958,-13.300298,10.775333,7.3333406,9.229433,call_b3f14bd5c2b6_grave,synthetic,train
3.4399999999999977,5.976134164788768,-29.9193,55.70302,29.016216,31.225332,25.846947,37.229767,9.641022,19.37462,7.003065,22.412138,-6.171386,16.513779,-4.1550436,12.861043,0.40676063,12.9379,-7.5797896,11.404179,0.5354241,13.3257265,-8.289837,13.556933,-1.4009753,15.688076,call_b3f14bd5c2b6_ruido,synthetic,train
0.7999999999999972,5.178262524067905,-202.71855,102.29884,80.10515,34.677296,11.495282,43.900116,9.532036,24.434782,8.534353,17.234163,-1.365838,15.097684,9.870796,16.857935,0.83009225,11.077273,1.3069112,10.545959,1.8663274,8.739552,-1.2554557,9.182912,0.25860053,9.529174,call_b41c86402714_orig,human,train
0.7999999999999972,5.178262524067905,-176.7033,102.092964,84.34833,29.978048,9.413235,37.143883,15.784187,32.356625,4.800733,15.983864,5.5745645,15.68407,8.747898,15.470612,-2.6370745,10.62019,2.6899185,11.036904,-0.69555306,10.213919,0.914124,10.286086,1.1590607,11.132392,call_b41c86402714_agudo,human,train
0.7999999999999972,5.178262524067905,-183.89603,101.61453,73.67077,34.017513,17.867447,39.036617,6.087595,18.104038,13.31434,25.064293,-2.7205136,21.605127,3.486313,14.96784,6.400508,9.423908,-0.9625931,11.716095,3.1436954,8.831104,1.4228616,10.03112,-0.098309994,7.7644486,call_b41c86402714_grave,human,train
0.7999999999999972,5.178262524067905,-169.96242,68.66224,45.735794,32.793423,15.980448,31.49121,7.159909,18.52634,6.778027,13.56083,1.7978785,11.599446,5.898791,12.297368,2.5164766,9.751736,1.2366025,8.963349,1.3687329,7.5791864,-0.040781014,8.40939,0.59981805,8.692204,call_b41c86402714_ruido,human,train
11.499999999999996,14.160648621717687,-88.01828,87.1601,42.901398,29.602154,32.88027,22.209831,40.119743,20.329592,-3.9342947,13.364838,3.7279625,12.890787,-5.2816114,15.938665,3.5929172,10.958802,-10.184521,11.105596,-0.4389534,9.803643,-4.891238,7.7881255,-4.305313,7.665273,call_b5840ec7dd5e_orig,synthetic,train
11.499999999999996,14.160648621717687,-72.56126,65.468254,45.74547,21.419584,40.07524,23.26445,22.791954,15.24745,-11.334751,13.772709,-3.358773,12.873644,-6.05669,13.023327,-5.0759077,10.366132,-8.949949,9.380132,-0.07179806,8.757728,-6.870985,8.60644,0.9459162,6.7107267,call_b5840ec7dd5e_agudo,synthetic,train
11.499999999999996,14.160648621717687,-82.48446,58.9493,56.891014,28.250246,12.641472,16.922207,57.02568,18.41073,-2.6681352,10.883575,16.382923,10.121625,-9.438959,12.81186,9.861437,13.186137,-6.2630596,8.458398,-1.0620027,10.046493,-3.9667823,8.870903,1.2865897,6.5127954,call_b5840ec7dd5e_grave,synthetic,train
11.499999999999996,14.160648621717687,-86.27037,67.973335,41.578156,28.43971,31.782162,20.366339,36.94609,20.13877,-2.6900275,12.701149,3.6241984,12.301075,-4.703791,15.441615,2.7999992,10.290281,-8.992973,10.620116,-0.86655164,9.4932575,-4.2445197,7.528454,-4.319192,7.288727,call_b5840ec7dd5e_ruido,synthetic,train
1.5999999999999979,2.5377194160723806,-58.583675,74.92128,52.468178,36.58621,29.741186,25.171068,37.30567,26.334227,21.14201,16.091465,3.83181,14.893089,2.1779518,11.951632,7.252676,11.702929,-8.965122,8.571651,0.3583293,8.287064,-6.039215,7.530012,-5.964361,6.982832,call_b5c4803ea37c_orig,human,train
1.5999999999999979,2.5377194160723806,-36.161667,51.935238,58.996452,30.057358,33.60595,28.859116,34.67678,19.797462,12.591993,15.224931,-4.1774263,12.611947,4.127867,13.471377,-9.074208,7.345544,-8.54269,8.5713415,-4.0011945,7.371181,-11.0501995,8.241154,-4.256531,7.72235,call_b5c4803ea37c_agudo,human,train
1.5999999999999979,2.5377194160723806,-46.605064,47.3,56.063114,32.694386,18.22184,17.940962,38.016434,26.928205,16.948317,15.878359,23.147753,11.335222,-4.0228767,9.928918,21.431568,10.915177,-2.465764,9.167721,2.8126788,6.950514,-0.8596706,7.2667537,3.330746,7.9493666,call_b5c4803ea37c_grave,human,train
1.5999999999999979,2.5377194160723806,-56.177235,64.092606,51.209484,35.218983,28.693829,22.878397,36.345505,25.242056,20.67651,15.3658,4.0156546,14.190189,2.7563658,11.419011,6.65977,11.443123,-8.42262,8.338815,-0.45533213,8.104656,-5.951399,7.2960496,-5.9831085,6.7804103,call_b5c4803ea37c_ruido,human,train
1.3399999999999999,1.8661436600647863,-88.314575,142.07732,81.150986,46.61612,-1.6904931,39.84598,12.196957,21.32,0.4823555,18.289625,2.2832534,15.177071,-3.947146,12.689909,0.23160656,9.979191,-7.6286316,8.796141,-3.1788125,7.991926,-5.197966,7.731947,-2.1679816,7.712937,call_b5cc1f8d8fee,human,val
2.039999999999992,5.048357451762007,-75.96892,133.96242,74.172424,43.494457,-2.8097925,39.956703,7.5466413,21.404848,-2.665763,20.074446,8.0084505,15.706231,-8.856859,11.88638,-1.9476382,10.884737,-9.724643,8.572589,-2.753547,8.346904,-8.022756,8.524854,-4.615124,8.809866,call_b658b1155216,human,val
2.9000000000000057,2.161306600698343,-50.11983,59.242058,59.78815,28.738468,6.2494063,26.459646,29.411434,25.741413,-3.9833906,16.359528,2.92627,15.016899,-13.231346,12.03272,3.3139014,13.005837,-9.031603,11.59755,-1.1506275,11.38626,-2.369647,10.571295,-2.9754143,10.445083,call_b712f501aeb8,synthetic,val
4.169999999999999,3.2053030039200294,-53.635956,107.77675,64.93414,38.147015,17.70381,30.709534,34.391808,26.263203,5.6232686,20.573763,11.852622,18.307327,0.5289668,15.054884,8.522906,11.694068,-6.4446383,11.338103,3.0171921,10.170467,-2.0237327,9.6427965,-1.9313,8.666102,call_b72eccd91b8c_orig,synthetic,train
4.169999999999999,3.2053030039200294,-26.397148,81.07954,63.938435,24.399311,26.202007,30.428589,25.801527,17.238276,6.005951,19.819042,3.7340598,18.194279,-0.65393746,11.571576,-1.4697621,10.514244,-6.601164,9.341113,0.58194506,9.096978,-6.959461,8.903615,-0.79233277,7.6363416,call_b72eccd91b8c_agudo,synthetic,train
4.169999999999999,3.2053030039200294,-48.021748,77.31874,75.99695,30.521563,1.445986,20.665495,45.225723,25.10106,1.5654882,15.229927,22.995533,14.182342,-3.9286277,14.27248,14.787782,10.808251,-1.9975233,9.974919,2.5329378,10.910226,-1.2152352,9.094512,3.7398503,7.761567,call_b72eccd91b8c_grave,synthetic,train
4.169999999999999,3.2053030039200294,-51.881756,79.39182,62.216267,34.3732,17.430647,27.414478,32.05132,24.89545,6.5869966,18.455317,10.659277,17.365946,1.318,14.058432,7.2541733,11.369429,-5.472907,10.716022,2.6181626,9.445634,-1.6056557,9.041228,-1.9697539,8.203347,call_b72eccd91b8c_ruido,synthetic,train
1.5699999999999998,5.755116778641634,-85.11815,141.04114,46.03085,40.864166,17.44505,32.43757,26.291002,28.384727,3.5712614,15.642982,5.7606583,14.2717905,3.274937,12.615464,-5.351258,11.67913,-6.4255123,11.697628,-5.8648615,10.157387,-2.894405,8.311036,-3.0886412,8.767128,call_b78e6c8e05d3_orig,human,train
1.5699999999999998,5.755116778641634,-47.72598,132.14626,50.42108,36.235508,18.810467,34.013615,25.230848,21.98947,-3.741593,17.55526,3.7296133,14.235741,-10.0722275,14.555551,-10.998276,11.420305,-8.002047,10.331707,-1.7389028,9.472768,-2.6415462,9.81151,-1.8510369,8.520946,call_b78e6c8e05d3_agudo,human,train
1.5699999999999998,5.755116778641634,-55.781,128.7248,54.626007,37.331116,10.611841,28.071297,27.519306,28.387375,9.316758,15.54758,6.6554165,13.143432,9.056471,14.441737,5.7859955,12.637425,-2.1323416,7.8051686,-3.5503366,10.102841,-6.2869196,9.002625,-2.0497286,7.9437733,call_b78e6c8e05d3_grave,human,train
1.5699999999999998,5.755116778641634,-80.18982,103.15839,36.388412,38.14335,13.821164,27.751335,17.715221,27.028322,3.4335566,14.090268,4.236856,13.137359,2.7752936,11.417748,-4.5192366,10.783045,-5.746602,10.6157875,-5.182416,9.002713,-3.009338,7.7078743,-2.8175187,8.180689,call_b78e6c8e05d3_ruido,human,train
2.3599999999999994,3.2442451403388484,-45.05275,84.14399,51.551685,28.796013,18.25599,24.065708,30.731804,23.844725,-4.5048676,15.732242,0.43616235,16.820518,-8.434486,18.614878,1.1172163,11.947676,-14.279691,12.784047,-0.64569235,11.372496,-3.611668,9.849378,-4.1319566,9.002623,call_b7c3a7552903_orig,synthetic,train
2.3599999999999994,3.2442451403388484,-26.879341,61.891865,45.81429,21.43792,22.248085,25.473743,19.267597,17.704031,-10.559193,17.172396,-8.449709,15.217309,-9.412767,12.216252,-7.9800854,13.886219,-9.700157,10.792634,5.111845,10.474492,-6.4147882,9.889544,4.1278243,7.8872924,call_b7c3a7552903_agudo,synthetic,train
2.3599999999999994,3.2442451403388484,-42.21991,58.35885,64.36107,25.146284,0.9246657,16.580547,45.59777,22.071882,-3.4566135,12.754472,15.0801115,12.632986,-13.239458,15.164018,9.005556,13.811627,-9.51443,10.222512,-5.8320003,10.681891,-5.8466797,9.176323,-0.22317767,8.745454,call_b7c3a7552903_grave,synthetic,train
2.3599999999999994,3.2442451403388484,-44.619476,74.313995,47.762253,27.123087,18.576046,22.697893,29.1871,23.42062,-3.4786553,15.262898,0.3617254,16.286531,-7.823031,18.255985,0.58855605,11.545591,-13.801538,12.457515,-0.9961072,11.030072,-3.4200177,9.614228,-4.009685,8.68226,call_b7c3a7552903_ruido,synthetic,train
2.4800000000000004,3.3455108877702133,-117.23837,92.02805,78.15318,31.121584,24.8798,22.784939,37.0484,27.57303,13.0905,15.813891,13.943178,14.279146,3.2892346,18.803547,3.9982796,12.346316,-1.47089,11.067937,-6.9006553,10.856136,3.8755634,10.644477,-5.496623,8.876507,call_b956718b62ae_orig,synthetic,train
2.4800000000000004,3.3455108877702133,-87.282326,79.486015,79.382706,21.879435,30.521376,23.15413,35.83963,21.319544,5.660578,15.285398,7.0425396,18.367493,-4.900093,12.85217,0.9310055,11.664691,-11.997115,11.303411,1.2570331,9.34354,-4.9980145,9.089385,-1.7396309,8.747227,call_b956718b62ae_agudo,synthetic,train
2.4800000000000004,3.3455108877702133,-106.14048,75.10827,82.88211,26.477425,10.531122,20.483181,42.454655,23.138525,11.594347,13.269,19.317642,11.082597,5.6031923,15.099715,8.718145,13.346721,3.652895,11.19992,2.5096424,9.124441,-7.695607,9.369422,6.1933784,11.807377,call_b956718b62ae_grave,synthetic,train
2.4800000000000004,3.3455108877702133,-112.15663,77.764885,73.77459,29.468958,26.31545,19.91572,35.050255,24.209959,14.223373,14.303748,12.83025,13.498183,4.3524795,17.696981,3.3400533,11.325028,-1.3030407,10.368316,-6.5050664,10.338892,3.1676893,9.884512,-4.6200933,8.264538,call_b956718b62ae_ruido,synthetic,train
1.500000000000007,2.819197470941914,-125.490974,141.6577,57.48948,41.10521,21.068884,40.394547,13.312424,24.775385,-2.017626,21.95953,2.4930968,15.216078,-0.6084912,15.067304,3.7975116,11.305336,0.53743863,13.4367,-1.1931796,11.71504,-6.906264,11.0180435,-2.4246564,10.343332,call_b96e9305d9a2_orig,human,train
1.500000000000007,2.819197470941914,-87.23971,138.41667,63.187515,35.871254,23.154953,39.830143,2.8883176,21.74594,-5.4558716,19.928007,0.29699385,16.716047,-0.5502978,12.102103,-0.8819458,14.571062,-6.51134,10.888207,-8.77898,12.43818,-6.6565404,12.372917,-4.428564,11.893558,call_b96e9305d9a2_agudo,human,train
1.500000000000007,2.819197470941914,-97.67203,133.52242,63.964146,39.05626,14.523776,32.849926,27.392496,26.72381,-3.2291367,19.899431,6.423965,17.514868,-4.431964,15.88789,5.455145,14.345007,0.98506606,10.698332,7.6955767,11.952975,0.17902677,11.237897,-0.96939564,9.191698,call_b96e9305d9a2_grave,human,train
1.500000000000007,2.819197470941914,-111.16434,89.916626,46.500557,36.308624,14.6919155,32.723907,8.436613,19.052465,0.1919541,18.624294,1.6293719,12.359412,0.18110152,12.247322,2.6124976,9.494929,0.3897221,11.670358,-1.3669165,9.61864,-5.310383,9.682588,-1.7660438,9.338166,call_b96e9305d9a2_ruido,human,train
1.6400000000000006,2.3230138171580057,-157.32957,97.66129,112.45968,38.25208,25.16886,29.640196,21.48468,26.823687,12.003519,17.846855,5.7717285,18.947168,-0.73772585,13.19177,1.0560863,10.565506,-3.5304303,9.885974,0.09460107,8.887118,-1.0195689,8.160076,-0.78185225,7.721535,call_bac44092a11a_orig,human,train
1.6400000000000006,2.3230138171580057,-119.29999,84.520836,120.56274,34.377888,15.528838,30.795042,19.52861,22.240408,6.4732747,18.771463,-3.7860389,15.239286,-3.3380914,13.948196,-2.8787832,11.510922,-3.7582448,9.944535,2.09714,8.492734,-0.97772926,8.036055,3.251699,7.4299946,call_bac44092a11a_agudo,human,train
1.6400000000000006,2.3230138171580057,-144.60815,76.95171,115.64444,34.43602,22.69013,24.720762,16.990725,25.077538,13.972212,16.973766,9.028705,17.72495,0.42343494,12.562572,2.0026312,10.330981,-1.4820437,8.514687,-3.7640429,7.671827,-0.4124881,6.9519215,-2.1198125,8.109497,call_bac44092a11a_grave,human,train
1.6400000000000006,2.3230138171580057,-122.49835,55.733063,83.46829,35.961697,27.879166,20.293156,18.499428,20.738573,12.362191,13.265674,4.4849124,13.688654,0.99016964,10.838517,-0.39750588,8.915985,-2.1088552,7.978035,-0.6921618,7.763064,-0.89400375,7.1849084,-0.5840576,6.7028875,call_bac44092a11a_ruido,human,train
2.6199999999999974,1.5140400772013591,-62.74205,101.09426,56.1899,36.827644,-0.7443697,33.91108,27.927921,27.154572,-2.4194899,20.157587,8.876825,20.422478,-7.101788,11.217993,6.354668,10.16475,-7.920503,12.495045,0.8160417,9.734159,-6.760726,11.476017,-0.95848715,9.675519,call_bba20372ca37_orig,synthetic,train
2.6199999999999974,1.5140400772013591,-29.959236,71.599495,48.264908,27.859686,5.3450565,36.476543,17.062511,15.129837,-3.6145298,20.321274,-1.5364605,16.711077,-6.682072,12.882165,-2.97597,11.869967,-8.642012,10.738759,-3.305036,10.731004,-7.0477276,10.559621,-0.9182769,10.836105,call_bba20372ca37_agudo,synthetic,train
2.6199999999999974,1.5140400772013591,-50.105156,65.213394,78.32486,31.841599,-16.614834,23.730185,44.091637,29.640772,-9.242889,13.894463,20.283707,15.872604,-11.487761,14.741085,11.743155,10.848407,-4.612792,10.661858,3.4288387,10.723154,-1.9453857,7.8568325,0.83007956,9.507949,call_bba20372ca37_grave,synthetic,train
2.6199999999999974,1.5140400772013591,-59.145348,73.5778,51.64747,33.154194,1.87059,31.035788,25.333115,25.948042,-0.062785864,18.800688,7.0607443,18.951056,-5.4201636,10.888403,4.7240777,9.57191,-6.1510205,11.971356,0.060387745,9.216827,-5.6235557,10.994003,-1.7107654,9.239421,call_bba20372ca37_ruido,synthetic,train
3.6399999999999997,5.713813771910068,-94.58685,57.474785,94.89061,23.776266,16.607285,22.90716,15.024041,14.257096,0.9986672,14.694561,-0.37610722,13.667578,4.4863505,9.412973,-0.0689169,9.682146,-1.4426584,7.793255,0.964679,8.341454,-1.4464933,9.117805,2.1323152,8.18835,call_bc24a38d8bf2_orig,synthetic,train
3.6399999999999997,5.713813771910068,-71.388275,48.178802,97.4923,20.418304,16.005072,23.189106,11.666075,12.629959,-4.679409,14.753305,2.9283624,10.438098,1.7643752,11.013289,-3.4939673,9.23928,1.7429228,8.899551,-0.007314058,9.5548525,0.5739639,8.467108,-1.8923868,8.449024,call_bc24a38d8bf2_agudo,synthetic,train
3.6399999999999997,5.713813771910068,-97.5383,47.024487,101.99393,20.805973,13.652323,17.620941,29.652164,15.905517,-2.7018194,12.752627,7.133033,12.65401,-6.320513,11.285194,11.622013,8.691892,-9.725504,7.906879,8.948782,7.612725,-6.7678337,6.3394465,5.591096,7.131393,call_bc24a38d8bf2_grave,synthetic,train
3.6399999999999997,5.713813771910068,-82.47922,51.492046,81.36261,19.453829,23.87806,20.231588,13.010641,13.571411,2.3090954,13.248881,1.3589382,12.643893,3.873538,8.53841,0.31720668,8.740696,-1.359031,7.0497856,0.38442296,7.593336,-1.0299177,8.095113,1.2894143,7.6355643,call_bc24a38d8bf2_ruido,synthetic,train
3.3600000000000003,3.8798681548557146,-110.10394,99.64418,80.78758,35.618538,31.013012,29.892776,27.06073,20.535212,7.141802,14.917715,-1.2301685,15.491278,3.9969268,10.927141,-1.4132185,9.8365345,-4.729599,10.063647,9.349936,7.536037,-3.5679386,8.245706,5.6313305,6.5466175,call_bc2c7c34acea,human,val
2.769999999999998,3.913826260834786,-40.43237,88.13909,69.856544,39.879627,2.083662,31.198084,38.81977,28.754414,0.93176186,15.487004,24.449877,16.02135,-10.384125,14.991626,11.531395,12.000116,0.49402803,11.00248,-3.8236642,10.17317,1.1524489,7.8403687,-4.7445087,9.477716,call_bc7120020303_orig,human,train
2.769999999999998,3.913826260834786,-11.08102,68.73672,60.10836,31.276804,10.670664,33.39584,28.846281,20.866596,4.392221,14.287486,9.183939,16.246134,-13.454309,12.777637,10.496771,10.569582,-15.5789995,9.98438,1.6618207,8.240558,-7.195814,10.119679,-0.2016179,7.350549,call_bc7120020303_agudo,human,train
2.769999999999998,3.913826260834786,-33.20616,67.4842,83.93664,35.092762,-15.857407,24.00677,38.73802,26.061197,-3.439364,14.888145,26.143589,12.551457,1.4630383,13.523588,-1.5034006,12.996032,11.753056,8.489031,-1.4292336,9.745442,-0.094897926,9.041947,1.3687853,7.61032,call_bc7120020303_grave,human,train
2.769999999999998,3.913826260834786,-37.748062,74.812965,65.10865,36.576527,5.490636,29.367552,35.28884,27.540363,3.2747533,14.880555,22.556156,15.733892,-9.178614,15.11047,10.492637,11.417941,1.0496979,10.447387,-3.9735436,9.650697,0.8933674,7.5182457,-4.551385,9.082611,call_bc7120020303_ruido,human,train
5.979999999999999,6.502741825302414,-55.55998,93.21116,81.27721,40.844566,12.024418,31.74024,42.09922,29.754686,-3.87895,17.033104,3.0336938,17.65474,2.9110518,13.111305,5.145262,11.117659,-0.8158939,10.241621,-6.0939007,10.765305,-0.7612423,9.024895,-5.3369427,9.99066,call_bd2262567810_orig,human,train
5.979999999999999,6.502741825302414,-24.64521,63.590794,76.63051,34.197815,18.51497,35.50735,31.524475,24.077265,-12.743261,16.179531,6.404728,16.614063,-2.3593066,9.896803,-1.6326554,11.229328,-11.672489,9.339812,-3.8761425,8.726871,-6.5013027,10.727347,-2.7111251,7.5396814,call_bd2262567810_agudo,human,train
5.979999999999999,6.502741825302414,-43.512295,62.37944,86.87278,38.981438,5.5359077,26.84015,42.013977,26.677883,11.094347,18.169739,0.31809697,13.593129,4.349163,12.531402,3.671017,10.976619,7.835232,9.698345,-0.5811995,9.446562,0.17912495,10.946161,-0.1824206,8.857405,call_bd2262567810_grave,human,train
5.979999999999999,6.502741825302414,-50.832066,70.84883,73.1644,36.98955,16.260063,28.525375,37.895027,28.275043,-1.014263,15.6747875,2.1243458,16.720293,3.213708,12.568846,4.767007,10.137931,-0.79473686,9.483381,-5.0833645,10.029428,-1.5047078,8.43168,-5.0405283,9.349718,call_bd2262567810_ruido,human,train
2.479999999999997,2.9715131338611203,-104.78722,120.029366,53.944588,33.93308,39.998344,37.31452,9.173004,20.582619,-13.895794,20.117601,-0.6531353,16.7821,-3.8869033,13.326503,-1.6073248,10.356986,-10.423067,10.55291,0.43534082,9.031784,-6.5564814,8.224021,-2.0987766,9.390942,call_bd98a8224da0,human,val
2.4499999999999997,3.5214762617016735,-122.43354,110.287865,76.225365,40.084293,20.896006,28.577255,49.76937,24.358961,11.362968,19.472536,5.66905,16.40938,-8.215552,15.125991,0.90450937,10.090715,-1.6537131,11.127837,-4.688508,10.323851,0.58552027,7.49137,-2.7424736,8.215079,call_bda847d77eef_orig,human,train
2.4499999999999997,3.5214762617016735,-90.782364,93.22973,79.77097,33.356716,32.543373,32.520752,45.260124,20.781658,-0.44992918,16.248041,-5.6016254,18.301626,-12.201897,12.410616,4.174189,12.487852,-8.530676,9.330453,1.1854031,9.126808,-0.5294106,8.857977,2.8303251,6.9892616,call_bda847d77eef_agudo,human,train
2.4499999999999997,3.5214762617016735,-110.47231,86.76343,77.88077,37.050457,14.2312155,22.924122,46.944523,24.93608,26.332611,19.110636,12.618677,12.551692,4.068232,13.806597,-9.069144,14.271195,6.641696,9.66332,-5.556219,9.389683,-1.1918588,8.559845,-2.899047,6.122228,call_bda847d77eef_grave,human,train
2.4499999999999997,3.5214762617016735,-116.22997,83.6465,70.40669,37.409164,20.606728,25.673668,43.80088,23.95809,12.4680805,17.75833,4.145515,15.440397,-6.3101635,14.599587,0.8216353,9.193815,-0.86358654,10.36467,-4.0215592,9.946572,0.14589053,6.977476,-2.2373047,7.7906766,call_bda847d77eef_ruido,human,train
2.429999999999998,2.2391392195315696,-102.87768,69.64624,77.74892,31.887657,20.91098,29.401615,16.21247,17.50843,-16.429804,19.232038,-3.0905018,14.712702,-10.2456455,11.770138,0.5551779,9.765305,-15.147168,9.231096,2.7714887,9.88722,-12.657572,12.007733,-1.3706332,12.974539,call_bdfa814252df_orig,synthetic,train
2.429999999999998,2.2391392195315696,-73.09823,54.775112,72.48373,26.317043,29.815886,30.566683,-3.2587438,13.707955,-15.06658,17.785154,-6.159783,12.598571,-3.7398996,11.9767475,-11.057481,9.551919,-3.3557029,10.189097,-5.8865967,12.6083355,-6.8716187,15.418897,-7.4222193,18.431492,call_bdfa814252df_agudo,synthetic,train
2.429999999999998,2.2391392195315696,-93.865746,53.46939,83.307556,26.029902,12.957437,22.06963,43.60447,21.189077,-17.494236,16.79948,6.1162367,14.474429,-18.852386,9.80274,8.305321,9.102829,-13.046007,8.230798,-1.7943397,8.539033,-3.1064718,8.909373,-5.6343074,8.697807,call_bdfa814252df_grave,synthetic,train
2.429999999999998,2.2391392195315696,-94.495384,59.09353,68.54552,26.079773,24.800508,26.17807,15.003231,15.927208,-13.031911,17.731462,-3.9939785,13.681752,-8.35968,11.193078,-0.9413701,9.250844,-12.884997,8.903659,0.5970272,9.910401,-10.678291,11.771936,-2.6271853,12.863257,call_bdfa814252df_ruido,synthetic,train
1.6400000000000006,2.3356583061294924,-75.20028,130.22198,80.931244,44.08451,3.2081878,45.094162,5.2814827,20.61944,8.58942,16.690914,-1.2383937,14.66097,-9.278359,11.441212,-0.9920372,9.751968,-11.438089,9.087623,-4.1960163,7.8908567,-8.555422,9.250111,-4.603943,8.199411,call_be72006df132,human,val
1.9500000000000064,3.1231856955501174,-118.91681,105.53305,72.00402,36.391407,29.20084,30.494997,1.6776084,23.458422,-5.9233227,20.56729,0.75188196,13.371171,-2.796178,11.483451,-2.9306738,10.2899885,-4.8828,10.122729,-0.29152465,10.031866,-5.08329,12.331055,-0.75539184,14.0807295,call_bf0384ed27ed,human,val
1.6700000000000053,1.6599774094848405,-42.31247,104.54527,60.838688,35.74739,1.179752,35.073925,18.222353,26.236126,3.3148782,17.622932,5.3385277,14.938453,-2.5567427,12.580377,-6.736856,10.375796,1.6709285,10.17691,-1.9919958,9.240482,1.7317381,7.345438,-0.57899964,9.023202,call_bf4ed1a05c84_orig,human,train
1.6700000000000053,1.6599774094848405,-28.813381,96.878334,59.777584,32.94521,3.5516398,37.5158,20.004925,19.771494,-3.1149883,17.539394,-0.88000107,14.369309,-10.593487,13.306853,1.8798755,11.611488,-0.042341173,9.296416,0.6448963,8.087834,0.7378191,9.016908,-2.5687454,7.848174,call_bf4ed1a05c84_agudo,human,train
1.6700000000000053,1.6599774094848405,-32.15643,97.99762,68.36836,34.48626,-3.6797984,28.362524,21.845928,29.04949,10.0517845,17.235807,6.612069,13.341303,3.3460448,13.5734005,-3.7449412,13.237894,-3.2900252,8.692738,0.22844082,9.306865,-3.64706,8.419703,2.7105289,7.094746,call_bf4ed1a05c84_grave,human,train
1.6700000000000053,1.6599774094848405,-39.48414,82.84723,49.922676,28.2356,5.5193863,30.39417,16.639114,25.122389,3.2813652,15.612162,4.8836007,13.623627,-2.595216,12.015792,-5.7028756,9.694799,1.6261995,9.569917,-1.6565998,8.589325,1.6077744,6.857645,-0.9206691,8.515185,call_bf4ed1a05c84_ruido,human,train
3.6799999999999926,3.2502269151553085,-101.95897,99.53689,49.79212,36.130215,19.245483,37.68526,15.53359,21.640938,-11.146023,25.17296,-5.7412605,18.365356,-13.044762,13.9023905,-3.4459877,11.86072,-11.820406,10.5060215,2.5679073,10.496845,-9.51147,11.538143,-0.009296596,11.467939,call_c04725672945,synthetic,val
4.000000000000001,6.53503149850026,-74.01092,121.81918,54.577274,33.6784,15.682175,24.72498,25.82949,23.602915,-3.5842648,14.285203,3.8856413,15.327919,-8.069643,18.385435,0.5196579,13.258763,-12.658169,10.598198,-1.5978688,11.192548,-3.5109541,8.618682,-4.5111303,9.012059,call_c1cbe639d50f_orig,synthetic,train
4.000000000000001,6.53503149850026,-49.603664,101.59546,50.77978,23.428148,21.118704,26.441961,15.737095,17.837627,-6.0113416,16.797121,-5.550914,14.168434,-12.232602,15.738133,-6.3643055,11.820421,-10.11903,9.725485,4.5754967,8.539717,-6.395916,9.267278,4.157354,7.546625,call_c1cbe639d50f_agudo,synthetic,train
4.000000000000001,6.53503149850026,-67.46273,93.98323,67.533936,29.933424,2.4766262,16.533138,41.981785,22.010202,-4.013406,12.020945,17.781754,12.854626,-7.097603,14.781277,5.1454735,14.651157,-7.573119,9.676738,-6.580757,9.161062,-4.16366,9.559507,0.0039349794,7.2625484,call_c1cbe639d50f_grave,synthetic,train
4.000000000000001,6.53503149850026,-70.54981,95.0486,52.972878,31.258627,15.391857,22.457602,23.261446,23.284374,-1.5917641,13.668952,3.0597227,14.629,-6.574725,17.914421,0.29735732,12.582032,-11.310959,10.389861,-2.1295705,10.478827,-2.364947,7.9525433,-4.3209076,8.629284,call_c1cbe639d50f_ruido,synthetic,train
1.9600000000000009,1.702168029308505,3.7783537,93.68276,18.845325,28.793564,23.690792,41.80413,13.104737,19.568546,-9.677788,23.901045,-2.9323983,18.401876,-5.608762,13.420145,4.401973,12.686678,-11.604497,13.241794,3.1935127,11.4104,-10.53947,13.037676,-0.58394647,14.520788,call_c1d95df7a179_orig,synthetic,train
1.9600000000000009,1.702168029308505,25.301682,63.34577,24.254328,21.437054,26.269516,37.904663,-1.0302687,15.915563,-10.338053,21.215176,-4.3058844,15.59293,1.5612032,13.31342,-5.9548283,10.65342,-1.9337794,11.505579,-3.344294,13.478001,-3.261712,16.65765,2.9213808,17.877928,call_c1d95df7a179_agudo,synthetic,train
1.9600000000000009,1.702168029308505,14.538437,60.0973,39.827568,24.409292,-1.3327408,29.739027,41.635345,23.348894,-23.399158,16.001114,13.685583,16.329723,-24.28697,12.359661,18.476986,10.473125,-19.240374,11.154269,9.251318,9.677236,-10.468603,10.631733,1.1704965,9.325506,call_c1d95df7a179_grave,synthetic,train
1.9600000000000009,1.702168029308505,3.9406648,79.77502,18.110607,27.504911,22.914646,39.300037,12.948749,18.969154,-8.556815,23.576027,-2.7738168,17.87501,-5.438937,13.170344,3.8192558,12.436887,-11.345017,13.02135,2.7979157,11.187224,-10.405566,12.948577,-0.4487381,14.465489,call_c1d95df7a179_ruido,synthetic,train
3.039999999999992,1.8054830070894863,-41.369453,92.736046,47.790993,36.435898,17.333498,34.243217,32.10204,29.03606,-2.324337,18.254648,9.372144,17.60905,-10.504293,13.049397,5.3212185,14.688249,-10.9555435,13.586849,-0.98856544,11.394717,-2.6776063,11.080254,-4.711934,9.846725,call_c21f9cf2390e,synthetic,val
2.299999999999997,6.3392690556561835,-187.22752,119.04991,55.58472,41.55928,40.21182,38.501354,15.729051,25.771677,10.938771,18.21978,3.4248624,18.202185,4.1943016,14.258928,4.0677643,12.263916,0.9653106,10.511671,3.176445,10.085034,-0.7854617,9.445912,3.0247602,9.168507,call_c337629bcbbb_orig,human,train
2.299999999999997,6.3392690556561835,-154.8476,115.22719,73.555756,36.875164,42.404594,42.28802,11.723568,21.893236,5.9116106,20.019934,-0.45370868,17.85617,5.8462915,14.75659,-0.31283638,11.528022,2.833125,11.036932,-1.5394651,10.970772,0.67867804,10.525111,-3.5191834,9.087531,call_c337629bcbbb_agudo,human,train
2.299999999999997,6.3392690556561835,-159.41931,110.93764,53.768394,40.02226,43.163773,33.459908,24.286562,29.826317,11.794237,17.773836,8.247046,17.531504,-1.6168184,17.564804,7.1644745,12.668071,-1.0129356,11.79192,6.9581923,9.977061,0.40077353,9.873831,2.1856794,8.758762,call_c337629bcbbb_grave,human,train
2.299999999999997,6.3392690556561835,-152.77496,78.465324,40.038483,35.97878,32.625263,29.924328,13.9564705,19.319801,8.911681,14.035081,3.747221,15.676683,3.798836,11.422877,2.284988,9.697119,0.9794177,8.652539,2.195711,8.265657,-0.3004223,7.601467,1.7909851,7.933469,call_c337629bcbbb_ruido,human,train
2.4399999999999977,2.4499736733279405,-56.89258,98.97145,45.180878,29.44352,18.842546,25.504168,31.441874,25.001326,-1.6154208,14.659123,1.7178465,17.655428,-7.636855,16.637653,2.5710804,12.430534,-13.453086,12.025924,-0.9399924,12.353647,-3.005574,9.205821,-4.7938976,10.158284,call_c3417b995627_orig,synthetic,train
2.4399999999999977,2.4499736733279405,-36.83767,67.16677,46.97709,21.546244,23.17569,26.938902,21.048946,18.90777,-9.659513,17.33715,-6.9773903,15.101579,-7.4655495,13.974224,-7.509903,12.355851,-9.732481,11.687896,5.1937785,10.3459635,-6.0978403,10.842849,4.118457,8.1483755,call_c3417b995627_agudo,synthetic,train
2.4399999999999977,2.4499736733279405,-52.66337,62.881035,60.739006,27.218863,2.594678,18.04474,46.465942,22.986874,-1.032833,13.168766,15.566298,12.616447,-12.805738,16.14816,10.604425,12.845485,-6.400369,10.203918,-5.563485,11.732885,-5.0326476,10.464946,0.7362853,8.101338,call_c3417b995627_grave,synthetic,train
2.4399999999999977,2.4499736733279405,-55.36258,81.00195,42.796486,28.376635,18.53786,23.598251,28.711763,24.464111,-0.60753226,13.87797,1.7836639,16.906712,-6.9010844,16.379642,1.7560085,11.900043,-12.092834,11.70425,-1.6121241,12.031444,-2.3280118,8.828374,-4.468292,9.876308,call_c3417b995627_ruido,synthetic,train
2.6800000000000033,4.074994100986764,-152.59596,95.89148,75.3239,35.03897,24.523705,21.677137,34.419937,27.835932,14.575011,17.047056,15.870693,15.066559,4.8765244,17.906149,4.3135853,12.101464,-2.3314562,10.817741,-7.0502086,10.082118,4.3295674,9.546333,-4.225605,8.4777775,call_c3a3ab5fa472_orig,synthetic,train
2.6800000000000033,4.074994100986764,-128.6695,82.01851,78.67719,25.122755,29.709919,21.410027,33.72006,20.70924,9.366471,17.18994,9.365203,18.065475,-7.1714067,13.312201,0.10271907,10.38591,-12.340241,10.7343645,3.9741611,8.66537,-3.9942827,8.558266,-2.6536422,8.523606,call_c3a3ab5fa472_agudo,synthetic,train
2.6800000000000033,4.074994100986764,-150.85172,76.73552,78.851006,28.84849,11.314205,18.846989,38.207726,23.894304,11.41317,14.804329,22.703676,13.022281,7.0673113,15.790731,8.614803,11.990481,4.2065415,10.636231,-0.54351056,9.731173,-7.5481377,9.017776,7.311856,10.563165,call_c3a3ab5fa472_grave,synthetic,train
2.6800000000000033,4.074994100986764,-145.78336,74.63821,67.76614,31.632244,26.699642,18.04597,31.950893,24.008886,15.999353,15.075115,15.121151,13.831782,5.84383,16.730513,3.5372982,11.226575,-1.8427616,10.0175085,-6.1030803,9.372948,3.3506699,8.571268,-3.1041498,7.7270617,call_c3a3ab5fa472_ruido,synthetic,train
5.4,4.030640632123566,-66.99912,63.639347,54.994705,31.039692,4.409551,27.92416,35.885864,25.555248,-1.9349327,17.849014,11.251655,17.579327,-5.797037,11.089639,8.819135,10.241782,-8.65155,10.885325,3.06683,9.649068,-7.354614,9.707134,-1.4805244,9.470611,call_c3e9e24958f7_orig,synthetic,train
5.4,4.030640632123566,-39.90695,48.57446,47.71005,22.868078,13.163219,29.773731,22.071903,16.294369,-4.9745927,16.47807,0.43453476,15.382527,-3.7201402,11.559053,-2.9579718,11.414722,-9.021055,9.825018,-2.796087,9.775493,-9.109404,9.631429,1.2722325,9.96277,call_c3e9e24958f7_agudo,synthetic,train
5.4,4.030640632123566,-59.820786,44.859238,74.84964,25.844183,-15.501926,19.759119,48.57348,25.346975,-6.3446665,12.33186,21.033253,12.173126,-9.44907,14.049141,12.939587,10.03441,-2.8974319,9.578286,3.8465223,8.654828,1.67307,8.022485,-0.9779972,8.054082,call_c3e9e24958f7_grave,synthetic,train
5.4,4.030640632123566,-62.779984,56.81277,51.681164,28.211699,6.727423,26.091713,33.212112,24.16897,-0.44962984,16.741638,9.857511,16.827383,-4.1688848,10.76102,7.4463367,9.712936,-7.1362076,10.610968,2.2136974,9.205918,-6.4334927,9.425969,-2.1562,9.173889,call_c3e9e24958f7_ruido,synthetic,train
4.880000000000003,5.5502702636898675,-63.25196,90.9045,50.166363,30.90422,19.780653,38.18454,20.704077,18.718218,-16.248299,23.331192,-8.182275,18.787237,-14.479516,15.765441,-0.33939642,14.479882,-13.280727,10.070523,4.0121784,9.879856,-8.85546,10.499249,-0.66252816,9.739354,call_c49b6face6c3,synthetic,val
1.3200000000000038,6.6978842718434795,-85.46414,158.32848,45.183018,39.670124,27.387537,42.54171,14.393732,21.856945,1.4626207,20.899824,-1.0687575,14.725013,-3.6326394,14.637191,1.1194198,12.124777,-9.539195,12.23947,0.5526585,12.561598,-5.3966026,13.554437,2.306704,14.541815,call_c4fc8a865292,human,val
1.7200000000000024,3.931616741759252,-79.87107,127.253365,66.67545,37.72268,15.6371155,27.338615,32.35886,26.046314,6.8333826,17.80236,5.4332147,13.377543,3.6587849,11.515331,1.0301902,10.736336,-2.7279482,10.665332,-1.5230951,11.051746,-4.0484114,8.250327,-1.0809937,8.568778,call_c509bc8280ae_orig,human,train
1.7200000000000024,3.931616741759252,-41.17439,118.84948,67.15051,32.546967,15.242425,30.92592,30.25914,19.075817,-1.8257109,16.891493,2.8018093,13.158503,-5.5402565,12.403546,-6.3645515,11.974568,-4.0535007,10.968325,-4.9540625,9.454473,-3.9364018,8.962454,-4.37148,9.024112,call_c509bc8280ae_agudo,human,train
1.7200000000000024,3.931616741759252,-53.137787,114.90428,65.30602,35.04587,10.115999,21.871126,29.434143,24.395947,18.081657,16.754005,6.9706955,12.593115,9.642383,13.042399,4.286016,11.549481,2.8615804,11.221693,0.0052554905,8.682313,0.96116996,9.369218,-3.0552578,8.4857435,call_c509bc8280ae_grave,human,train
1.7200000000000024,3.931616741759252,-74.65793,87.02782,52.19991,37.165756,14.366435,24.47904,27.087067,24.808556,6.120164,16.047958,5.1715164,12.085199,2.839025,10.158071,0.23594552,9.758282,-1.9002047,9.413289,-1.1693854,9.783236,-3.6222608,7.2965164,-1.7238605,7.7871814,call_c509bc8280ae_ruido,human,train
2.8000000000000043,1.2444870143935145,-88.917,51.020344,76.04317,23.619722,25.803982,26.556915,40.73822,21.174255,-4.2031326,16.067501,4.8388987,19.436235,-21.827625,11.124382,2.3288736,12.310866,-17.547663,10.775691,-2.2084422,9.922166,-3.481536,9.807665,-2.9401965,9.366615,call_c5b04c36bb62_orig,synthetic,train
2.8000000000000043,1.2444870143935145,-65.91784,45.46943,69.43082,19.582119,39.057213,29.720493,20.682514,15.112079,-11.041466,18.102758,-14.713177,14.871305,-17.234482,13.221093,-5.0413723,10.768111,-14.286639,9.935176,5.0279555,9.682931,-8.436821,8.245916,3.2496548,7.730622,call_c5b04c36bb62_agudo,synthetic,train
2.8000000000000043,1.2444870143935145,-90.43149,43.76034,87.93579,20.140947,12.769453,18.957441,58.296288,22.342466,-1.9962397,15.139895,23.840557,16.244293,-16.136398,14.616714,2.3155978,9.242983,-6.556992,9.535935,-11.593178,10.532689,-3.709344,7.44781,-3.0258408,8.275969,call_c5b04c36bb62_grave,synthetic,train
2.8000000000000043,1.2444870143935145,-85.59894,47.77512,71.72113,22.684973,27.549217,24.999918,38.04139,21.079275,-1.8193727,15.762233,3.0637593,19.109545,-20.171675,11.26511,0.6161192,11.979709,-16.241566,10.746837,-3.0289626,9.463452,-3.056001,9.5433,-3.2523286,8.8892,call_c5b04c36bb62_ruido,synthetic,train
1.7800000000000016,3.8128426956127632,-60.90161,131.83476,45.959145,34.09176,-1.6364312,38.095623,16.76783,23.281248,-1.2809696,20.50201,4.4135647,14.019426,6.2192087,12.124111,-2.9651332,10.994209,-11.335081,10.988309,1.3627453,8.929093,-6.9351044,11.619394,-2.3483274,8.098645,call_c647ee088162_orig,human,train
1.7800000000000016,3.8128426956127632,-10.62657,122.23877,37.809715,27.29888,-0.4145704,39.388863,13.748859,16.243843,-5.098859,21.267706,1.9913869,13.379948,-1.9316294,10.461386,-16.064602,10.851322,-1.992593,10.262127,-4.5383797,11.25821,-7.075996,8.37228,-3.1224365,10.196153,call_c647ee088162_agudo,human,train
1.7800000000000016,3.8128426956127632,-15.026381,120.09638,47.860878,30.933651,-7.303033,27.773983,19.3517,28.645979,2.867476,16.698017,1.4382684,15.911192,3.7530625,12.572331,11.06264,8.995873,-5.4394016,12.128125,-3.5211442,8.837689,0.790231,8.067992,-6.566802,9.428957,call_c647ee088162_grave,human,train
1.7800000000000016,3.8128426956127632,-53.26939,97.541084,26.97521,28.515291,2.7607036,32.267857,13.414108,22.015053,0.27191237,17.794083,3.5157971,12.7615,4.562359,10.144416,-1.798193,9.772663,-9.943342,11.06452,0.9460131,8.491315,-6.7277546,10.747181,-2.0147157,7.6693363,call_c647ee088162_ruido,human,train
4.619999999999997,5.660556827831344,-39.82098,130.75201,64.44914,51.201725,20.39515,33.26917,29.98848,30.905565,7.8377047,19.165152,4.5574226,18.271729,3.254807,12.958924,5.5744376,9.705897,-4.222885,10.35467,5.4128175,9.732223,-4.743365,8.397828,-1.0984329,8.888627,call_c67ce09b3316_orig,synthetic,train
4.619999999999997,5.660556827831344,-9.776129,108.55822,65.70457,40.64541,23.445694,30.770247,24.94467,21.510838,4.4965134,20.656456,0.17465091,15.014165,1.3846385,11.083791,-6.1138325,11.471479,-1.0391929,9.001506,-3.213902,8.291457,-5.9209924,9.063731,-1.9488404,7.3648443,call_c67ce09b3316_agudo,synthetic,train
4.619999999999997,5.660556827831344,-29.04224,97.72336,74.108505,37.106358,2.9649866,28.4044,38.984398,31.100908,4.467713,13.88215,17.216166,13.506545,-5.6469088,13.193369,16.922958,11.246846,-7.570631,10.017248,6.022415,9.313598,-0.61783373,9.600709,3.8950014,8.177619,call_c67ce09b3316_grave,synthetic,train
4.619999999999997,5.660556827831344,-35.725605,93.097755,61.004097,41.92029,20.4446,26.317204,25.54623,27.656616,7.9842176,15.9042425,4.79116,16.54279,3.1888585,11.690567,4.8838644,9.20749,-3.1264324,9.8026905,4.965416,8.830481,-3.0737262,7.72287,-1.4031337,8.303039,call_c67ce09b3316_ruido,synthetic,train
2.210000000000001,3.0095389164780575,-74.268616,133.6987,64.07154,39.891045,7.2261033,27.596962,18.29884,29.081795,1.6748238,16.022676,2.0183902,13.031023,3.6869411,13.373747,-0.926456,10.605835,0.14256966,8.762221,-5.6079645,10.496189,-6.227846,9.405069,-5.9324923,9.265818,call_c6daaae3eb0f_orig,human,train
2.210000000000001,3.0095389164780575,-45.154858,117.45158,62.666916,36.63929,2.4116657,29.11425,17.771372,24.468384,-2.5126655,18.036396,3.227254,12.402071,-6.1319118,13.050244,-3.724147,10.75819,-8.5082035,9.56695,-8.927748,9.890483,-4.581669,11.00623,-0.13129295,10.101032,call_c6daaae3eb0f_agudo,human,train
2.210000000000001,3.0095389164780575,-48.163475,113.629425,70.78999,33.11763,6.107443,27.496601,13.853076,26.964695,8.568361,16.466154,3.7341156,13.897949,5.7489367,13.287866,-0.4080128,10.749349,1.5913557,9.101246,2.3907726,9.773829,-2.734056,9.667922,-2.640057,8.125405,call_c6daaae3eb0f_grave,human,train
2.210000000000001,3.0095389164780575,-67.794525,92.16564,53.178345,36.824642,7.080695,24.767065,11.861549,25.827978,2.3230598,14.601253,1.6848414,11.652468,1.7385659,11.770389,-0.5025977,9.390584,0.18305632,7.9052615,-4.4702177,9.638048,-5.86484,8.543415,-5.762269,8.472511,call_c6daaae3eb0f_ruido,human,train
1.3800000000000021,2.3726145915424213,-114.203,104.29539,78.24817,43.003567,21.87165,29.749937,21.514912,27.011576,8.039591,18.254734,15.166311,15.032894,0.74912083,13.758612,-4.178705,13.1904955,-6.81272,10.084921,-5.1299877,9.257789,-3.258398,8.443241,-1.2891157,9.067366,call_c6e878157063_orig,human,train
1.3800000000000021,2.3726145915424213,-84.97904,92.136635,81.09842,36.595917,20.362907,32.206013,20.353176,20.273445,8.91337,18.697592,7.059722,15.416171,-12.202785,14.18639,-9.09758,11.014065,-6.619722,11.4097395,-1.3397505,8.81772,-0.8864966,9.839369,1.077348,7.8250723,call_c6e878157063_agudo,human,train
1.3800000000000021,2.3726145915424213,-104.92523,84.27075,82.946175,40.024124,19.286749,24.152811,23.076153,25.940403,6.7722006,16.645237,16.79935,15.19131,10.7117,13.206991,4.6477623,12.338011,-1.7472806,12.86983,-3.0535479,9.867662,-5.095273,9.549123,-3.6631079,8.147147,call_c6e878157063_grave,human,train
1.3800000000000021,2.3726145915424213,-107.91565,76.810936,70.82123,38.23983,22.29146,24.389973,17.96711,24.513025,8.8114,15.740359,14.047941,13.198458,1.0529516,12.062257,-3.4130316,11.853186,-5.7791743,9.4009495,-4.6619844,8.461254,-3.1859045,7.4688206,-1.2573225,7.9916964,call_c6e878157063_ruido,human,train
2.220000000000006,2.979516905079465,-10.306002,70.73221,59.389214,31.889513,10.76764,27.568853,34.940987,30.420391,-5.3863535,18.517897,11.981844,19.183128,-10.824669,13.740461,2.317809,13.2843895,-15.465152,11.489347,-0.36422542,9.517246,-6.751222,9.267119,-3.3720908,9.3429785,call_c87e905eb0d7_orig,synthetic,train
2.220000000000006,2.979516905079465,9.924851,48.05671,50.986046,25.984173,17.321064,30.915693,19.44304,17.972574,-5.8066854,19.41705,-0.9202086,16.950077,-14.707293,14.68983,-7.2989078,11.96415,-11.143243,9.46597,1.4728272,8.340265,-5.916988,8.466732,3.6823616,7.0558915,call_c87e905eb0d7_agudo,synthetic,train
2.220000000000006,2.979516905079465,-10.519346,44.856068,75.83803,26.085594,-8.129374,19.431898,47.647175,30.106293,-11.590453,12.589372,22.425186,12.983693,-6.924368,15.72611,8.838787,11.118591,-6.3760853,9.140081,-4.771055,9.335972,-4.7933373,7.998309,-2.7208138,8.14466,call_c87e905eb0d7_grave,synthetic,train
2.220000000000006,2.979516905079465,-9.807045,61.911457,57.420967,31.450857,10.993514,26.914728,33.77595,29.976492,-4.5573997,18.015505,11.32765,18.763433,-9.756102,13.663106,1.8530328,12.95263,-15.001089,11.266743,-0.9995045,9.287792,-6.2066326,9.08763,-3.474333,9.155389,call_c87e905eb0d7_ruido,synthetic,train
1.6499999999999986,2.887524184897391,-179.0493,160.04181,51.79687,43.53672,29.943436,44.177315,5.7447395,25.162588,-14.2847805,20.778387,-2.6452575,17.808199,-17.371006,17.03649,-1.9495401,12.462052,-11.020261,12.184406,-2.114507,11.387079,-4.7737503,13.248756,-1.6474259,14.445919,call_ca184bb77a63,human,val
2.5999999999999943,3.036317568491693,-140.53415,108.24836,78.22396,34.090744,26.293018,34.735165,15.693733,18.862255,-0.7848578,18.49145,1.3597025,16.40038,2.770992,13.440674,3.4447064,12.069271,-2.0163991,10.446716,1.9687651,10.490435,-2.0188096,10.813329,0.739218,10.6739025,call_ca5206a4f854_orig,synthetic,train
2.5999999999999943,3.036317568491693,-105.13766,87.15185,85.424095,32.538773,25.02353,33.765522,7.988517,14.323442,-2.4504693,20.10099,1.2909992,14.431573,3.601784,14.029926,-3.1934967,10.992126,-0.3229586,11.201784,-1.1253026,11.081197,-0.48219174,11.737282,-1.2227571,13.114988,call_ca5206a4f854_agudo,synthetic,train
2.5999999999999943,3.036317568491693,-127.273544,82.56034,89.02345,31.854294,20.735355,28.828371,33.65777,21.208147,-5.3436217,15.537579,10.685938,17.254976,-9.696436,12.056722,12.90051,11.319387,-8.4602585,9.879563,8.295896,9.337932,-5.96588,8.935513,4.339472,8.968977,call_ca5206a4f854_grave,synthetic,train
2.5999999999999943,3.036317568491693,-125.648285,78.521385,63.94737,32.3311,24.097534,29.040802,14.602059,15.834639,0.6511509,15.503882,1.1728,14.530366,1.8713506,11.426483,2.6849782,10.12262,-1.0048971,9.009705,1.0602231,9.199542,-1.9040344,9.478745,0.6909013,9.821993,call_ca5206a4f854_ruido,synthetic,train
2.1499999999999986,4.3530102730754034,-13.445893,79.71499,22.864235,30.254013,19.800596,40.42482,11.182423,20.567225,-3.482626,21.803102,-2.2844477,17.95512,-5.6580753,15.035138,6.6216354,12.597493,-12.62282,11.80357,3.2837625,11.092954,-8.522413,14.190226,0.4402444,16.03224,call_cbad95f3aabc_orig,synthetic,train
2.1499999999999986,4.3530102730754034,12.335685,52.4202,27.57257,22.799034,22.781784,37.36151,1.2658408,15.408341,-6.452124,19.878994,-7.048174,17.52609,4.852129,14.716531,-7.3350887,11.6961775,-4.0825315,12.247535,-2.170168,14.956826,-2.903034,16.9488,-2.3849647,18.301605,call_cbad95f3aabc_agudo,synthetic,train
2.1499999999999986,4.3530102730754034,2.2823782,46.88808,41.318733,27.149517,0.14155602,29.46273,36.76976,23.730335,-16.686928,15.803987,16.683846,15.081671,-25.387386,13.410571,20.573195,10.642874,-16.83564,9.781764,8.171852,9.475746,-10.84263,8.896358,3.1504955,10.447527,call_cbad95f3aabc_grave,synthetic,train
2.1499999999999986,4.3530102730754034,-13.195753,69.49839,22.516792,29.378819,19.770857,39.227184,10.787625,19.869497,-2.7992666,21.398937,-2.8878894,17.473967,-5.443067,14.829662,6.2152653,12.2266035,-12.175442,11.651511,2.828228,11.034319,-8.301584,13.991645,0.38340232,15.899118,call_cbad95f3aabc_ruido,synthetic,train
0.9600000000000009,2.0033012451992884,-193.39087,141.08662,62.136093,38.402744,-2.6375246,44.19518,0.4816565,23.81192,-6.088267,19.349163,-7.0894823,15.752932,-3.9645705,12.562341,-3.5347483,11.883794,-6.8755975,11.561481,-1.466722,10.698603,-0.859923,12.571382,1.0072092,11.359895,call_cbb902adb22a_orig,human,train
0.9600000000000009,2.0033012451992884,-154.99059,138.85542,58.001995,34.29445,-12.669579,47.66458,-3.086265,21.955399,-9.06502,17.781101,-6.404715,13.985778,-2.521954,14.813311,-6.417425,11.955919,0.23374835,12.312234,2.1618342,11.515891,0.856212,13.302821,-2.7028313,14.36841,call_cbb902adb22a_agudo,human,train
0.9600000000000009,2.0033012451992884,-157.1454,132.11015,64.99997,36.572227,-1.2980793,35.505726,2.266571,31.702045,-4.8819427,19.427584,-3.7842872,17.340956,-9.093178,12.9807205,1.4609374,10.152287,-8.482335,11.542249,-4.4238205,9.86803,-6.2503276,10.492265,-0.5031884,10.967775,call_cbb902adb22a_grave,human,train
0.9600000000000009,2.0033012451992884,-157.42462,92.28003,30.459972,33.15066,1.9182291,33.87368,0.7814156,20.032457,-4.318778,15.573614,-3.589594,12.629034,-3.3280954,10.309263,-3.2738872,9.362659,-4.8514977,9.743097,-1.3020065,9.409085,-1.1367743,10.680572,0.46725428,10.000576,call_cbb902adb22a_ruido,human,train
2.940000000000005,2.7671276724350027,-137.13501,58.843266,71.45204,32.689903,30.209982,15.652346,37.939865,22.247519,9.053295,15.810973,17.586536,13.579292,2.390635,16.900955,2.613318,10.428804,-1.2093034,9.679937,-4.2099953,10.389265,1.1509414,9.468886,-2.2098641,8.93987,call_ce3072c8e106_orig,synthetic,train
2.940000000000005,2.7671276724350027,-113.93336,52.52609,74.37146,26.908657,38.30436,16.067913,34.106,18.069448,5.836903,14.698978,7.3708773,16.60291,-9.101345,12.571456,-0.53847057,8.288004,-9.760956,9.73726,0.016665757,7.9505496,-5.2277575,9.339994,-3.4056387,8.56019,call_ce3072c8e106_agudo,synthetic,train
2.940000000000005,2.7671276724350027,-133.67278,50.932777,73.65123,26.242132,15.534218,14.164688,46.28487,19.789663,10.049707,13.248625,24.263048,10.037267,6.7054753,13.898091,7.910515,12.421322,2.0555136,9.1512985,2.6890113,8.454669,-4.203894,9.170267,4.9661865,10.18937,call_ce3072c8e106_grave,synthetic,train
2.940000000000005,2.7671276724350027,-131.48671,53.576435,65.38814,29.54949,32.028877,13.712865,35.080307,21.257944,10.700941,14.693094,16.174347,13.038642,3.4338014,15.874646,2.2678156,9.957223,-0.4510197,8.990959,-4.2733116,9.890479,0.76183516,8.682663,-2.4402306,8.062798,call_ce3072c8e106_ruido,synthetic,train
5.26,3.143930923683369,-104.30088,70.451416,61.45269,23.792805,15.813398,32.889652,23.440071,17.409847,-23.611403,22.359074,2.8780932,15.831771,-14.298012,13.8326235,3.6559708,11.443511,-9.597139,11.323663,3.9882946,9.791226,-7.82683,10.22509,-2.336372,12.124656,call_ce6146a1c53e_orig,synthetic,train
5.26,3.143930923683369,-71.6821,56.259003,58.090885,18.734747,26.022346,29.848358,2.1837983,14.290787,-21.220716,18.629473,-0.1012491,15.374532,-3.397944,14.585344,2.3778253,11.282284,-2.551396,10.83847,-0.40537918,12.02667,-5.8475065,14.413162,-1.8039109,17.854572,call_ce6146a1c53e_agudo,synthetic,train
5.26,3.143930923683369,-91.668076,54.088013,74.9975,19.951717,-0.23884574,23.168032,48.31653,20.71478,-24.86194,17.375097,4.21299,14.486781,-17.623745,11.281918,1.1472511,9.464729,-7.0586863,9.798263,-0.43415767,9.598651,-0.93412143,8.616142,-2.2244148,8.408992,call_ce6146a1c53e_grave,synthetic,train
5.26,3.143930923683369,-99.810715,61.776123,56.17416,21.610435,18.414074,30.72828,21.788351,16.008053,-19.747852,21.464895,1.310996,14.905284,-12.524708,13.233171,2.1685534,11.118661,-7.444335,11.01008,2.4691432,9.657569,-6.610035,9.914257,-2.9316108,11.900114,call_ce6146a1c53e_ruido,synthetic,train
3.620000000000003,4.878140537340106,-18.36952,56.10602,25.702974,29.069403,20.59671,34.221485,11.220656,19.26264,-2.9006124,22.975313,-7.3447247,18.27045,-6.51527,14.205526,1.8366803,13.440489,-13.172142,12.63113,3.27986,12.456574,-12.818017,15.07651,0.5010152,15.115005,call_cea74e96e420_orig,synthetic,train
3.620000000000003,4.878140537340106,5.088867,44.00081,32.620144,21.078194,23.449562,32.585545,0.5735202,12.674445,-7.825352,18.120068,-11.088903,14.776731,2.131466,15.580688,-10.006957,12.497159,-1.1038558,11.7913885,-5.3211308,14.520959,-3.2171664,16.6186,-1.4699494,16.867268,call_cea74e96e420_agudo,synthetic,train
3.620000000000003,4.878140537340106,-7.8414598,41.61533,46.078342,23.311008,0.98196816,23.696503,37.482277,22.254848,-16.037365,16.299784,16.629847,15.248294,-26.044111,10.67663,20.263462,11.115275,-20.48889,10.467928,10.399604,10.105484,-10.620302,11.233003,0.9062752,11.57351,call_cea74e96e420_grave,synthetic,train
3.620000000000003,4.878140537340106,-17.640959,53.478725,25.455002,28.169678,20.67432,33.494923,11.202586,18.914705,-2.4934707,22.535498,-7.1587353,18.015966,-6.5881147,14.1255665,1.7291617,13.359878,-12.935318,12.476834,3.0635247,12.40295,-12.872228,15.009425,0.7092983,14.997726,call_cea74e96e420_ruido,synthetic,train
3.0099999999999985,4.431894917750586,-69.73312,93.28166,121.513885,39.503246,-0.5556279,28.245564,11.630742,29.639671,6.4041605,16.72067,9.393902,16.056675,5.354608,13.078992,-4.01707,10.348853,-8.160913,9.989771,-7.2755055,10.668283,-5.065826,7.1775007,-3.1726816,8.370373,call_cf313f91b995,human,val
4.02000000000001,4.2331042457699475,-95.60687,54.692917,73.861984,26.630856,15.522123,26.867695,13.510704,15.169729,-15.024231,18.088623,-0.5607321,10.824791,-4.3727064,11.363272,-0.68912756,10.484397,-10.414631,9.335246,-1.2358024,10.609873,-5.7483892,10.216295,-0.7981949,10.290554,call_d0442c9e97b7_orig,synthetic,train
4.02000000000001,4.2331042457699475,-73.11006,49.71623,69.74332,22.206736,15.045015,25.037518,-4.7758193,14.4379635,-16.607777,15.397547,-0.49487275,11.142193,-4.630785,10.583568,-9.209901,9.833353,-5.5508924,10.944503,-2.6727135,10.134814,-5.5949574,10.294901,-5.1829824,10.962972,call_d0442c9e97b7_agudo,synthetic,train
4.02000000000001,4.2331042457699475,-92.59771,49.176064,87.88408,22.234674,8.155719,20.617153,37.650482,16.169775,-20.886177,15.907688,7.030812,13.86911,-12.36652,9.087044,12.580845,8.479864,-10.43202,9.155754,3.1219544,7.820348,-8.163118,8.965594,2.3510516,8.5252075,call_d0442c9e97b7_grave,synthetic,train
4.02000000000001,4.2331042457699475,-92.466606,51.108658,70.19536,23.768764,17.830126,25.07305,12.056431,14.500455,-13.584776,17.74039,-1.1287587,10.357143,-3.717381,10.807011,-1.2039351,10.018587,-9.442715,9.112198,-1.7229564,10.172568,-5.1741233,10.050651,-1.2144442,10.101108,call_d0442c9e97b7_ruido,synthetic,train
5.179999999999978,4.640092892374192,-129.59233,75.593796,73.03272,32.55013,31.272202,15.7844715,43.19606,23.379519,9.938538,13.557584,17.047138,12.458512,1.6284332,15.59116,3.1287034,10.712238,-2.722646,10.364421,-5.117894,9.927134,-0.7870186,8.013115,-3.0491638,8.082085,call_d13864e1e455_orig,synthetic,train
5.179999999999978,4.640092892374192,-104.994705,70.050995,73.53693,26.585793,43.542995,18.147362,37.7494,18.47202,3.7265792,14.403933,9.301358,14.995011,-7.8131247,11.843611,-4.494808,9.1821,-10.490649,9.020937,-1.1173294,7.9223146,-4.853596,8.428655,-3.0749917,8.519805,call_d13864e1e455_agudo,synthetic,train
5.179999999999978,4.640092892374192,-127.69038,70.654106,74.20647,25.618286,16.501686,14.007769,53.642323,21.078012,10.690567,12.959224,22.622164,10.485482,7.612632,13.602998,9.336948,11.707377,1.6122878,9.039488,1.3875057,9.166704,-4.5563836,8.186528,3.2413921,8.642959,call_d13864e1e455_grave,synthetic,train
5.179999999999978,4.640092892374192,-123.8205,68.21117,66.1192,28.202393,33.8906,14.253528,40.852234,22.226843,11.863554,12.923809,15.698145,11.6573925,2.8780417,14.784906,2.6375728,10.427712,-2.4561007,9.881621,-4.952732,9.395399,-0.75903845,7.2623835,-3.0496325,7.6155696,call_d13864e1e455_ruido,synthetic,train
1.7999999999999965,3.817947747154224,-98.860176,113.05747,99.130135,43.58989,13.596197,26.665834,4.677193,30.290895,0.46451065,16.952461,10.959948,13.148053,-2.9970028,15.2682085,3.5212693,10.109956,-2.5365095,10.013272,0.19341187,10.42845,2.820414,8.7126255,-4.989966,8.984503,call_d13e6463c6fb_orig,human,train
1.7999999999999965,3.817947747154224,-71.42758,87.95763,98.82951,33.32484,8.981554,30.317513,6.360036,26.492085,3.0656877,16.289358,5.6636276,13.106013,-7.637064,13.138276,4.407873,10.318109,-7.481447,11.245421,5.566374,10.447206,-6.1232185,9.078895,2.5060732,8.670844,call_d13e6463c6fb_agudo,human,train
1.7999999999999965,3.817947747154224,-94.559326,79.37114,106.86609,37.098957,15.809571,24.43694,12.961247,28.800432,-0.9063182,16.908508,13.0784855,13.59895,3.5331032,11.542429,-0.77237797,12.794649,9.0368805,10.198237,-5.352242,11.63444,4.820401,9.308738,2.0834913,7.8269925,call_d13e6463c6fb_grave,human,train
1.7999999999999965,3.817947747154224,-93.01425,81.113525,87.23729,41.818634,15.139323,23.883001,4.5447106,28.049255,1.6140947,15.068507,9.066773,12.36137,-1.5197923,14.400247,2.5180807,9.3729925,-1.903563,9.22023,0.015966892,9.67184,2.24175,8.015715,-3.9131944,8.728878,call_d13e6463c6fb_ruido,human,train
5.759999999999991,5.68810412456171,-124.394714,77.11661,90.47444,32.963776,27.526184,28.813145,18.023067,16.851727,-0.54300886,18.64268,-1.2147365,14.446213,4.079612,10.598383,2.1887941,10.223982,-0.83473563,9.15074,2.8194525,8.931228,-1.8221658,9.780059,2.1965353,9.731928,call_d147a02786d2_orig,synthetic,train
5.759999999999991,5.68810412456171,-91.69106,62.635696,99.525604,27.554651,26.08696,27.75436,12.003071,13.073624,-5.517932,18.40741,2.2042885,12.369448,3.941703,11.211726,-2.8219776,9.173014,1.7425694,9.312346,-0.5449177,9.946252,0.82792383,9.152236,-0.46677196,9.73051,call_d147a02786d2_agudo,synthetic,train
5.759999999999991,5.68810412456171,-115.16522,59.069653,96.806366,27.4972,25.3679,22.876234,32.640347,19.04119,-3.7921796,14.184935,6.3941326,15.074877,-7.980363,11.256704,11.249739,8.139748,-8.909708,7.8450027,7.9137177,8.4154215,-5.9833074,7.7631264,5.125814,7.2922473,call_d147a02786d2_grave,synthetic,train
5.759999999999991,5.68810412456171,-104.72446,58.833088,75.44528,28.489933,30.304207,22.865225,16.552912,14.216759,2.408144,14.994559,0.79555655,13.234074,3.6181705,9.00299,1.3650049,8.590364,0.10426991,7.809049,1.86241,7.9087796,-0.851022,8.572303,1.2585262,9.017907,call_d147a02786d2_ruido,synthetic,train
4.44,5.9295952352567225,1.0499934,104.00081,65.00871,33.86619,12.669468,28.534262,30.85923,32.396763,-3.5153892,17.478262,10.730164,17.860283,-13.49921,12.056626,2.8283849,12.915528,-16.255814,11.347332,1.4469635,9.083886,-8.539283,9.502576,-2.6669977,8.852954,call_d17b2416d506_orig,synthetic,train
4.44,5.9295952352567225,22.002579,69.89682,52.77389,27.29815,19.70061,30.458368,17.43754,21.230595,-4.8643546,20.919065,-5.216481,14.974463,-13.661222,12.977558,-7.9291534,12.771019,-9.816761,9.162501,1.0245731,8.755972,-8.732325,8.902375,4.399676,9.054957,call_d17b2416d506_agudo,synthetic,train
4.44,5.9295952352567225,-2.1781642,64.11762,80.6401,27.412687,-3.623273,21.50005,47.18643,32.512653,-10.210564,12.226491,22.471043,13.318432,-9.436512,13.461561,8.877663,9.220245,-7.8650007,9.84677,-4.3156385,9.446919,-2.1965942,8.180414,-4.0542727,9.804286,call_d17b2416d506_grave,synthetic,train
4.44,5.9295952352567225,2.4224966,81.48485,61.98175,33.734783,14.316221,27.50721,29.138283,31.63848,-2.2129226,16.926668,9.926408,17.697397,-12.302088,12.020199,2.3624203,12.556782,-14.918467,11.2153015,0.99117184,8.878514,-7.9768767,9.302988,-2.7990513,8.545937,call_d17b2416d506_ruido,synthetic,train
1.6,3.1842471257403164,-64.74766,134.01262,19.588245,31.711302,2.8344622,39.363712,21.850283,22.000473,0.30271935,19.40232,7.022089,14.515114,-0.29800028,12.679685,0.68008757,10.597423,-17.341461,12.813642,5.235612,7.966447,-13.372269,10.760736,-2.1614249,9.318356,call_d38f7d5159e7_orig,human,train
1.6,3.1842471257403164,-27.485544,124.06861,16.598581,26.590687,8.68707,39.98443,14.276279,15.33882,-5.2379613,20.643578,1.653331,12.203984,-1.9186684,10.62603,-17.95498,11.697991,-2.1851683,9.452932,-3.6262627,9.210314,-9.462254,12.43744,1.0320055,14.039431,call_d38f7d5159e7_agudo,human,train
1.6,3.1842471257403164,-27.638622,121.17896,30.996578,27.088331,-8.60544,30.731323,36.622143,28.778585,-2.0680451,14.271028,8.934505,16.489481,-1.9321339,11.165512,15.9248905,10.118615,-9.575866,10.198519,-3.7995877,9.863318,3.2986293,8.157908,-11.524666,9.345615,call_d38f7d5159e7_grave,human,train
1.6,3.1842471257403164,-58.374622,97.371155,14.58717,23.58216,4.872661,32.85866,19.010254,20.43968,0.92244345,17.550798,3.8243878,12.666399,0.040803432,11.153902,-0.058708906,9.4303465,-15.678213,13.193359,3.244565,7.6884036,-12.76956,10.406254,-2.2877817,8.86713,call_d38f7d5159e7_ruido,human,train
1.6399999999999988,2.9346583089998264,-106.511154,146.28716,54.930515,62.089123,13.594652,40.26972,8.280073,20.62698,-7.277443,23.079882,-2.2119875,16.674591,-4.661839,13.788115,-5.8333855,13.011434,-3.113532,9.441577,-1.2794566,9.296194,-4.1046443,8.846012,-2.5144165,9.203413,call_d3e854cbb77d_orig,human,train
1.6399999999999988,2.9346583089998264,-74.70125,135.27821,59.947277,56.446903,13.74815,41.378242,-5.166872,17.983984,-11.717756,20.846256,-2.3023422,15.870225,-6.5947375,15.082026,-3.942725,9.665213,-1.5088432,9.638704,-3.591071,9.786374,-3.0063727,9.2238655,0.74168,12.01122,call_d3e854cbb77d_agudo,human,train
1.6399999999999988,2.9346583089998264,-84.043945,125.18767,61.139915,59.6864,12.781084,32.311337,20.922165,29.578157,-7.8112593,22.454721,0.22417533,18.113455,-6.446874,12.824354,-0.6719974,11.466203,-9.907405,10.751986,1.9664333,9.282291,-4.306552,9.073719,-1.6216702,7.276943,call_d3e854cbb77d_grave,human,train
1.6399999999999988,2.9346583089998264,-90.05522,93.246,41.239174,49.08576,10.060829,32.336708,4.0564437,16.809128,-3.8225632,19.84549,-1.6316748,13.192181,-3.653554,11.459163,-4.2330694,10.728974,-2.466793,8.172959,-2.0212982,7.9864063,-3.6300006,7.837188,-2.2820976,8.174261,call_d3e854cbb77d_ruido,human,train
2.9200000000000017,6.27266889661053,2.4985583,104.1544,59.24156,32.584675,15.166027,25.02392,38.28528,30.120966,-8.008913,17.418001,9.014956,16.347387,-14.932877,12.566039,2.7531252,9.838827,-12.741938,9.068213,2.146514,7.036691,-3.1966045,8.138548,-1.6165622,7.4955683,call_d437831f4543_orig,synthetic,train
2.9200000000000017,6.27266889661053,26.298063,77.26191,52.634537,27.39526,27.922085,30.45736,20.199501,18.481512,-8.881477,18.031254,-4.6618567,13.034208,-13.586149,10.917003,-1.4519746,10.928159,-7.1152463,7.4132614,4.829961,7.133434,-6.9404626,7.2593,2.690837,7.2290096,call_d437831f4543_agudo,synthetic,train
2.9200000000000017,6.27266889661053,5.553073,71.25772,75.18947,29.276731,-2.9249012,18.989872,57.00245,30.360634,-11.338022,10.009896,22.705559,12.162895,-10.589344,11.804069,4.245253,9.095747,-7.15983,8.8461075,-5.3148723,8.026868,-2.160943,6.3323727,0.5926468,7.1012254,call_d437831f4543_grave,synthetic,train
2.9200000000000017,6.27266889661053,2.8061705,82.8677,55.571682,33.202995,15.558868,23.79837,36.096504,29.6119,-6.2814064,16.554926,8.41215,16.064138,-13.979809,11.836648,1.5931096,9.422011,-11.449152,9.234777,1.2120152,6.948126,-2.1048737,7.927706,-1.8555001,7.414587,call_d437831f4543_ruido,synthetic,train
2.0600000000000023,6.89065880001505,-76.289444,101.7433,47.23926,38.363476,15.844374,33.29459,31.506191,30.826143,-4.0478773,19.162056,8.040104,19.29534,-8.804712,15.508689,5.2081823,14.011196,-10.084212,11.736425,-0.07163364,11.350644,-2.2043507,10.76476,-3.4783902,11.224996,call_d4518fcb700a,synthetic,val
1.8999999999999986,4.8753256301502566,-220.01062,149.92555,78.52048,34.351254,30.855427,23.278046,7.443279,23.9733,6.8186007,13.355086,9.078123,13.265191,2.4733799,9.394058,0.09781417,10.1603775,-2.7443676,10.952723,2.4846942,8.991196,0.6354176,8.567675,0.4666141,8.496531,call_d557fa43925b_orig,human,train
1.8999999999999986,4.8753256301502566,-165.16048,150.72427,82.580414,30.873142,26.333767,29.05084,4.5975685,21.313795,7.677614,13.166357,5.352683,10.987961,-4.4921827,12.430732,-4.5479794,11.431866,1.1231534,8.934717,1.7395606,8.198123,-2.027182,9.730236,0.52254546,7.916749,call_d557fa43925b_agudo,human,train
1.8999999999999986,4.8753256301502566,-164.47089,152.66974,74.02677,32.241055,32.489643,17.001467,10.348979,25.139294,1.890766,15.678387,10.25536,11.215995,4.969286,8.971211,4.9827476,9.781603,-4.247959,9.180445,-0.93673825,8.368412,0.84509575,9.250348,1.5438948,8.2449875,call_d557fa43925b_grave,human,train
1.8999999999999986,4.8753256301502566,-180.31097,91.541626,22.295166,36.976154,16.851385,21.915659,8.187784,20.731121,5.1288195,11.253651,6.0925813,12.025144,1.6787134,8.036941,0.082708776,9.438442,-2.039196,10.1499605,1.9245412,8.2308035,0.7109026,7.927027,0.17812422,7.57346,call_d557fa43925b_ruido,human,train
0.8699999999999974,1.2978023732448631,-334.50092,130.4026,62.981106,37.79536,6.8207397,30.285866,-3.7181644,21.25949,-1.4004333,15.214022,-0.6028635,12.411449,-3.1676059,12.53584,-0.89993906,10.588687,0.0,14.379817,3.3141851,11.182819,-7.349342,11.603843,-6.321283,11.522037,call_d5d00276dd35_orig,human,train
0.8699999999999974,1.2978023732448631,-316.79483,132.62442,65.84369,36.42485,0.8852227,30.66851,-9.396135,19.56315,-0.93233,14.595742,-4.132519,13.123753,-2.5297964,11.5688715,-1.3695397,15.421405,-0.32400915,12.6128435,-7.77462,11.4547205,-8.221182,11.569779,0.64528173,12.496337,call_d5d00276dd35_agudo,human,train
0.8699999999999974,1.2978023732448631,-325.3409,123.09076,67.45592,37.91298,13.744883,24.312645,1.5818881,22.07503,-5.1051664,15.070887,2.9284678,14.041165,-4.693671,11.671147,0.46032578,12.8584795,-5.4094005,10.382835,3.4722638,9.579876,4.8455443,10.492185,-1.5095621,10.331229,call_d5d00276dd35_grave,human,train
0.8699999999999974,1.2978023732448631,-257.97128,88.73613,30.04501,39.53631,5.3344626,23.128492,-1.1916556,15.165552,-1.0491968,10.966883,-0.96821284,9.102923,-2.0191042,9.315877,-0.7726193,8.115378,-0.42359173,11.541316,1.490689,8.564845,-4.4782295,9.538709,-4.4337754,8.406337,call_d5d00276dd35_ruido,human,train
1.879999999999999,3.3032643786950437,-100.07129,119.90863,58.06047,39.316467,28.739895,44.900375,3.9856334,21.014963,-2.3323245,19.104162,-1.1914396,14.062349,-9.5289135,13.793765,-0.5802436,11.855503,-10.664931,11.085337,-3.944511,10.469794,-6.4610486,11.990221,-1.2027273,13.15245,call_d60330be1b1f,human,val
2.7699999999999987,3.5613840006379567,-95.28963,113.8552,65.61183,45.808926,40.45951,35.687756,20.66839,30.231121,0.81240857,19.75577,0.26722258,19.852755,0.8141806,13.153467,2.5468538,10.743423,-9.442541,11.705109,-3.9984388,9.65475,-4.8156524,7.648455,1.4104538,8.304466,call_d72a7cb67eb0_orig,human,train
2.7699999999999987,3.5613840006379567,-64.28654,93.444626,70.38545,37.414627,36.311775,40.95269,7.017108,23.350502,-3.6652021,21.230988,-1.5828741,16.023956,-0.5972009,13.408931,-9.166316,12.438871,-7.998362,10.849767,-0.52689505,8.987134,-0.3241676,9.358906,-2.840263,6.824492,call_d72a7cb67eb0_agudo,human,train
2.7699999999999987,3.5613840006379567,-70.53763,91.83493,64.323395,44.072495,39.659386,28.596241,33.37516,32.45424,2.937941,17.13063,7.01675,18.527903,-1.7172041,14.757522,10.18992,10.031904,0.41807938,10.351944,-2.9502938,9.640119,-5.2171154,9.986733,-3.9800098,7.6796703,call_d72a7cb67eb0_grave,human,train
2.7699999999999987,3.5613840006379567,-88.97763,85.52554,57.02562,41.934277,37.011753,32.46385,18.954403,27.39129,2.7134786,17.675484,1.1348541,18.244272,0.2656389,11.809946,2.5063396,9.863111,-8.525403,10.969332,-3.8981352,8.806799,-4.344215,7.2967916,1.3447659,7.7168746,call_d72a7cb67eb0_ruido,human,train
2.75,3.1242245437868292,-101.110374,94.87082,86.57089,35.307373,31.131443,32.26625,27.99457,20.422602,-27.155418,19.73258,-2.8949342,15.762511,1.4595176,11.176938,-0.903719,8.936669,-9.110722,9.289367,-5.496993,7.8233733,-6.560014,8.754394,-1.5583558,10.502789,call_d80d9f6f7884_orig,human,train
2.75,3.1242245437868292,-70.22582,75.32026,85.87955,30.539368,33.752075,33.508785,2.227005,15.991553,-35.12387,19.198347,1.5728352,11.888977,-3.6416397,10.372955,-10.930086,9.27681,-12.303313,8.907085,-6.165145,8.239743,-5.3488307,9.028694,-9.103069,11.108959,call_d80d9f6f7884_agudo,human,train
2.75,3.1242245437868292,-93.17227,71.21446,91.402466,28.514538,26.293175,27.115803,53.35809,24.132116,-12.102835,17.032883,-11.368135,17.231369,-4.2930303,10.88917,5.117871,10.458435,-1.0591623,8.44041,-1.4063892,7.4976397,-4.0421886,6.4318967,-2.9845948,7.349273,call_d80d9f6f7884_grave,human,train
2.75,3.1242245437868292,-94.48624,68.76851,79.605606,31.856077,32.031063,27.85399,24.55656,18.846058,-21.897493,18.915346,-4.1433887,14.529449,1.1595768,10.530966,-1.7618078,7.955251,-8.349327,8.943931,-5.572332,6.935315,-6.5301576,8.112829,-1.918554,9.758333,call_d80d9f6f7884_ruido,human,train
3.5799999999999983,3.6065362683432527,-39.186703,87.324265,48.907658,35.58453,15.017139,33.132153,30.836607,29.962769,-4.636413,19.448868,8.496138,19.024527,-10.665243,14.65971,3.574442,13.845084,-11.536448,13.87534,-0.22561732,11.715819,-2.2662191,11.440823,-2.9237456,10.188053,call_d88d3c23953c,synthetic,val
2.6200000000000045,3.2031984015980033,-115.26777,77.454414,71.405716,34.187855,22.37883,29.437473,23.545135,17.910183,-20.57359,19.288454,-7.756096,16.873066,-13.437239,12.9844265,3.665943,11.126473,-15.260592,11.7706175,1.6826717,9.967368,-12.123856,10.563464,-4.0670595,13.232707,call_d88d8e15e430_orig,synthetic,train
2.6200000000000045,3.2031984015980033,-84.699554,61.114235,67.690956,28.217829,27.547398,27.457163,0.92015713,14.652012,-24.952555,17.988417,-11.00765,14.367868,-2.208105,12.895035,-7.0890126,9.60327,-6.956813,11.89905,-3.5635433,13.312143,-9.30773,16.513006,-3.6076503,19.511007,call_d88d8e15e430_agudo,synthetic,train
2.6200000000000045,3.2031984015980033,-104.21808,59.23544,82.92911,27.789865,9.278557,21.496836,47.91223,19.329588,-16.858995,17.317953,2.1928372,16.237381,-23.912422,11.586657,6.474193,9.109448,-9.745464,10.04307,-3.872632,10.727324,-2.2897532,9.176728,-5.6448827,9.025406,call_d88d8e15e430_grave,synthetic,train
2.6200000000000045,3.2031984015980033,-108.59443,61.762554,65.755066,29.644098,24.244696,25.884249,20.521116,16.084753,-15.87476,17.94474,-8.560429,15.703296,-12.018149,11.77115,1.0131158,10.039907,-12.945663,10.939952,-0.21751082,9.714423,-10.957749,10.277146,-5.085034,12.996417,call_d88d8e15e430_ruido,synthetic,train
3.8699999999999988,2.302259759453743,-144.37384,84.75615,66.883224,30.314594,25.4762,30.171877,20.876362,17.601532,-21.085068,17.84443,-6.975547,16.23328,-10.905837,11.414959,1.0372862,10.128694,-16.672358,10.682102,1.690845,10.015614,-13.410553,12.021208,-1.7991283,12.67998,call_d89caa393417_orig,synthetic,train
3.8699999999999988,2.302259759453743,-109.83481,61.455734,62.867744,23.869776,32.02474,27.78829,-0.9893246,14.493849,-23.449383,16.165882,-8.382192,11.734371,-0.6737968,12.096591,-9.253487,8.902563,-4.959368,11.257191,-5.4127197,12.557567,-6.3135676,15.9495945,-4.6237936,21.471277,call_d89caa393417_agudo,synthetic,train
3.8699999999999988,2.302259759453743,-130.82843,58.173946,75.93713,23.950571,11.722193,21.393532,48.541866,19.127764,-19.51887,15.4391985,1.7254343,14.234023,-21.590975,10.156735,9.190121,8.445716,-13.481651,9.321753,-2.0373402,9.7644,-4.879332,9.23111,-6.1579876,10.276809,call_d89caa393417_grave,synthetic,train
3.8699999999999988,2.302259759453743,-135.60631,60.26663,56.987514,25.695597,25.452393,25.794867,17.921608,15.093006,-15.87929,16.183384,-7.1576138,14.604477,-8.720687,10.02417,-0.721747,9.045036,-13.498937,10.014409,-0.35715598,9.467455,-11.534895,11.5912895,-3.5996172,12.237419,call_d89caa393417_ruido,synthetic,train
3.660000000000011,2.635580341599213,-53.714752,109.39278,52.78111,38.049828,7.130727,35.139355,26.074556,25.866177,-0.3597194,18.624187,13.17383,19.888098,-6.8206058,12.858334,5.9220867,10.863171,-7.5439863,11.444536,-0.20808603,10.325549,-7.2878437,10.04239,-0.10169804,8.54436,call_d9b9c625f406_orig,synthetic,train
3.660000000000011,2.635580341599213,-30.51255,78.499725,49.458206,26.611393,16.824345,38.43324,16.391424,16.225103,-0.87535906,19.332626,0.9710324,16.294195,-7.9961,12.678992,-3.369179,10.674152,-8.799279,9.941258,-4.8544865,9.768457,-4.850009,9.22607,-1.9498228,9.715584,call_d9b9c625f406_agudo,synthetic,train
3.660000000000011,2.635580341599213,-49.161453,72.556526,71.52503,30.602928,-9.293837,25.601217,44.94143,29.59387,-8.646043,14.087976,24.733192,15.589973,-6.6686,14.201863,11.974178,9.787831,-3.87278,11.000839,4.6093216,10.21249,-3.7359645,8.566416,-1.8604555,8.360525,call_d9b9c625f406_grave,synthetic,train
3.660000000000011,2.635580341599213,-50.590195,86.123085,49.339146,33.3476,9.196268,32.402927,24.532124,24.606087,1.0762712,17.363876,11.469205,18.310005,-4.964675,11.959326,4.6151853,10.12803,-6.0069885,11.028013,-0.8372027,9.606383,-5.8015194,9.65808,-0.37386733,8.17957,call_d9b9c625f406_ruido,synthetic,train
2.460000000000001,5.762976601163293,-84.29756,90.517525,46.734207,43.42661,16.203453,34.936745,23.135433,28.335056,-14.523775,20.303648,11.760187,16.807842,-10.941207,14.084353,-0.90178555,10.574247,-8.272694,10.2680025,-6.7918253,9.05295,-7.540471,10.142996,-6.5157433,10.391721,call_db5326bcb672_orig,human,train
2.460000000000001,5.762976601163293,-54.966934,72.117004,44.46202,35.19546,20.163513,39.05364,3.9400165,21.276663,-11.276962,18.479929,4.4114103,15.241456,-16.337395,12.880044,-3.8071587,11.146294,-13.9945755,9.693049,-4.835035,9.834087,-8.064588,12.213268,-3.455133,14.099795,call_db5326bcb672_agudo,human,train
2.460000000000001,5.762976601163293,-62.99726,67.04234,57.731544,39.17184,8.973467,26.110664,39.046017,31.587822,-12.30015,20.375847,10.134087,15.087009,1.7478361,13.315246,-3.1174154,10.890599,1.988436,10.703994,-5.3362007,8.301947,-3.1287267,8.454361,-6.508746,8.462933,call_db5326bcb672_grave,human,train
2.460000000000001,5.762976601163293,-79.156654,71.66732,42.392273,38.15975,16.3445,30.963703,21.087646,26.386168,-10.776093,19.088724,9.788244,15.747348,-9.582708,13.1097765,-1.4032519,9.909574,-7.613708,9.771276,-6.6609735,8.580598,-7.1919527,9.77145,-6.463397,10.058619,call_db5326bcb672_ruido,human,train
3.299999999999999,4.253598185144097,-95.31493,128.31224,78.543335,42.980595,13.23274,31.516682,22.435434,31.60946,-2.47677,17.3414,7.2045727,16.737864,-9.547502,15.7189245,3.1695414,12.673364,-6.275176,11.548865,-3.393187,10.926332,0.45668513,8.842749,-2.5540278,8.40321,call_dc1a55102190,human,val
2.479999999999997,2.615178260335867,-41.438953,105.58593,61.14338,34.678547,19.03637,27.581827,41.186623,30.693932,3.655096,20.66576,6.5707016,18.005882,0.32298437,14.639449,8.952952,12.611407,-9.577306,12.757684,2.1478925,10.897474,-1.8353715,10.7525,-4.4391923,8.943548,call_dcdbcc7d70e4_orig,synthetic,train
2.479999999999997,2.615178260335867,-16.981447,75.39572,58.819237,27.523466,27.082537,28.398155,32.142204,20.332773,-1.2897238,19.701462,0.21219182,15.207048,-0.37337762,12.155946,-5.7392507,13.114484,-8.987622,10.205972,1.8474642,10.62603,-7.74113,9.799897,0.56861943,6.9365015,call_dcdbcc7d70e4_agudo,synthetic,train
2.479999999999997,2.615178260335867,-37.96596,70.93888,73.928024,27.027985,-3.1315408,21.408169,49.171707,28.555819,3.1459794,14.266652,19.150303,13.928302,-5.803794,14.37854,17.133354,12.880115,-2.2470734,10.212338,0.2445693,9.61876,-2.2596316,9.75955,3.8159544,9.401476,call_dcdbcc7d70e4_grave,synthetic,train
2.479999999999997,2.615178260335867,-39.472546,80.2971,59.082443,31.724915,19.424099,25.480312,39.2564,28.526667,4.3022084,18.742275,6.775381,17.262968,0.8938794,14.046983,7.5426116,11.807882,-8.296997,12.149041,1.4810736,10.220494,-1.5643197,10.208325,-4.644702,8.464919,call_dcdbcc7d70e4_ruido,synthetic,train
1.0600000000000023,1.704832954181158,-219.86316,148.46646,78.4026,43.107075,24.939278,39.742588,6.3217363,25.308187,-12.124318,18.074024,-4.992655,16.060768,-6.4338875,11.281635,-4.983528,10.432034,-7.4292555,9.53676,-3.9086967,9.45653,-0.07848535,9.193964,3.3518877,8.606048,call_ddeabfdb99d4_orig,human,train
1.0600000000000023,1.704832954181158,-160.81033,143.70374,79.23944,36.28164,13.861151,43.80314,-9.025545,21.911045,-16.916492,18.643303,-5.94645,13.137554,-7.5982137,13.159286,-6.826726,10.036719,-3.221219,9.115927,2.839746,9.538237,4.4184494,10.190736,-3.0582957,12.267899,call_ddeabfdb99d4_agudo,human,train
1.0600000000000023,1.704832954181158,-167.4069,140.17427,85.81064,39.42729,26.800053,34.4822,17.263456,28.831642,-10.943288,16.732885,-2.5989566,16.473661,-6.865981,10.135836,-0.849155,10.69017,-7.4032507,8.936746,-4.1135554,8.704079,-10.055359,9.093926,-0.18568712,7.666112,call_ddeabfdb99d4_grave,human,train
1.0600000000000023,1.704832954181158,-169.42381,92.17228,37.2805,32.63351,14.108696,30.641914,5.6543336,19.521,-5.007776,15.133395,-3.7405667,13.340138,-5.6337037,9.623897,-3.563961,8.430928,-5.7228622,8.035838,-3.0446982,8.281531,-0.38314927,7.8379197,1.6522994,7.778661,call_ddeabfdb99d4_ruido,human,train
1.7800000000000002,1.8442682678468933,-161.26514,167.03781,63.07475,41.937702,29.69223,29.648655,23.460932,24.204119,7.899728,16.606663,5.960374,17.63031,2.7554026,11.708833,1.5603282,10.126345,-2.9969583,10.777376,-1.017379,8.784627,-5.664064,9.084932,-1.7534139,6.9028554,call_ddf2da1910f1_orig,human,train
1.7800000000000002,1.8442682678468933,-113.6934,160.67393,72.783035,36.62845,29.19019,32.684116,18.94271,19.40952,0.12481016,18.455149,2.4655957,16.321877,-0.09291917,12.65286,-5.5762844,10.642706,-3.259128,10.800434,-3.2881055,10.334962,-2.5512576,7.592308,0.36636198,7.8143916,call_ddf2da1910f1_agudo,human,train
1.7800000000000002,1.8442682678468933,-127.98697,156.90036,65.5262,40.13163,24.59082,23.26339,23.718212,26.345057,11.288513,15.846116,7.0735483,14.248707,3.323885,14.009776,6.1557703,9.245024,-0.51324177,10.069455,2.0337443,9.286158,-0.4992589,7.0853295,-2.6226635,7.500586,call_ddf2da1910f1_grave,human,train
1.7800000000000002,1.8442682678468933,-145.36559,90.78796,56.087997,42.04587,17.612877,26.30828,12.550879,21.874556,2.8140812,14.009407,1.9655817,15.439823,0.91457903,9.906861,-0.03422758,8.85218,-3.0771968,9.432619,-1.7527566,8.070341,-4.86665,8.351134,-1.952791,6.5553846,call_ddf2da1910f1_ruido,human,train
2.960000000000001,3.7633233539873605,-32.52013,92.45002,26.15845,30.660337,18.912498,37.094513,11.281394,21.4328,-6.6294765,25.585146,-3.1873636,18.299648,-8.239941,15.701007,3.5991602,12.9072075,-14.485635,12.765453,1.6070061,12.282418,-12.570911,13.684558,-1.6344256,13.864098,call_df3e278ab7fe_orig,synthetic,train
2.960000000000001,3.7633233539873605,-7.2947273,60.92059,30.116674,22.59426,22.48851,34.03111,-0.6290764,16.037218,-7.539488,21.136667,-8.177966,19.764997,2.5602827,14.490212,-8.790993,12.519884,-4.381666,12.637461,-4.4894214,13.011928,-3.812562,13.58377,-0.93089694,16.326916,call_df3e278ab7fe_agudo,synthetic,train
2.960000000000001,3.7633233539873605,-18.981699,55.930885,47.035934,23.272123,1.978384,24.518011,37.063217,24.176678,-17.815788,19.124393,17.195164,17.194975,-25.442347,12.245553,20.114655,11.345616,-17.843964,10.434007,7.106328,10.726267,-10.630569,10.411389,1.4795682,10.249351,call_df3e278ab7fe_grave,synthetic,train
2.960000000000001,3.7633233539873605,-31.95691,73.88002,25.47432,27.869823,17.983349,35.688187,10.989985,20.345211,-5.0758877,24.572533,-3.1721199,17.7441,-8.041581,15.19486,3.208919,12.638534,-13.964737,12.678385,1.2993695,12.140883,-12.121331,13.532974,-1.6226654,13.690738,call_df3e278ab7fe_ruido,synthetic,train
4.970000000000006,4.829909257687973,-80.78165,115.13592,74.56601,41.410686,13.051203,28.914183,32.753773,28.21185,7.0924106,18.191776,6.2904367,18.202301,2.1047964,14.174152,8.316933,10.378648,-6.803912,10.246722,4.2069716,9.874209,-2.1453426,8.663391,-2.7924314,8.160183,call_df75973c8794_orig,synthetic,train
4.970000000000006,4.829909257687973,-49.972023,88.036316,72.1637,30.13961,16.681702,26.320427,30.414127,19.110243,2.3559732,18.6404,0.8930541,16.24424,2.7172906,12.275811,-3.776959,10.522488,-4.5983024,9.227764,0.23478583,8.152282,-7.379922,8.219105,-0.19735372,7.0652943,call_df75973c8794_agudo,synthetic,train
4.970000000000006,4.829909257687973,-73.24394,80.75887,85.092545,29.798546,-3.5666094,20.338503,40.10975,25.178577,7.145647,13.178856,17.463678,13.9809265,-5.930129,14.821952,15.527454,10.98494,-2.8893747,9.749032,2.3447595,8.760969,-0.7334693,8.476196,4.300372,7.718257,call_df75973c8794_grave,synthetic,train
4.970000000000006,4.829909257687973,-76.652466,81.64141,71.10628,36.04339,13.6831045,22.913664,28.791948,26.80142,8.170216,15.820932,5.5265923,16.604769,3.0467496,13.1292715,6.6947346,9.754204,-5.842325,9.596491,3.447471,9.058017,-1.4380655,8.018777,-2.7000527,7.4912167,call_df75973c8794_ruido,synthetic,train
5.1100000000000065,9.413436354488192,-82.949646,91.1937,55.124374,31.019514,5.076318,31.227928,34.950764,23.518251,-2.157765,20.171846,9.659294,20.153942,-6.419299,12.510491,7.272146,10.45289,-8.856118,12.3969755,2.0604105,10.26746,-6.9955406,10.462502,-1.3312848,9.9401455,call_e0a8703be347_orig,synthetic,train
5.1100000000000065,9.413436354488192,-48.1486,67.976,48.561836,22.487074,16.817467,31.694386,20.525076,15.932863,-7.5581427,19.349237,-0.3666769,17.033298,-5.253169,12.346558,-4.0235705,11.166484,-9.188393,9.785541,-3.2466927,10.063495,-7.0290203,9.492081,0.21831562,9.929121,call_e0a8703be347_agudo,synthetic,train
5.1100000000000065,9.413436354488192,-67.67367,62.654762,74.472305,26.176338,-13.160793,22.344213,50.296806,24.069725,-6.3700156,14.530849,19.50234,15.613974,-8.834154,14.898,12.8186035,10.027303,-4.5136147,10.727511,2.903574,10.419275,-0.7254672,8.505396,-0.779032,9.032038,call_e0a8703be347_grave,synthetic,train
5.1100000000000065,9.413436354488192,-77.70145,71.75271,50.93857,27.957249,8.611725,28.015833,32.549255,22.270985,-0.24626169,19.060818,7.736384,18.806885,-4.381323,12.074779,5.9420805,9.704091,-7.4035287,11.846781,1.0737499,9.779746,-5.707329,10.03237,-1.7394269,9.536961,call_e0a8703be347_ruido,synthetic,train
1.5999999999999983,2.4532699267168585,-105.223694,96.96382,89.82818,31.701729,20.790508,46.786877,0.33938253,21.235653,-11.90723,18.7274,-5.896416,14.628418,-8.667713,12.351289,-5.010203,10.697127,-12.119563,9.55484,3.2436562,8.931026,-7.018393,8.729105,0.99038047,8.040298,call_e0c1f661d9ca_orig,human,train
1.5999999999999983,2.4532699267168585,-77.96379,80.821106,86.25609,27.088121,5.591359,46.500202,-14.696048,18.361275,-15.290262,17.854076,-12.812048,13.715929,-7.711461,12.108921,-13.503807,9.696237,-0.8957607,9.333175,-3.18806,8.38898,-6.3690453,9.243386,-5.6966515,9.805192,call_e0c1f661d9ca_agudo,human,train
1.5999999999999983,2.4532699267168585,-98.21439,76.731834,98.34443,29.579178,19.36583,39.13957,17.596355,25.25154,-11.417924,17.255438,2.7919617,16.630554,-13.29747,12.58418,5.745492,9.957575,-14.196375,9.667195,-1.9584513,8.1174755,-0.7007016,8.154805,-1.9426683,7.522849,call_e0c1f661d9ca_grave,human,train
1.5999999999999983,2.4532699267168585,-98.38118,75.522285,82.82293,29.919966,20.87331,41.598408,1.3688064,19.671173,-9.982216,17.269022,-6.279871,13.206681,-7.9020634,11.802016,-5.5214634,9.791266,-11.154314,9.336403,2.2499094,8.662453,-6.249508,8.206789,0.31341273,7.665748,call_e0c1f661d9ca_ruido,human,train
4.099999999999994,3.544527240183292,-43.240677,74.33696,53.91581,29.034359,7.1057186,30.521564,36.454494,25.37386,-5.9052534,20.036352,9.102367,17.42355,-5.8223705,10.991177,6.605302,10.414948,-8.183472,11.879886,2.8354144,9.921009,-8.722162,9.864456,-2.0174756,8.727782,call_e106a61086bb_orig,synthetic,train
4.099999999999994,3.544527240183292,-12.139912,54.105152,46.710754,19.312738,17.793655,32.07781,19.586872,15.576382,-9.647753,17.318335,0.28307697,14.744072,-5.186113,11.732404,-3.9561453,12.155913,-7.4373407,9.296608,-5.1023183,9.398211,-8.362537,8.915773,1.3090975,10.530414,call_e106a61086bb_agudo,synthetic,train
4.099999999999994,3.544527240183292,-32.077045,49.206,76.50661,23.920458,-12.694579,22.022745,54.903885,25.29639,-8.147843,13.312295,18.57648,13.621004,-10.009198,12.712699,13.615356,10.489401,-6.605352,10.3171425,5.3767962,10.17961,0.026270866,7.825434,-0.3550119,9.579714,call_e106a61086bb_grave,synthetic,train
4.099999999999994,3.544527240183292,-39.767075,61.178284,51.209785,26.134535,9.087831,28.74131,33.729095,24.17243,-3.998209,18.868763,7.7157125,16.69074,-4.522708,10.693179,5.3326235,9.892384,-6.9593067,11.347803,1.7678492,9.327753,-7.6331954,9.61013,-2.409411,8.427647,call_e106a61086bb_ruido,synthetic,train
1.6200000000000045,2.054609829163319,-63.969402,147.97122,43.4217,41.0784,-4.5631957,34.070534,12.961442,27.010836,-7.7443695,19.792759,-1.5879791,17.178654,-6.9733257,13.927064,2.5345235,12.307225,-7.847865,10.635166,2.897396,9.195792,-4.6738276,10.781317,-0.5760444,9.700964,call_e118b75d4937_orig,human,train
1.6200000000000045,2.054609829163319,-33.867256,139.53163,30.84258,36.69787,-3.324587,34.940098,6.723769,18.17922,-10.439965,19.66667,-1.912249,14.121986,-6.3635206,15.943127,-5.4129534,11.809789,-3.9477026,10.796395,-0.9889332,9.520601,-8.685582,11.7592945,-4.393479,12.390616,call_e118b75d4937_agudo,human,train
1.6200000000000045,2.054609829163319,-37.08897,137.62294,53.86383,39.580856,-11.496834,26.115496,17.271114,30.609804,-6.2924185,15.339251,2.4385233,17.516514,-5.9345303,12.276852,3.4104784,12.589716,-2.4626508,9.969203,-1.7255846,8.22875,3.0846646,7.676645,-3.187594,10.0377865,call_e118b75d4937_grave,human,train
1.6200000000000045,2.054609829163319,-61.841587,109.762856,24.459747,35.29104,-1.3571601,30.374712,10.97191,24.390013,-5.876828,18.38343,-1.2516447,15.216087,-5.2619925,12.971405,1.8961692,11.497743,-7.3798027,9.676421,2.4117408,8.208411,-3.745304,9.204036,-0.5030854,8.754395,call_e118b75d4937_ruido,human,train
3.3799999999999955,1.832193585114121,-80.00387,68.10194,55.167194,24.66233,11.073757,22.696892,31.682667,24.348413,-2.9791634,14.702915,-0.18311948,13.745206,-10.948925,14.98987,0.74773836,12.607773,-11.827642,11.795567,-2.676135,11.460661,-2.635398,9.0856,-4.8951797,10.593931,call_e2200941723b_orig,synthetic,train
3.3799999999999955,1.832193585114121,-56.576202,60.636127,49.98507,18.272089,17.453148,24.739351,21.172104,18.489197,-10.042427,15.07236,-7.6616797,12.874029,-8.615578,11.017271,-4.9810634,11.110416,-9.677696,11.403784,4.354694,9.777291,-7.262368,9.972847,3.523488,8.108355,call_e2200941723b_agudo,synthetic,train
3.3799999999999955,1.832193585114121,-73.690765,61.420418,69.27271,24.0609,-5.661791,17.222076,44.423218,22.013527,-2.853755,14.313796,15.820902,10.568928,-14.232019,13.5387125,7.141802,11.423331,-7.080761,10.401885,-5.218839,10.100508,-5.57246,9.386456,1.2597773,7.0757747,call_e2200941723b_grave,synthetic,train
3.3799999999999955,1.832193585114121,-78.705086,64.237015,51.79878,22.609106,12.806272,21.196676,28.351727,24.361753,-2.0935688,14.155297,-0.9792431,13.564716,-9.575137,14.403019,-0.24516916,12.103683,-11.1991825,11.543708,-2.9207602,10.968269,-2.3004916,8.970111,-4.8220444,10.129783,call_e2200941723b_ruido,synthetic,train
4.829999999999991,4.766308362681043,-120.66562,97.63554,90.25782,34.227016,15.371369,30.536936,4.5933185,22.983208,-1.2328247,16.419342,7.455793,13.686999,-9.397575,12.055212,-1.8362341,9.375676,-8.368437,9.794241,0.8100513,9.235638,-6.1561184,11.232328,-3.9869518,12.953435,call_e2d538297f0c,human,val
3.0999999999999943,4.249928417697827,-80.76198,74.26705,49.033966,30.400665,19.636826,23.36261,33.986294,24.835981,-2.159675,13.544827,2.5937319,17.538862,-7.475273,17.987204,2.702452,13.265957,-14.349388,13.373738,-1.4250629,10.986341,-4.0900073,9.108969,-5.1816444,9.287485,call_e3064936e37a_orig,synthetic,train
3.0999999999999943,4.249928417697827,-61.157482,59.800423,45.73514,22.975073,26.515497,23.456131,21.436113,18.566628,-10.499439,15.960214,-7.9950233,18.169477,-6.948102,13.205468,-7.691739,12.659039,-11.199622,10.11736,2.9603806,10.242846,-7.149166,8.842606,3.2441351,7.9268174,call_e3064936e37a_agudo,synthetic,train
3.0999999999999943,4.249928417697827,-77.09717,56.342533,61.013252,27.348234,2.2188132,17.689236,49.30708,21.388178,-1.3054019,12.432908,15.729044,11.610146,-11.547922,18.404741,9.272453,12.718361,-6.4119053,9.471522,-4.5685263,11.118633,-5.209401,9.2376,-0.12867239,8.344632,call_e3064936e37a_grave,synthetic,train
3.0999999999999943,4.249928417697827,-78.75545,65.41326,45.24378,28.211306,20.339348,21.718582,33.067528,24.039669,-1.1547322,12.902029,2.514069,17.056026,-6.3106937,17.46157,1.914054,12.62629,-13.707224,12.907892,-1.6942613,10.56283,-3.624292,8.864962,-5.243002,9.030199,call_e3064936e37a_ruido,synthetic,train
4.340000000000003,2.6496913027747238,-107.59833,92.49714,69.44902,27.04934,33.008957,30.850224,19.633287,15.346336,-25.62123,17.172325,-3.9217296,15.582624,-10.108647,10.616507,0.44720483,9.413732,-15.841636,9.278273,1.5219531,9.413353,-15.441963,10.833957,-1.5482004,14.303453,call_e3084824935d_orig,synthetic,train
4.340000000000003,2.6496913027747238,-74.66412,65.80568,67.73796,21.568958,39.00304,27.531002,-4.9274316,15.389242,-25.017473,15.995428,-6.416049,11.972797,-0.8814566,11.83936,-10.313885,8.729868,-3.3661337,9.91722,-6.553074,11.830756,-4.783778,17.321144,-1.6978189,21.166357,call_e3084824935d_agudo,synthetic,train
4.340000000000003,2.6496913027747238,-97.11305,63.290287,78.81625,20.941372,16.241669,24.221195,50.086044,15.616851,-23.219158,15.656285,0.39887887,14.5332155,-19.78867,9.573293,8.344191,8.715453,-14.134206,8.79815,-0.40961453,7.4857,-5.324282,8.830563,-8.540743,8.768153,call_e3084824935d_grave,synthetic,train
4.340000000000003,2.6496913027747238,-101.0932,69.02254,62.502987,23.945087,30.165339,26.506548,17.600285,13.213805,-20.06398,16.45992,-5.7419558,13.964373,-8.725895,9.540667,-1.0661272,8.498414,-13.683863,8.878319,-0.19067846,9.081672,-13.265539,10.851206,-2.8695703,13.921242,call_e3084824935d_ruido,synthetic,train
1.8299999999999983,4.679140205339493,-96.73629,105.30829,70.28142,44.87073,25.27528,24.503609,19.893158,29.634626,-2.212589,16.573349,15.36657,15.302848,-4.0165987,14.89373,1.4855092,10.4944,-3.563706,9.384781,0.23548089,10.012657,4.645586,7.2696476,-3.781744,10.265207,call_e31bf946a8fa_orig,human,train
1.8299999999999983,4.679140205339493,-65.517105,87.69205,76.329285,37.228016,27.774967,29.629683,12.760899,26.058353,1.7270449,16.482422,8.6571045,14.494071,-11.815105,13.866933,4.662534,9.664004,-5.7099166,10.57392,7.216912,8.1658745,-6.4386063,10.169076,2.1085644,8.655741,call_e31bf946a8fa_agudo,human,train
1.8299999999999983,4.679140205339493,-80.19077,78.593544,78.78163,42.148975,21.881512,22.614407,28.695103,26.952477,-4.348387,18.205942,17.00789,16.937843,6.336708,12.882672,-0.84325284,10.166019,5.485435,10.568985,-6.1517687,8.5856495,4.665487,9.603122,3.8810227,8.010363,call_e31bf946a8fa_grave,human,train
1.8299999999999983,4.679140205339493,-92.35741,80.59809,66.16989,41.379093,24.986267,21.822962,18.44753,27.721012,-1.1310253,15.329524,14.208498,14.165831,-3.5243287,13.77466,1.9397198,9.810324,-2.881815,8.937817,-0.1206764,9.3508415,3.6830263,6.8935366,-3.047761,9.792508,call_e31bf946a8fa_ruido,human,train
5.74,4.625928110590752,-69.1873,101.59186,57.544456,32.26742,23.39074,34.612396,16.066435,18.88514,-10.788298,22.547956,-2.967089,14.536276,-13.019089,12.267738,-2.2595768,11.526984,-16.728905,10.506193,3.4294105,10.578682,-8.94388,12.025458,2.771694,12.823513,call_e329faf2b6a1,synthetic,val
2.540000000000001,1.9979622271766018,-68.62322,100.124954,52.92869,30.426184,19.892807,42.224052,22.720402,21.04874,-12.125223,26.64698,-4.476057,17.923464,-14.766467,15.340973,0.20509553,13.14335,-14.184172,11.624731,4.228211,9.2336645,-7.3077645,10.865007,-0.22247851,9.862347,call_e3f555297277,synthetic,val
2.2700000000000005,3.371865210829162,-99.20189,104.06355,73.42598,42.49013,21.482946,25.741901,27.088684,26.611052,-5.8242636,17.230694,19.419867,15.151632,-6.644441,14.259992,0.75469476,11.404879,-1.4814868,10.569781,-0.5096642,10.488737,4.438054,8.287894,-9.219866,9.119701,call_e4d9c2e0947a_orig,human,train
2.2700000000000005,3.371865210829162,-69.05856,83.44794,72.519745,32.286156,26.20725,29.588968,14.833314,24.212273,-2.222485,15.62748,8.221501,13.383943,-15.524092,15.0139475,6.5320415,9.131633,-8.2186775,11.413945,4.336952,10.413192,-11.87998,10.392216,-4.707856,8.105445,call_e4d9c2e0947a_agudo,human,train
2.2700000000000005,3.371865210829162,-88.09892,74.91793,77.52614,37.268852,16.747892,22.4002,37.62494,25.796116,-6.369733,18.514324,18.351192,16.698172,9.30843,11.34087,-4.6710587,13.11514,7.340392,10.251472,-4.8408065,9.889643,4.5918007,9.808049,8.260882,8.239626,call_e4d9c2e0947a_grave,human,train
2.2700000000000005,3.371865210829162,-93.41969,80.98798,64.36061,38.402462,23.180042,22.565847,21.944506,25.047562,-3.2279916,15.972122,17.380756,14.528949,-5.304564,13.434524,0.7962252,10.683643,-0.4899049,9.773404,-0.54975307,9.675317,3.8344617,7.874067,-8.048843,8.727705,call_e4d9c2e0947a_ruido,human,train
1.5600000000000023,3.2162711328493434,-105.21778,102.79767,93.24789,43.482117,9.253061,40.304146,-1.4338903,19.600687,7.5038376,17.322264,-12.1547985,15.681566,-8.495294,12.45238,-3.1930962,11.150174,-8.936224,10.043924,-1.0528841,7.980819,-5.644163,8.749923,-5.101478,9.781789,call_e58669998b76,human,val
1.1999999999999957,2.2617098743109305,-83.21538,158.10016,34.65529,44.782734,4.1865892,39.440685,47.729576,33.511246,-8.828743,23.748402,2.3348289,19.12957,-6.3401585,15.068723,-0.23126538,14.06163,-3.5408244,12.736713,-0.5273564,10.416882,-2.6501517,10.333327,-3.3835359,8.627434,call_e618b7b1fa5b_orig,human,train
1.1999999999999957,2.2617098743109305,-36.27574,144.37415,29.639107,37.792137,17.213531,45.82991,37.225533,20.840002,-19.168015,22.475351,-0.3966719,17.933498,-8.988616,15.540835,-0.49709505,13.086507,-5.0553575,10.372198,-0.60163224,9.625454,-3.5901155,8.65225,4.4886303,10.474885,call_e618b7b1fa5b_agudo,human,train
1.1999999999999957,2.2617098743109305,-52.10125,133.9567,50.83062,40.449486,-17.735353,29.039274,57.037308,40.29791,-0.019855078,18.047745,6.771326,14.156955,-3.9894729,15.234627,1.7929878,12.181634,-6.3235583,11.755547,-0.5753612,10.23872,-1.8834829,9.134886,-1.2013493,9.480036,call_e618b7b1fa5b_grave,human,train
1.1999999999999957,2.2617098743109305,-70.20517,102.56191,22.518177,36.76084,5.017059,26.894709,36.444584,31.447237,-3.2801762,19.302036,1.1350982,15.12147,-3.3714015,12.605963,-1.4332786,11.074385,-1.8999237,10.481802,-0.9078734,8.423679,-2.3755817,8.365857,-2.1671195,7.605677,call_e618b7b1fa5b_ruido,human,train
4.229999999999996,5.186477905209324,-93.39252,104.73289,90.47056,32.49226,19.771576,27.3696,32.621216,27.888018,3.8661296,18.781437,6.693529,18.91573,-4.952399,14.477162,2.5428061,11.487708,-16.883446,12.163499,-3.1172588,10.36094,-6.2398806,11.169893,-4.497715,9.034208,call_e697765a4dfd_orig,synthetic,train
4.229999999999996,5.186477905209324,-63.26391,88.91894,88.07282,25.262615,25.217175,31.678387,25.423857,18.665348,-1.9187542,21.640465,-3.3032608,15.368877,-6.861345,13.112709,-10.973161,14.53894,-12.253735,10.717902,1.2593408,9.64499,-6.270086,9.175722,5.137767,7.985271,call_e697765a4dfd_agudo,synthetic,train
4.229999999999996,5.186477905209324,-93.17874,83.18711,96.47697,29.5055,10.308583,18.706059,44.634804,28.890154,6.7884955,12.487625,15.738567,16.76849,-3.191516,15.784045,9.738531,11.55633,-2.1126838,10.141283,-8.942937,10.356804,-2.4723043,8.154922,-6.269986,9.460389,call_e697765a4dfd_grave,synthetic,train
4.229999999999996,5.186477905209324,-89.87361,81.3352,81.630646,33.515648,21.73965,24.37992,29.087471,26.326153,5.738168,16.956654,4.894451,17.978914,-3.151147,13.380194,1.154721,10.968113,-14.106876,11.953803,-3.812468,9.4952545,-5.7578897,10.442611,-4.858812,8.529036,call_e697765a4dfd_ruido,synthetic,train
2.1400000000000006,4.286072788065823,-127.30319,129.72327,76.57386,36.639645,15.289293,37.648537,8.3684845,28.152744,-10.519942,18.372557,3.342565,15.175842,-3.9692173,10.324963,-4.0604916,9.827038,-8.119924,9.643425,-3.294921,9.442037,1.5630312,10.512366,-0.01817453,9.921135,call_e69e8ba551e4_orig,human,train
2.1400000000000006,4.286072788065823,-85.897285,126.32279,72.40634,29.72744,5.02833,41.69111,-2.6097035,17.127567,-12.1445,17.54142,1.2474892,12.382491,-9.374604,12.842086,-5.7285056,10.194951,-4.5594597,10.141066,4.6870556,10.570025,-2.6861541,10.955507,-8.412492,13.372817,call_e69e8ba551e4_agudo,human,train
2.1400000000000006,4.286072788065823,-100.99903,122.75316,80.380615,33.837193,9.065662,28.331339,15.8888445,34.10894,-12.725836,14.149714,1.3707824,13.234087,-2.2483099,12.05192,1.0617201,9.092464,-4.16117,8.037461,-6.408221,9.046722,-5.56948,8.887926,2.6393433,8.179424,call_e69e8ba551e4_grave,human,train
2.1400000000000006,4.286072788065823,-105.01211,84.81274,48.914246,34.569527,8.410904,30.671015,6.0497575,23.044924,-5.7431574,15.5516405,1.4370723,12.929304,-3.6959577,8.703095,-3.3915434,7.9319396,-6.3979626,8.542203,-3.2099476,7.9487886,1.0415791,8.75897,-0.32578546,8.772806,call_e69e8ba551e4_ruido,human,train
2.770000000000003,2.6319046757476263,-113.5575,80.175095,79.000854,36.021477,34.78044,30.379751,20.222652,18.300604,1.9805461,15.565004,2.6866617,15.681386,6.6646457,10.544351,1.9781529,10.8967285,0.3132298,8.224752,1.931751,8.143418,-0.4710704,8.178122,0.34920645,7.3992267,call_e6c59d28e6d7_orig,synthetic,train
2.770000000000003,2.6319046757476263,-83.48212,64.90193,90.22366,29.691708,35.790985,29.467094,12.363474,12.749152,-2.4119172,17.120625,4.686365,11.765299,3.001164,11.886222,-3.6074393,8.931259,-0.4675557,8.289407,-1.3987737,8.235499,-1.0852323,7.1025276,-3.4492998,9.303808,call_e6c59d28e6d7_agudo,synthetic,train
2.770000000000003,2.6319046757476263,-105.33221,60.47299,86.21754,30.329046,29.542637,22.854275,34.830227,19.58469,-2.105202,12.972594,10.695748,14.847832,-4.9458065,9.710371,13.483866,8.735777,-6.8234177,9.138323,10.027704,7.3661056,-6.063773,7.4211187,7.7087226,7.5194497,call_e6c59d28e6d7_grave,synthetic,train
2.770000000000003,2.6319046757476263,-88.108086,60.82317,67.184746,31.053823,33.92009,23.004969,18.223503,14.477396,5.317619,13.031227,3.6134114,13.366492,6.0137053,8.983833,1.998747,9.402763,0.8720995,7.1101756,1.081676,6.973057,-0.24773252,7.0438404,0.05956655,6.3601203,call_e6c59d28e6d7_ruido,synthetic,train
1.899999999999995,4.815430861321268,-81.85806,92.400215,49.667374,40.44776,26.705097,24.565079,33.84776,31.644186,3.81813,15.225773,7.333241,15.181341,0.5851003,15.119289,2.3304057,10.663435,-1.0717483,9.294916,-4.696958,10.795125,3.5053556,8.823056,-6.517769,9.384909,call_e9bd33cdb226,human,val
1.5700000000000003,2.211108319372888,-67.151505,144.2374,49.723152,52.32083,0.9971384,33.8222,8.745683,19.125605,-1.5967263,17.44103,-3.987163,14.549209,-1.8754456,14.957723,-0.009177208,12.607952,-4.3668613,9.345287,-1.1664194,8.649763,-5.8648787,8.650172,-0.16798237,10.441266,call_eb1c9a5a2c08_orig,human,train
1.5700000000000003,2.211108319372888,-38.20425,130.89633,56.008575,48.259804,4.057521,34.487022,3.885453,16.734316,-4.1366415,16.894876,-4.7808957,16.590944,0.5323736,13.690124,-7.467969,9.567595,-2.925782,9.243871,-4.0416574,8.681417,-1.8031224,11.215932,-1.8835409,12.164078,call_eb1c9a5a2c08_agudo,human,train
1.5700000000000003,2.211108319372888,-53.71549,125.4374,51.566467,55.438267,1.4754515,28.676014,12.983194,21.407307,1.0794687,16.540718,-0.5588461,16.57754,-6.01366,12.824324,4.0619535,11.462601,-4.5661206,10.696722,0.8854207,7.5087557,-2.7608142,8.856807,-2.837585,7.4801893,call_eb1c9a5a2c08_grave,human,train
1.5700000000000003,2.211108319372888,-59.90683,106.729126,38.629375,43.6291,2.9593887,28.375404,7.5882974,15.947805,-0.7431986,14.883073,-3.2342155,12.26496,-1.4674742,13.078076,0.42884868,11.3197365,-3.9999952,8.125116,-1.070329,7.8978176,-5.418853,7.999847,-0.21172334,9.905032,call_eb1c9a5a2c08_ruido,human,train
3.980000000000004,5.673314727740741,-25.850548,65.83619,78.30439,29.433733,13.026928,21.379372,37.15868,29.174551,8.335837,18.482927,4.125142,13.241048,3.4075837,12.796607,4.286373,11.150723,-8.094862,10.909763,3.6993942,10.196914,-3.9195085,9.554455,-3.957604,7.76873,call_ec545493459e_orig,synthetic,train
3.980000000000004,5.673314727740741,-2.8938746,49.84577,73.976036,24.961493,16.25708,24.49626,35.2526,18.3567,1.2413054,17.827724,-0.45211554,12.542807,-0.42489997,11.00655,-8.901222,11.431797,-3.3065643,9.751749,-2.210978,9.26311,-8.264122,8.389892,-0.071130335,6.212919,call_ec545493459e_agudo,synthetic,train
3.980000000000004,5.673314727740741,-27.12969,47.322037,85.4101,24.622358,-3.0303345,15.938674,41.726494,27.692854,9.571323,12.627006,15.099097,11.209113,-2.965691,11.405561,16.664165,11.522945,-6.184474,10.89156,3.0513797,8.602909,-0.32531524,8.749473,3.054963,7.9540057,call_ec545493459e_grave,synthetic,train
3.980000000000004,5.673314727740741,-23.01398,59.910503,74.04547,28.060268,14.53336,20.389832,35.73271,28.072386,8.818906,17.425188,3.7167478,13.006076,3.799759,12.467119,3.19821,10.628459,-7.401925,10.44148,2.9253225,9.7006855,-3.6030743,9.208136,-4.0040274,7.4995074,call_ec545493459e_ruido,synthetic,train
1.4699999999999989,5.713219320138164,-73.46818,123.46645,38.70748,38.080315,19.163446,38.26009,-7.5973444,21.33436,-11.12513,19.47388,6.213537,17.57849,-5.525774,13.606024,-2.522573,11.264437,-12.283894,11.578789,0.8238815,9.657385,-10.792011,11.730274,-3.009511,12.947838,call_ec58505fc522_orig,human,train
1.4699999999999989,5.713219320138164,-45.884766,104.951126,42.44017,31.811283,14.005472,38.55916,-23.045763,16.842854,-1.6848373,16.827826,-1.4671406,14.205372,-8.22764,15.046462,-10.420083,9.368127,-2.9594076,12.106739,-6.9313655,12.313401,-7.022119,15.076702,-4.172196,17.326914,call_ec58505fc522_agudo,human,train
1.4699999999999989,5.713219320138164,-53.180668,96.26962,49.858887,35.56096,14.924395,32.08774,12.524841,26.326271,-23.713467,17.930075,10.037516,19.286802,-9.646471,13.909548,8.686235,9.475219,-13.060001,9.648827,0.69151306,8.733546,-5.5248585,9.151796,-2.0002837,10.318052,call_ec58505fc522_grave,human,train
1.4699999999999989,5.713219320138164,-70.6965,94.789154,34.32544,32.783684,15.110891,34.16932,-5.9496737,19.567781,-8.317303,18.559883,3.9170723,16.056154,-4.8444047,12.366269,-2.3998604,10.253716,-11.4700775,11.121072,0.734897,9.0374975,-10.35754,11.278392,-2.7663364,12.751915,call_ec58505fc522_ruido,human,train
2.0799999999999983,0.9137702118147647,-40.5095,47.923836,77.83544,18.458626,7.332835,18.3701,25.052364,15.55439,-4.265617,14.325859,-6.1664286,10.9017515,-9.572584,9.47248,1.5953478,10.214972,-4.817237,8.602871,1.2330178,10.213538,-0.74435306,9.083899,0.011966199,10.5063305,call_ed020e30c242_orig,synthetic,train
2.0799999999999983,0.9137702118147647,-20.995207,40.2435,74.77287,17.787489,9.689602,18.31901,16.627071,13.269454,-11.200764,13.430288,-8.0663185,9.582434,-0.66172624,9.193226,0.9420364,7.942742,-0.98744273,10.032691,2.6855319,8.955702,-2.2152271,9.353971,1.3125603,11.500197,call_ed020e30c242_agudo,synthetic,train
2.0799999999999983,0.9137702118147647,-44.10688,39.73594,92.474174,15.627574,-5.356452,14.937093,39.16043,14.0267515,-3.8604517,12.60119,9.244509,10.871908,-19.238384,9.314331,6.3750935,5.966833,-10.472536,8.516834,3.8684056,6.7963305,-5.322976,7.505143,4.5567265,7.5191765,call_ed020e30c242_grave,synthetic,train
2.0799999999999983,0.9137702118147647,-39.07717,45.7449,76.127686,17.196068,9.167576,17.860582,24.10466,15.2408495,-3.0768237,14.098423,-6.59464,10.814181,-9.146517,9.109396,1.0228095,9.93187,-4.7458167,8.361024,1.0802319,9.877117,-0.6584862,8.960581,-0.16194981,10.1586275,call_ed020e30c242_ruido,synthetic,train
1.8400000000000034,4.392392096948238,-54.8297,86.0153,71.397255,41.447174,20.202229,29.91892,27.0821,27.390255,6.908126,15.594431,8.589058,17.838865,0.4222387,12.863507,5.430894,9.981304,-7.6157556,10.7934475,1.7726113,8.481197,-1.6631136,7.6647453,-3.3801618,7.2240386,call_ed041799aed9_orig,human,train
1.8400000000000034,4.392392096948238,-29.16579,75.506546,73.29217,35.207478,23.08571,34.60593,20.153091,19.466879,5.796201,17.727758,2.922198,16.038263,-0.77081096,10.359416,-6.000044,10.199991,-7.647098,9.971409,2.2900662,9.269297,-7.7293186,8.074742,1.8161274,5.8718243,call_ed041799aed9_agudo,human,train
1.8400000000000034,4.392392096948238,-52.070015,69.68557,80.157364,36.981884,12.005285,23.73481,37.128666,29.63357,3.0246058,13.719518,20.059238,14.545957,-3.788065,13.625844,15.966539,9.347444,-2.3908358,8.39436,0.08902115,10.116203,-0.9761063,6.9820094,1.9745111,6.4681544,call_ed041799aed9_grave,human,train
1.8400000000000034,4.392392096948238,-47.79942,68.95044,62.56682,38.304024,21.697683,25.411606,22.641636,24.490887,7.93598,13.447122,8.072864,16.338375,1.5585126,11.694124,4.2659616,9.30696,-5.930168,10.454815,0.7789209,7.6253457,-1.1768553,6.824929,-3.221115,6.473548,call_ed041799aed9_ruido,human,train
2.1999999999999957,3.242090375051259,-5.106947,89.5869,25.383263,31.072584,28.960241,43.3784,12.326613,20.886976,-3.2893524,23.16353,-3.7971396,17.412024,-8.976543,17.240873,1.7083757,12.910168,-12.419368,13.016488,3.049631,11.899658,-9.359549,12.968952,0.091470204,12.4994,call_ed99e3ea3f0e_orig,synthetic,train
2.1999999999999957,3.242090375051259,16.858305,61.95422,31.12563,22.477684,31.521637,40.601906,-2.0792713,16.21644,-8.172664,20.682066,-11.786859,16.15939,-1.0424992,15.555129,-7.8174877,13.362613,-2.0839248,11.9452715,-2.5390973,12.185554,-2.5063348,12.597777,-3.3361115,14.293863,call_ed99e3ea3f0e_agudo,synthetic,train
2.1999999999999957,3.242090375051259,5.6963825,56.335606,46.478134,26.055752,6.8593874,31.034763,40.343956,25.795639,-15.765915,16.557339,19.209003,17.670973,-27.150484,12.776768,17.214684,11.514003,-19.930998,10.349656,7.4710226,10.325502,-11.092104,9.756612,4.11362,10.300004,call_ed99e3ea3f0e_grave,synthetic,train
2.1999999999999957,3.242090375051259,-4.45249,77.12813,25.256813,29.617228,28.52848,41.787876,12.341511,20.341125,-2.6396575,22.671917,-4.307313,16.975965,-8.963041,16.297304,2.1068645,12.783216,-11.9645405,12.925461,2.6137395,11.820184,-9.2368,12.692514,0.33506334,12.308186,call_ed99e3ea3f0e_ruido,synthetic,train
2.6599999999999966,2.8943646850873774,-157.65695,149.62129,74.80774,34.64465,31.29731,25.401834,7.8705297,24.676155,4.618375,14.1325445,7.281401,15.434338,0.14522514,12.412831,-0.564669,10.540326,-3.4967976,10.6350975,1.3034307,8.719498,1.6481762,8.260319,-0.7470509,7.8892913,call_ee227bc9d7ac_orig,human,train
2.6599999999999966,2.8943646850873774,-116.87625,147.20485,77.84033,30.577936,25.618738,29.415312,3.533702,21.752165,3.3358874,16.13518,3.4602995,12.920172,-8.269487,12.314873,-3.6141791,11.022192,-0.24050951,7.763159,2.931346,8.912416,-4.7252784,8.7715025,-0.3496569,7.9341006,call_ee227bc9d7ac_agudo,human,train
2.6599999999999966,2.8943646850873774,-127.95169,146.799,69.97691,33.28019,32.630898,22.075823,12.219071,23.422607,1.0855567,15.668481,8.893101,11.391103,3.3863134,12.263447,3.2414708,11.305822,-4.2218466,8.98988,-2.830128,9.272561,0.076502025,8.605224,1.9263468,7.9917035,call_ee227bc9d7ac_grave,human,train
2.6599999999999966,2.8943646850873774,-134.86057,91.80596,37.717403,37.01639,17.596691,22.10184,6.2333674,21.04883,3.4225142,12.080855,4.4147863,13.1358795,-0.016715333,11.140868,-0.67168844,9.386548,-2.8044837,9.519662,1.0408201,7.681942,1.9566259,7.449701,-0.8558396,6.865376,call_ee227bc9d7ac_ruido,human,train
4.560000000000002,7.84466553297609,-33.81753,105.017204,49.35856,33.34364,12.793039,32.443703,36.674717,28.19968,-7.3301697,18.672697,2.4704494,20.274788,-11.343514,14.756139,4.0876036,13.877984,-10.418612,11.481984,0.28138673,11.873045,-2.7174783,11.200535,-2.4502997,10.199144,call_eed2c7389776,synthetic,val
3.0000000000000036,4.919481044785112,-99.83275,118.56253,83.4626,42.606827,13.4160185,26.573627,35.33893,32.476532,8.716978,18.136547,6.0421333,17.505156,1.7308156,17.22625,-1.1730573,13.041968,1.2148857,11.066517,-10.164246,11.282862,1.7667792,9.843361,-11.149212,9.53304,call_f003741555a1_orig,human,train
3.0000000000000036,4.919481044785112,-65.34356,92.469635,83.02881,33.911686,14.018107,30.906746,39.882805,25.43442,-2.0787601,18.722898,3.4481971,17.519941,-8.6148205,15.376018,-0.09030601,10.906204,-13.636869,11.33843,-0.960857,9.798532,-7.38632,9.780898,-0.40689787,10.979728,call_f003741555a1_agudo,human,train
3.0000000000000036,4.919481044785112,-75.1602,86.857765,88.15253,38.879585,9.570244,22.484188,34.186714,28.743067,22.056223,18.170486,4.4737434,15.980091,9.059377,14.244254,-2.1485682,13.127394,7.9789333,10.748194,-2.431769,9.77286,-5.065802,11.165848,3.5487638,9.532809,call_f003741555a1_grave,human,train
3.0000000000000036,4.919481044785112,-89.794785,85.79846,71.049194,38.82336,14.773039,23.074436,28.719963,29.336006,9.617057,16.005331,5.324091,14.305683,2.088242,15.536694,-0.7721058,11.37982,0.047543734,9.77974,-8.621537,10.710314,0.74592054,8.831678,-9.200954,8.725406,call_f003741555a1_ruido,human,train
2.34,3.233618925913299,-99.31583,76.891685,66.87926,29.543377,20.910343,34.222057,25.904663,18.78851,-23.295383,22.55813,3.5833132,16.145773,-15.009258,15.197669,4.1224165,10.667894,-10.091695,10.630162,3.8299294,11.067482,-6.9416294,12.189697,-1.9746447,13.076849,call_f0ad1cf1aa6a_orig,synthetic,train
2.34,3.233618925913299,-64.069824,65.06186,63.807346,23.68433,28.08105,32.89869,1.0681587,15.528746,-20.802505,22.237782,-0.5584837,15.220418,-4.286766,15.669759,2.2413354,10.137588,-3.566187,12.419682,0.8281722,13.199057,-5.891011,15.1302805,0.8583094,17.685629,call_f0ad1cf1aa6a_agudo,synthetic,train
2.34,3.233618925913299,-90.02438,63.502632,80.15094,24.822906,3.6068838,25.037632,51.73938,23.707302,-24.47921,17.310896,7.4058027,16.940481,-17.400887,11.187083,1.6219902,10.461318,-6.8474035,9.252519,-1.7234584,9.416535,-0.52646524,9.192605,-3.432219,8.50642,call_f0ad1cf1aa6a_grave,synthetic,train
2.34,3.233618925913299,-96.31091,68.55835,60.69432,25.40214,22.931568,31.368282,22.560612,17.530354,-20.028736,21.532816,1.0237199,15.289382,-12.919262,14.824863,2.374239,10.508159,-7.615788,10.348701,1.5897954,11.091901,-5.461978,11.792712,-3.246834,12.956501,call_f0ad1cf1aa6a_ruido,synthetic,train
2.420000000000016,2.956357720156523,-27.483234,50.76893,79.33414,18.665512,6.3580146,19.426916,25.46998,17.0786,-2.0015452,13.705513,-3.7175474,10.640511,-8.474909,10.941671,2.9484005,10.766977,-5.363726,9.069752,1.5546025,9.722278,-0.16618864,9.302614,0.44812322,9.600119,call_f1372119b403_orig,synthetic,train
2.420000000000016,2.956357720156523,-11.966343,43.974083,76.0107,18.75961,9.303505,18.889687,16.700459,14.494807,-9.16712,12.943289,-7.06964,10.624386,-2.4192967,10.20102,0.48423558,8.195453,-2.323778,10.015963,2.9747107,8.870375,-3.715542,8.268369,0.6715457,8.949595,call_f1372119b403_agudo,synthetic,train
2.420000000000016,2.956357720156523,-35.11895,44.34244,94.00821,14.792381,-6.7281904,16.261942,37.895092,14.328972,-3.3733559,13.593697,10.544573,10.477271,-17.339426,10.378859,7.327142,7.174112,-9.311964,9.073615,3.155903,7.9268804,-4.9366827,7.195364,4.886185,7.405984,call_f1372119b403_grave,synthetic,train
2.420000000000016,2.956357720156523,-25.743786,48.047283,76.38809,17.1514,8.5943,19.029018,23.684784,16.417725,-1.0564924,13.553835,-4.4513226,10.433349,-8.09166,10.694842,2.3695812,10.535484,-5.081828,8.741608,1.0999188,9.439976,0.20481761,9.078672,0.13045022,9.3468,call_f1372119b403_ruido,synthetic,train
3.5,5.130370357001529,-132.1943,98.42357,111.94645,42.371883,2.454948,38.22543,2.0035565,18.412556,6.164864,20.055748,-7.5026293,15.718825,-5.899014,11.789134,-5.75776,9.63598,-2.8802214,8.7012615,-5.946324,8.652104,-4.0625486,7.811594,-1.2157942,9.03644,call_f1b82a4a46f6,human,val
1.12,4.6110257293409225,-137.14438,135.23895,64.12018,43.39024,20.55035,42.42887,0.13570273,22.54842,-1.8107657,18.388876,3.1253006,14.540584,-4.337553,13.895947,-3.484192,10.29122,-8.653864,10.309927,-0.5669155,8.7505045,-4.4112725,9.906312,-0.1630032,9.255982,call_f202d4ff9f96_orig,human,train
1.12,4.6110257293409225,-95.52275,127.36641,73.934074,39.715267,12.874797,40.526848,-10.978164,21.928095,-1.253943,19.0466,-4.064181,13.3240185,-6.020251,13.429197,-9.009001,10.089247,-2.59022,10.885858,-1.7724586,10.379382,-2.7429385,11.481419,-2.8734193,13.946462,call_f202d4ff9f96_agudo,human,train
1.12,4.6110257293409225,-107.85457,124.930664,71.56807,38.51547,21.909084,37.707333,13.581062,23.713495,-9.832655,17.72071,10.213856,18.205023,-6.623478,12.795248,6.5388775,10.947195,-10.077368,9.1163225,-0.98364127,8.83875,-5.6298075,8.025141,-1.2432075,7.577839,call_f202d4ff9f96_grave,human,train
1.12,4.6110257293409225,-118.418,90.51913,41.69342,37.738953,15.034252,34.18749,1.6411986,17.908195,-0.72737306,15.157497,1.2571521,11.93037,-3.0241153,11.99185,-2.2425299,8.3735485,-6.685073,9.562741,-0.91320145,7.4916315,-3.665142,9.112922,-0.53787845,8.322393,call_f202d4ff9f96_ruido,human,train
2.140000000000004,1.6397044110313168,-67.585945,121.13379,61.26587,38.08695,16.70877,29.91074,36.722557,28.594221,4.003726,22.16581,10.144616,18.231998,0.46372172,15.076774,7.9579983,11.524746,-8.999391,12.78597,2.8777049,11.041738,-3.7682595,10.673765,-3.6219463,9.135772,call_f23bfe7d0e9e_orig,synthetic,train
2.140000000000004,1.6397044110313168,-41.073513,89.68045,57.959705,29.212162,24.574135,30.35514,28.884045,18.567762,-0.16568932,21.253222,2.9707808,16.532782,-1.8282876,12.540756,-4.2872076,13.220099,-7.5364327,9.00331,0.56175697,9.7455845,-7.995926,9.903747,0.7177527,7.827745,call_f23bfe7d0e9e_agudo,synthetic,train
2.140000000000004,1.6397044110313168,-59.92781,82.93833,72.07971,29.244987,-2.4669845,21.155825,48.19849,28.636616,2.264614,14.865907,20.926287,15.535532,-3.6598063,14.190658,16.654373,12.509936,-2.7791266,10.505649,1.5171266,10.531906,-1.0450292,10.053041,2.809005,9.066388,call_f23bfe7d0e9e_grave,synthetic,train
2.140000000000004,1.6397044110313168,-65.667274,87.673035,57.059002,33.385777,17.324451,25.34088,33.284084,26.742018,4.753477,19.860994,8.792977,16.932001,1.223943,14.122582,6.210014,10.879056,-7.3659043,12.161644,2.396881,10.110045,-2.5824993,9.888165,-3.682193,8.541531,call_f23bfe7d0e9e_ruido,synthetic,train
4.529999999999999,4.282939022057945,-74.099625,137.52455,70.200516,39.05062,-2.6018968,36.440147,26.469252,34.27235,3.556624,20.098686,11.708775,21.327953,12.341957,18.927113,6.0785694,15.1227455,-1.917736,14.716583,0.49895126,11.230674,-4.4314427,13.204815,-7.195425,10.55316,call_f27db4ab1f5a_orig,synthetic,train
4.529999999999999,4.282939022057945,-36.470024,100.47937,59.719704,28.651735,-3.155836,39.00317,29.720953,22.871717,1.5603142,21.1502,13.6357155,19.131907,1.5356581,15.43513,-6.353282,20.010792,-7.9543853,11.719994,-7.876328,13.04475,-10.033236,10.742584,-2.7484908,7.808111,call_f27db4ab1f5a_agudo,synthetic,train
4.529999999999999,4.282939022057945,-52.904545,94.26483,86.35098,31.856207,-18.025198,25.625427,29.985678,32.329773,2.0209892,15.881308,9.242203,16.56944,7.8066425,19.815277,17.821953,16.898302,2.4615946,13.012425,8.020111,11.624463,0.042539656,10.430956,3.911312,11.726357,call_f27db4ab1f5a_grave,synthetic,train
4.529999999999999,4.282939022057945,-69.15161,97.13693,61.445686,35.62521,2.4984803,31.730858,23.516548,31.667685,5.451148,18.423668,10.163613,20.101507,11.301994,17.649822,5.619687,13.270105,-2.3031797,13.58247,0.11703425,10.145864,-3.7768447,12.233154,-6.4377537,9.687919,call_f27db4ab1f5a_ruido,synthetic,train
4.760000000000005,6.181335669383793,-72.24688,80.11901,52.44182,30.231392,15.36308,22.640959,31.449783,22.724146,-0.5112232,14.148518,3.8015113,15.806995,-7.906318,16.048733,0.5901684,12.766175,-11.616587,11.481108,-3.5238924,10.263782,-3.0014405,8.666315,-4.731239,9.196636,call_f2ab1c408b36_orig,synthetic,train
4.760000000000005,6.181335669383793,-53.584362,62.621506,48.6474,22.148256,20.078758,23.10342,23.772404,17.797401,-6.5364256,15.251927,-6.338874,15.114981,-10.325692,13.496739,-5.831871,11.460942,-12.209232,10.0564995,1.7568972,8.900371,-7.29292,8.961148,1.3183919,7.9086413,call_f2ab1c408b36_agudo,synthetic,train
4.760000000000005,6.181335669383793,-68.33166,58.99869,65.81764,26.496296,-0.5691916,15.991072,44.3852,19.791464,1.053787,12.895322,18.820076,11.694162,-8.781853,15.961374,7.56339,12.443284,-5.5229235,10.385773,-3.452486,9.6600275,-6.049363,8.402249,1.2256274,7.185874,call_f2ab1c408b36_grave,synthetic,train
4.760000000000005,6.181335669383793,-70.71767,72.18745,49.987793,28.113058,16.41299,20.884632,29.89389,22.37445,0.42331898,13.56156,3.3084497,15.099435,-6.821754,15.647142,0.3384607,12.384951,-11.087124,11.108213,-3.9538436,9.985878,-2.894454,8.393617,-5.0409746,8.935003,call_f2ab1c408b36_ruido,synthetic,train
1.6199999999999992,3.215581663105256,-51.902737,127.2473,33.40477,39.401657,-2.1370468,43.094643,13.655378,24.383015,-2.5077562,22.09806,1.2026298,15.008457,2.0549278,12.260047,-2.3260498,10.899463,-14.872472,11.984682,-0.6295085,8.058401,-10.375633,10.043395,-0.30558556,8.074797,call_f331303c4fb8_orig,human,train
1.6199999999999992,3.215581663105256,-13.673357,120.33378,30.604506,32.93933,-3.4264255,41.015633,10.548742,16.467474,-5.84079,23.814377,-2.188459,13.2843,-3.5336342,10.754325,-17.748383,11.454538,-5.15102,9.617732,-5.021583,9.733415,-3.9644399,9.2255535,-5.4122267,11.347347,call_f331303c4fb8_agudo,human,train
1.6199999999999992,3.215581663105256,-12.059536,114.26804,41.382553,35.198757,-9.204409,34.68944,18.264973,29.372686,-0.6192409,16.38579,3.8130832,18.77933,-1.1839042,12.199268,12.48789,8.889825,-8.608213,11.687014,-3.0626807,9.898325,-4.528627,7.941046,-7.890291,8.142162,call_f331303c4fb8_grave,human,train
1.6199999999999992,3.215581663105256,-46.302658,91.48984,28.670551,32.87177,-1.1638378,36.48237,11.463955,21.460058,-1.3075,19.221245,1.2325517,13.123143,1.8877077,10.67094,-2.389923,10.0378685,-13.979689,11.586462,-1.2856758,7.468455,-9.118848,9.584977,-1.1137289,7.5177593,call_f331303c4fb8_ruido,human,train
5.989999999999995,3.5098021470036067,-6.341075,63.23536,74.49066,29.917309,13.16258,23.171305,40.13105,29.069088,2.9601674,18.379375,6.6676493,14.863624,2.7400723,11.660965,4.717292,8.855298,-7.804409,10.282469,5.862253,10.812739,-5.0073643,8.582457,-3.777944,7.0423713,call_f5251fb3b1d9_orig,synthetic,train
5.989999999999995,3.5098021470036067,15.677995,48.144447,68.75284,25.325718,21.529438,25.229277,33.05177,18.483046,-1.1306702,20.789328,-0.2319746,13.8193,0.17205459,8.795046,-7.507125,10.404315,-3.5124035,9.775253,-3.7608202,8.453288,-7.928314,7.521242,0.72627866,6.718844,call_f5251fb3b1d9_agudo,synthetic,train
5.989999999999995,3.5098021470036067,-6.344836,47.128403,78.66637,25.79732,-2.3982286,17.978271,46.91678,28.37105,6.9223385,10.8024025,14.708009,13.654347,-3.5382934,11.61615,16.708632,10.483998,-5.0372686,9.786311,3.707542,7.3040504,1.7702053,8.503642,0.9104905,6.415013,call_f5251fb3b1d9_grave,synthetic,train
5.989999999999995,3.5098021470036067,-4.5090876,55.49648,68.87709,27.832827,14.223522,21.324232,38.77812,28.174631,4.269882,17.30696,6.366024,14.64542,2.719345,11.521493,4.260684,8.451307,-7.006239,9.717224,5.0929804,10.361948,-4.2345085,8.27413,-3.8083715,6.7541428,call_f5251fb3b1d9_ruido,synthetic,train
2.749999999999994,4.807469480913775,-146.65228,86.93363,76.799805,34.26756,29.028858,20.68705,39.863953,27.396942,14.242692,16.661865,16.611763,14.279352,5.891887,17.087082,4.3182135,12.9468975,-0.5432346,10.382732,-6.7023745,9.997603,4.862996,9.214144,-5.8065352,8.3347645,call_f68d3459fdc7_orig,synthetic,train
2.749999999999994,4.807469480913775,-121.03349,76.5875,80.58906,25.50343,35.075302,19.940367,37.91524,19.811214,8.991171,16.862453,11.249539,16.210384,-5.3039665,13.475259,0.3412199,9.834847,-12.86788,10.65631,2.3851635,8.467476,-6.0317545,8.669329,-3.457881,8.026717,call_f68d3459fdc7_agudo,synthetic,train
2.749999999999994,4.807469480913775,-138.96616,73.28696,80.0725,28.056047,13.432829,20.176975,42.76682,23.550941,13.229038,13.129872,20.212723,12.099803,8.785036,13.328463,9.958769,12.251234,5.7234726,10.670587,0.92773104,9.226621,-6.724885,9.283904,8.559919,9.839494,call_f68d3459fdc7_grave,synthetic,train
2.749999999999994,4.807469480913775,-139.599,71.861595,70.0323,29.83716,30.633133,16.899286,37.34443,23.48307,16.235502,14.658987,15.455603,13.08335,7.0659685,15.441751,4.1911283,11.949937,-0.46543497,9.536912,-5.6477995,9.383638,3.4541163,8.553112,-4.9217224,7.5599284,call_f68d3459fdc7_ruido,synthetic,train
2.799999999999997,1.7021752418645437,-50.99415,109.22476,47.602104,34.802162,13.103255,32.09036,32.276802,26.257528,-8.232325,17.495478,1.3013921,18.672474,-7.917324,15.14148,5.087824,14.684649,-4.9235015,12.821559,-0.23763078,10.963792,1.0009902,11.096731,-0.78338575,10.303933,call_f6ce5de7ac09,synthetic,val
2.2100000000000026,1.41927578363051,-75.712006,69.733284,56.02395,31.048231,14.341649,33.885696,17.639751,20.620829,-12.269958,22.12175,-7.9454503,16.278706,-12.574063,12.4972315,-2.5308337,13.187209,-12.015989,10.478027,2.2969956,9.960562,-11.320301,9.6649475,0.32762754,10.013135,call_f9fbabf70f7e,synthetic,val
2.100000000000002,4.368808297178991,-81.12432,97.36943,39.21649,36.946156,39.811653,37.642925,13.860628,21.448528,-9.184624,20.093452,-1.7252495,16.638134,-13.720433,14.068802,-2.54414,12.241943,-10.946533,9.375325,2.598575,7.9241495,-5.925392,8.581354,1.0210103,8.40773,call_fa26d1186721,human,val
1.4000000000000057,3.198759759656858,-86.2877,110.42775,66.98949,45.738663,15.745228,30.41609,26.795504,28.799,5.9759684,18.666914,16.48254,16.527584,6.7059336,12.925597,-0.5950498,11.168844,-3.81,9.964792,-2.1683095,9.210651,-2.3836503,7.792154,-2.389861,7.603517,call_fa4d7f2897f4_orig,human,train
1.4000000000000057,3.198759759656858,-54.06791,96.11093,70.565414,38.844753,16.404053,34.655315,24.994146,20.701136,6.2402563,18.753244,12.5194435,15.213855,-8.014851,12.487236,-8.054743,10.245824,-5.8737693,9.164082,-2.0455723,7.984545,-2.8175044,8.911961,1.4455248,6.686047,call_fa4d7f2897f4_agudo,human,train
1.4000000000000057,3.198759759656858,-71.782196,88.869774,71.50514,42.369564,10.604139,24.323505,29.715527,30.566658,6.051216,16.85373,13.880289,16.131247,13.975991,13.35685,7.034221,10.461884,0.78004426,9.222534,-1.1684704,9.304818,-1.7922399,10.086235,-2.4818375,7.050001,call_fa4d7f2897f4_grave,human,train
1.4000000000000057,3.198759759656858,-79.36885,81.14234,59.505203,39.756126,16.356487,26.60397,22.594357,26.505936,6.580804,16.168226,15.155926,14.467873,6.266981,11.23871,-0.30749092,10.078461,-2.9402926,9.215892,-1.6762482,8.513398,-2.0322928,7.161806,-1.8751602,6.9153385,call_fa4d7f2897f4_ruido,human,train
2.6600000000000037,4.514272477376615,-87.16799,84.400925,53.296623,35.302578,25.977411,37.912083,16.5183,21.379738,-3.2443655,23.677328,-1.0728493,13.20607,-15.554476,12.3115835,-4.3791075,10.915395,-16.486599,9.977522,1.2409508,9.240591,-10.078265,9.724814,2.1607232,10.030297,call_fa9e18dd83dd,synthetic,val
1.4800000000000004,2.9757257938190484,-165.88828,171.35913,63.14805,50.067753,-8.508207,28.698635,5.4190235,33.14132,0.781453,20.876493,1.335181,21.17138,5.0791297,14.530987,-3.606613,10.965113,1.672348,9.577015,-4.4744596,10.22369,0.0,8.523449,-3.0627718,9.245697,call_fb1405943fed,human,val
6.760000000000019,4.323206021203358,-44.390343,82.56963,52.28455,37.963192,17.298344,32.595257,29.779766,31.045223,-5.9384327,19.461395,11.184035,18.977753,-6.6840024,15.531315,2.2376902,13.351748,-7.0206413,12.883345,-3.5162811,11.0075035,-2.6777663,11.663047,-3.1106224,9.200826,call_fc8bda4b3374,synthetic,val
2.799999999999997,5.1650046801465495,-111.81201,123.44827,56.133377,45.310856,10.754238,43.026497,10.312902,25.87593,-7.555364,21.218557,6.7099752,16.081205,-6.6268063,14.836757,-0.18754826,12.003178,-15.52002,11.359694,-6.569329,11.507308,-8.161049,11.066265,-2.727376,12.987283,call_fce92bad5095_orig,human,train
2.799999999999997,5.1650046801465495,-67.90788,104.92786,53.62098,41.423244,7.071516,45.00845,-6.362689,19.836643,-3.9466424,18.810627,0.054076314,13.0340605,-8.56867,15.042684,-10.293797,11.662848,-12.355455,13.805586,-1.465039,12.081803,-3.413061,14.46183,-4.339212,19.11132,call_fce92bad5095_agudo,human,train
2.799999999999997,5.1650046801465495,-81.372444,99.78585,67.222145,42.27657,2.906178,33.731186,21.150677,31.33628,-16.397924,21.920715,9.793587,17.359625,-5.649307,12.533643,5.9430866,11.348985,-4.3948517,10.107939,-8.130687,9.3190155,-9.2694435,8.920052,-6.083072,8.913978,call_fce92bad5095_grave,human,train
2.799999999999997,5.1650046801465495,-96.57639,85.86726,40.785164,38.252678,10.163408,33.27358,6.782019,21.319756,-4.264742,18.124681,5.283305,13.041606,-4.9371066,12.712864,-0.5201115,10.358403,-12.482481,10.626302,-6.3241262,10.44359,-7.047932,10.579962,-3.3110585,12.289793,call_fce92bad5095_ruido,human,train
5.580000000000002,8.208197495336536,-87.33294,93.424835,66.01668,35.33561,21.879623,35.252148,27.807056,21.617144,1.6330334,21.694845,-6.03038,19.403982,-12.077614,12.014535,-1.5208184,11.667331,-15.786802,11.806427,-2.0447392,9.763773,-15.470055,10.12348,-0.097272806,10.486017,call_fdc3a7dac09f_orig,synthetic,train
5.580000000000002,8.208197495336536,-55.780617,74.7433,65.12718,29.61474,26.382248,38.19852,12.145107,14.64253,-6.1248355,17.22873,-19.278381,14.525654,-5.5119777,11.67303,-13.762152,10.464101,-9.371096,9.378053,-10.021047,9.026626,-3.5327852,10.966682,-6.951205,12.992866,call_fdc3a7dac09f_agudo,synthetic,train
5.580000000000002,8.208197495336536,-77.97699,70.51293,77.759346,29.807804,11.032293,22.108187,45.96457,29.142868,4.339177,18.875214,16.30839,14.216158,-19.566097,12.198195,10.615675,10.009691,-13.918358,10.022554,2.7951598,8.069726,-8.112402,8.011514,-4.775329,8.31214,call_fdc3a7dac09f_grave,synthetic,train
5.580000000000002,8.208197495336536,-84.089745,72.83741,61.66682,33.50271,22.010237,30.68454,25.368713,19.971754,3.1606493,19.639782,-5.453283,17.941404,-11.233431,11.124681,-1.8996403,10.317258,-14.692473,10.994387,-3.3881583,9.075723,-14.113937,9.472792,-0.955721,9.893364,call_fdc3a7dac09f_ruido,synthetic,train
3.7699999999999996,3.6212279459783665,-133.72285,91.073555,64.28888,28.748356,11.062793,33.30717,27.617313,18.920368,-24.97752,21.43241,-0.47272363,15.939079,-12.214878,13.175573,2.4185197,10.900739,-8.265083,10.428601,3.3446417,10.301562,-6.9312162,11.444367,-2.6710339,12.969005,call_fdc44f969ade_orig,synthetic,train
3.7699999999999996,3.6212279459783665,-100.99726,71.470856,61.426407,22.232336,19.592815,30.681,7.494313,15.586697,-27.272821,18.886068,-1.3947021,13.900278,-3.5537992,14.8665085,2.072109,10.96713,-1.4804661,11.268542,-0.45565677,12.6848955,-6.5386057,15.584847,-1.8294086,18.316677,call_fdc44f969ade_agudo,synthetic,train
3.7699999999999996,3.6212279459783665,-125.141045,67.75607,80.97786,23.626766,-5.0038548,25.568005,49.405693,20.25458,-20.12077,16.728422,-0.3379528,15.557661,-16.039557,11.071869,0.03325864,9.685596,-7.9503126,9.235988,-0.27884245,8.598475,-0.023179173,9.139056,-3.0887265,8.699222,call_fdc44f969ade_grave,synthetic,train
3.7699999999999996,3.6212279459783665,-126.114494,68.31482,58.333862,25.276388,13.149546,28.322472,24.469452,17.005249,-18.847946,20.36421,-2.6549835,14.424011,-10.09667,11.992353,0.55758727,10.531007,-6.2412357,9.816856,1.5922098,9.89391,-5.5116625,10.731373,-3.5179594,12.56638,call_fdc44f969ade_ruido,synthetic,train
1.9200000000000088,2.5210157492890164,-74.03057,86.60087,56.19658,34.42093,0.97479755,32.173103,28.20594,27.199034,-1.616468,20.910635,10.184223,20.132626,-5.875566,12.024893,5.138653,11.286435,-6.99611,12.7101755,0.37586582,9.901364,-7.716984,10.872329,-1.0175177,9.546156,call_fe828697f60d_orig,synthetic,train
1.9200000000000088,2.5210157492890164,-43.111652,62.99226,48.9906,26.216515,4.5721445,34.610035,17.226435,16.781002,-5.5279417,20.62424,-1.8948128,16.971376,-7.3256226,13.231365,-4.15473,11.67564,-8.541673,10.236157,-4.712494,11.164558,-6.9230585,8.93822,-0.08903992,10.324733,call_fe828697f60d_agudo,synthetic,train
1.9200000000000088,2.5210157492890164,-60.73312,58.9119,76.70175,27.478544,-14.997919,22.981716,41.779938,29.239218,-7.9071198,13.686347,21.140461,14.8899765,-8.385347,15.090338,10.892036,10.7894535,-5.226629,9.74212,3.4627616,11.2739105,-2.606463,7.896393,-1.000048,9.288394,call_fe828697f60d_grave,synthetic,train
1.9200000000000088,2.5210157492890164,-70.58886,68.07618,52.821568,30.786123,4.2196584,30.228613,26.38965,25.69672,-0.088033676,19.445326,9.008583,18.955965,-4.5132813,11.547368,3.8451753,10.621192,-5.584983,12.171575,-0.47053596,9.382713,-7.052417,10.526895,-1.8103688,9.168274,call_fe828697f60d_ruido,synthetic,train
2.2500000000000004,2.654373749116725,-80.83876,55.48825,74.2834,23.358347,8.193907,26.35993,22.02309,18.157845,-13.170349,16.29769,-4.348442,13.471784,-15.5096035,9.83778,3.033281,10.876689,-12.74988,9.99121,-0.65868914,10.160114,-8.492323,11.1432495,-3.7410655,11.468608,call_fe8e4fc3ef69_orig,synthetic,train
2.2500000000000004,2.654373749116725,-53.427505,51.53429,66.005035,20.66099,11.896112,27.319342,4.787078,13.594818,-18.390999,15.691549,-11.695921,10.51485,-5.4538918,11.3283415,-4.2115,9.105227,-7.5515475,10.362046,-0.46573913,11.239407,-7.8534317,11.676904,-2.35475,13.623438,call_fe8e4fc3ef69_agudo,synthetic,train
2.2500000000000004,2.654373749116725,-82.09008,51.174267,88.800964,18.505175,-3.8405626,21.343645,43.968494,18.449316,-14.024051,13.952966,9.821541,13.465297,-22.324474,9.998075,5.5056534,7.4422245,-9.819869,8.990526,-3.0732517,8.087491,-4.5770454,7.7103662,-2.0960472,8.61802,call_fe8e4fc3ef69_grave,synthetic,train
2.2500000000000004,2.654373749116725,-77.76668,52.640076,69.71683,21.88341,11.251093,25.280148,19.703182,17.454426,-10.8772955,16.124474,-5.6140556,12.870709,-14.009619,9.464568,1.727595,10.488427,-11.664133,9.713607,-1.282006,9.677147,-7.64657,10.997219,-4.13456,11.140203,call_fe8e4fc3ef69_ruido,synthetic,train
2.25,3.7569210206704584,-86.170906,98.95958,60.846416,35.75185,3.2423887,30.54769,25.756798,26.531527,-1.2996373,20.144157,11.621023,19.607546,-6.9086533,12.567597,6.9285374,11.397099,-7.443118,12.049249,1.4350526,10.5527725,-5.570033,10.330393,-0.9557133,9.806238,call_feaca5a8cd14_orig,synthetic,train
2.25,3.7569210206704584,-54.03521,69.52865,55.15113,27.811049,9.171492,31.958729,14.389879,18.18976,-2.3430357,20.34214,-0.3437502,16.396412,-5.41055,13.51913,-2.897129,11.568842,-8.30792,10.677792,-2.2609882,10.222654,-6.265355,10.171728,-0.39293012,11.066749,call_feaca5a8cd14_agudo,synthetic,train
2.25,3.7569210206704584,-75.830505,64.85036,81.46559,29.07691,-11.959835,22.563675,42.582237,28.163284,-8.723347,14.797176,21.081459,15.338549,-9.202374,14.9532175,10.797979,10.4894705,-3.7124693,10.827594,3.1479785,10.1924715,-1.7751192,7.8388586,0.78497344,9.219128,call_feaca5a8cd14_grave,synthetic,train
2.25,3.7569210206704584,-82.3116,73.14513,56.8711,32.32795,5.4591217,27.895205,23.883036,24.941133,0.5274064,18.619957,9.484976,18.568935,-4.9161787,12.010209,5.37842,10.621547,-5.8251276,11.497366,0.39208665,9.928653,-4.771982,9.720487,-1.4016709,9.25321,call_feaca5a8cd14_ruido,synthetic,train
2.039999999999999,3.4948585613206684,-106.22456,89.07189,74.86806,31.487682,23.781397,37.51652,18.29876,18.318504,-22.607891,18.130943,-8.602622,17.55927,-10.3910885,14.867934,3.9919033,11.029919,-14.581631,10.737803,0.7243632,9.647709,-12.680841,11.024527,-4.5890703,13.216192,call_ff4042587962_orig,synthetic,train
2.039999999999999,3.4948585613206684,-77.44864,64.539276,73.536804,24.615683,28.742414,36.267254,-1.0312772,16.114483,-24.177917,16.027912,-6.118996,14.623326,0.8055382,14.0023,-6.532008,10.627489,-6.5892644,11.4355755,-4.539193,12.594511,-8.536648,15.411405,-4.4309587,19.059061,call_ff4042587962_agudo,synthetic,train
2.039999999999999,3.4948585613206684,-99.71245,60.582226,86.04483,23.423532,12.587818,28.171635,46.04503,23.174105,-18.763168,17.629372,0.15579654,17.408375,-21.020718,11.622683,7.8167286,9.07933,-9.854147,9.283463,-3.0493991,8.431998,-3.106945,7.1332254,-5.1144853,7.861806,call_ff4042587962_grave,synthetic,train
2.039999999999999,3.4948585613206684,-100.36275,69.40766,68.06653,28.087488,24.608513,33.456654,15.966054,16.594986,-19.671581,16.197428,-8.796289,15.957719,-9.562198,13.558465,2.4833617,10.141911,-13.103974,10.09384,-0.59562266,9.426017,-11.404676,10.740403,-5.766928,12.997789,call_ff4042587962_ruido,synthetic,train
1.4000000000000004,6.967234594495642,-107.0872,108.407845,82.096146,46.850445,8.779051,30.64139,14.292248,25.83588,9.587969,15.776552,16.05378,15.450554,1.985981,12.598574,-0.46323502,11.606908,-5.855776,8.179441,-5.1560316,8.259576,1.4293841,6.828661,-3.6568813,7.316736,call_fff8cae57de7_orig,human,train
1.4000000000000004,6.967234594495642,-80.033325,96.364174,84.04628,38.844437,4.127143,33.399014,13.848202,18.961182,13.222969,17.463404,7.67804,13.952116,-10.378584,11.868765,-6.099976,9.648537,-8.5258255,8.452122,1.6183116,7.417117,-4.0824575,7.8829803,-2.7751358,6.5022664,call_fff8cae57de7_agudo,human,train
1.4000000000000004,6.967234594495642,-97.51962,89.35579,88.31831,43.71203,11.90535,25.08515,12.493012,25.771439,5.3194723,16.01283,14.66027,14.691107,11.463901,11.729427,3.4797225,9.829802,3.1540284,9.610539,-5.6480613,7.7716126,-3.938757,8.486485,0.15465808,7.438786,call_fff8cae57de7_grave,human,train
1.4000000000000004,6.967234594495642,-99.57507,79.647224,73.909676,41.34648,10.805495,25.390997,11.800844,23.153444,9.704254,13.561594,14.965286,13.617689,2.030044,11.123734,-1.0093864,10.693249,-5.086936,7.69786,-4.2649717,7.431955,0.72425467,6.370412,-3.3717701,6.4836993,call_fff8cae57de7_ruido,human,train
