anon_id,label,split,lfcc_mediana_1,lfcc_std_1,lfcc_mediana_2,lfcc_std_2,lfcc_mediana_3,lfcc_std_3,lfcc_mediana_4,lfcc_std_4,lfcc_mediana_5,lfcc_std_5,lfcc_mediana_6,lfcc_std_6,lfcc_mediana_7,lfcc_std_7,lfcc_mediana_8,lfcc_std_8,lfcc_mediana_9,lfcc_std_9,lfcc_mediana_10,lfcc_std_10,lfcc_mediana_11,lfcc_std_11,lfcc_mediana_12,lfcc_std_12,cpp,inclinacion_espectral,vocoder_periodicity_peak,latencia_mediana,latencia_varianza,latencia_cv,pct_respuestas_cortas
call_0181ce113ebe,synthetic,train,5.730369561618782,4.348407178614467,3.9613799285176943,2.760370321400638,2.879238344954789,2.291976353728923,1.425743749898678,1.7787727847364754,1.019780536857445,1.7033599206561716,0.12246228805475143,1.6029644197258959,0.3361867201940022,1.3339313311678098,-0.1287882077939193,1.0956465305973175,0.5647291252049775,0.9325491363374994,0.05683795508915579,0.7845376989082945,0.2937853294558642,0.6960597489197545,-0.060521031806543474,0.6038864882641086,0.17268571952240025,18.968492468064476,1085.2272409044565,3.0720000000000027,0.3195891358024681,0.18402413809584944,0.0
call_018c9d3823ac,synthetic,train,5.693808603041367,4.351204647882035,2.3523952656927185,2.541506127091951,2.5839311914923213,2.8889095942931897,0.9303428741926615,1.8732758963949019,2.0451152832068997,1.7047829322896624,0.39793121608068893,1.6730578355789532,0.6450519342248852,1.5277151249409215,0.10183796508320075,1.1832883384604072,0.26241581677624204,1.004912249228036,0.06467082850884073,0.7619327704859841,0.08351597736721403,0.6955623538776153,-0.12243891255988504,0.668978917000557,0.17274990099463033,15.399861072713094,525.6045190028356,0.6400000000000006,2.8578955061728326,2.6414548927848935,44.44444444444444
call_01bf49059daf,synthetic,train,7.413964914403714,4.261043474875526,2.9898479486559335,2.886703202177379,3.7780715118920547,2.910062980137261,0.9040478645482161,1.8734410365231402,0.5586837851810585,1.830379713222717,-0.20310655189641497,1.882815313446355,0.22612461650941887,1.3012888455404543,-0.4319502544365489,1.0337513035965349,0.39127700237840274,0.936599169109498,-0.15243795159556559,0.7564362325958506,-0.05080327393996387,0.7149753130513707,-0.18928741347959305,0.6720238442041334,0.22081063590351113,17.917503290895297,231.65346647415296,3.8399999999999874,3.5192831999999994,0.48853522561496854,10.0
call_01c3806808d6,synthetic,train,6.173718941076754,4.725724897836389,3.7120760456675415,4.023879035599594,2.8295064028517665,2.83919509142462,-0.3784255515223863,2.1220301447617844,0.48012262447583975,1.932976273672872,-1.3834160916190987,1.5098357662146946,0.015437266945343309,1.2473494866427386,-1.0000702445200014,1.1081906854442443,0.036941249793487355,0.9426395765157446,-0.4502666472351905,0.8081258683742588,-0.049511777996142425,0.7642191443189862,-0.33193988471397473,0.7154945279885806,0.20987606763922476,13.392619906421714,112.37794957506831,2.176000000000002,1.1315073580246935,0.48884344970758575,11.11111111111111
call_0294f969f98b,synthetic,val,5.535151495638295,4.873218854360328,0.07838313231858446,3.6816138056137366,2.3273937539254685,3.1986207691457627,-0.251587083309025,2.316303042728464,1.2131167137478291,2.0439220633711583,0.8215258912280257,1.6197383138018822,0.2591061347004773,1.5800243147271653,0.11334655463889728,1.4929052629870012,0.3684230385430959,1.0970027983059358,-0.03148143655044437,0.889091870159814,0.14675474584623094,0.801612829551921,-0.10229050547591498,0.6794642850014163,0.14555080020205613,13.957798136396768,235.7154007634912,0.38400000000000034,4.330950437869816,5.4195144994361675,53.84615384615385
call_02c249d2f89d,synthetic,train,6.213826762703859,4.5978206944343825,1.3116334631894142,2.587840459794752,3.593558416644989,1.7858171550330781,1.4541791334685596,1.884609547655863,1.220358435528731,1.6526866665750026,1.4149019171018464,1.620833152205274,1.2027710590107312,1.4278801323669001,0.25280559137169506,1.2322398904087657,0.5570511509415459,1.0727415516074073,0.10089668386383452,0.9350334076055683,0.23782776330947714,0.7553733822688143,-0.02792399154472227,0.6740968998182058,0.13622733986898988,15.2150636657747,957.6556852953881,2.239999999999995,1.7282211597633115,0.5868831501281669,23.076923076923077
call_02d28871d7b3,synthetic,train,7.639046060570849,4.704455740686744,1.7545525397776167,3.0771600819434006,4.081967483613239,2.898983255322177,0.5385830031474652,2.138550193633404,1.5859570770964644,1.9030569504227093,-0.36336546851674784,1.9601472633531445,-0.026800772518491528,1.4507188460627447,-0.43654039091722374,1.1967450139333018,0.05514663945890655,0.9594746885605294,-0.21383029854843028,0.8732902797027752,-0.06445607122812495,0.7715351542660852,-0.0211089472743927,0.7211231296803415,0.2292210834727149,18.102853399092346,112.46003261520916,2.8800000000000026,1.4740543209876524,0.4215647179991073,11.11111111111111
call_03680846967f,synthetic,train,6.605350411216499,4.221491449903505,3.660582920142879,2.923639071355748,2.1374993540191385,2.3627728816219067,1.3292990048249287,1.994001648564633,0.897748859714109,1.6734477689777005,0.03946225812693899,1.5713764201252989,0.280230292333301,1.3986201250602732,-0.18476105602684695,1.1267505905630946,0.5299197823197855,0.9508811288766824,-0.02368990882343565,0.8088399799962419,0.241001949352347,0.7015086966717353,-0.0973077248958607,0.6215910051529456,0.18239159288130904,18.56096972213595,1238.0226992949993,1.9200000000000017,3.897589759999999,1.0282455392020364,10.0
call_04d682ac0cef,human,train,11.573971615746567,3.0458015422424083,2.0423064849308084,2.454749510446121,1.9679209169065448,1.7750850942058807,0.7976906449766347,1.687660413294977,0.39912422480342974,1.4263652182952455,1.717263681137171,1.3109079163333393,1.3028500456870147,1.1521453006453726,0.6326030338503535,1.0117956433940347,0.632637493433496,0.8863911476666922,0.4012996857162977,0.734564850333647,0.2501050448846319,0.6448961756138892,0.20152387643413638,0.5708355809616514,0.14712797333052205,23.71635880158653,2851.880332375919,0.8639999999999972,0.29659136000000086,0.6303264118371824,10.0
call_05d6615469e1,synthetic,train,7.180753007561747,4.48296959797462,0.36320259990711046,2.970423684894977,2.600715338084222,2.813020800460713,0.36212406419989346,1.6632361104668714,1.6105528108171472,1.7233986784931365,0.38034909899650715,1.6550546172491025,0.5755026570521824,1.3795059768430018,0.21340509771604738,1.0385339762515748,0.31867714224438193,0.9183974173471128,0.07433702598489753,0.8020496809410023,0.2597228722909125,0.6429643951530001,0.07406610164957828,0.6251785880533028,0.22588342642337025,16.719633310472013,363.1313183430825,2.176000000000016,0.6169283950617243,0.3609595103655929,0.0
call_0615c3630150,human,train,8.020743429266439,5.427720705134265,-0.7591004841410725,3.211295311510857,2.6317957951592135,3.1367821902466537,1.4553039820160727,2.482487363279262,0.9396867427048821,1.972792410556364,0.6480779981088975,1.6707618256010985,0.4598527771731512,1.5403064025930777,0.23489402904951096,1.3427254248665108,0.2565120941647569,1.098355976910204,-0.14582018257174917,0.9394359026382048,-0.09056716232917927,0.8537091913863746,-0.2626156471538842,0.7379676434563689,0.1898841185266843,12.536498714287966,300.3533194425532,-0.8000000000000078,2.3617536000000006,,75.0
call_064d8dd77899,synthetic,train,5.972398201178308,3.688017185066337,0.36259800001172127,2.9127238065304963,3.1826624493518527,2.647011475272279,0.015386354235427196,2.2101766482276166,1.7662344418513838,1.971856961317883,0.19533603429109592,1.6479470170871438,0.32979369191697255,1.5275337655478936,0.6343048870341896,1.3323867991604363,0.32625846368322997,0.9657358652265846,-0.08561952002920833,0.8750116680425413,0.06261082335593253,0.713544233259614,-0.24161625009926124,0.5896185218916127,0.1490143561613425,13.689436505872507,400.58133190022573,-5.824,0.0,,100.0
call_06b5a78ea12e,synthetic,train,7.36034622958822,4.560254482705991,0.45129676281074027,3.085228149455265,2.974804678438254,3.01363177167898,0.2885580264561506,1.7993533688320313,1.7583814237653308,2.0405234653763573,0.38945750728015394,1.830007543321527,0.5123033100681729,1.5327472904083084,-0.0010811065799420788,1.1923389265015036,0.3776885019989903,0.9868642059535551,0.15167968428577533,0.8027023966872516,0.18919490301746308,0.7015663375229645,0.0445912614829245,0.6847112939205588,0.22783426078875813,15.92531836531753,274.72826046900695,-0.28800000000000026,1.8978133333333311,,58.333333333333336
call_0847d7417bb1,synthetic,val,5.921441564735452,4.096187126250365,2.390677429444283,2.9891534662406913,3.2558583714401044,3.6627664604082657,1.2404381112216143,2.1608619619431493,2.148747335620257,1.9651368071507276,-0.30534455573689856,2.018097334216045,0.8088240608506481,1.530740963596706,-0.4392804089045303,1.2362358816006345,-0.08204526774799284,1.1058180455687985,-0.4174502886396873,0.8440920186583888,-0.035469726299363166,0.7654712906041318,-0.20837813180811302,0.6812901647202833,0.22278557997396614,16.471280496323374,169.64547156333725,1.6000000000000014,1.5382755555555565,0.7751702321999266,25.0
call_092aef8d1243,human,train,8.43440090736556,5.427886126074634,-0.119028553342948,3.2453246526109325,2.21925481993822,3.8470055297145227,0.9420638936694585,2.6406770960178263,0.4962294219477976,2.0675729547049615,0.48560298230901466,1.885030043001376,0.5934308713808848,1.4328413109102136,0.2642193122412151,1.2819056014637866,0.11510016155928811,1.0250120533222042,-0.17435739517440133,0.9221629217160098,-0.1750398863827473,0.8249809025325893,-0.2701691910765319,0.7064224335313593,0.18080098768888703,14.687543134146374,328.3504971496892,-1.024000000000001,1.1930226938775501,,90.47619047619048
call_098d8081babe,synthetic,train,2.6351782355348354,4.6676281140709515,3.1013424759270105,3.2398342573988086,2.3011161032239524,3.2640585144107495,0.2874259177732388,2.1620227381880115,1.6647161339760106,2.0304264446812925,-0.17730783698362682,1.7138676008556597,0.44481222715542174,1.4247391362081308,-0.31612502437485784,1.2463029378307047,0.3608555039734884,0.9840494653182545,-0.24061282836343534,0.8231254090925264,0.06759891114677942,0.7583266699963951,-0.1818616289849538,0.6981923067554073,0.23904398774187752,9.88372258380138,69.20868105133215,3.1359999999999957,0.5270186666666693,0.23149251057379075,0.0
call_099dffdf8486,synthetic,train,6.090351954275683,4.2764966835739475,1.3094825410634048,2.651804189707105,3.8496346856891046,1.6760540906422778,1.5859443231943149,1.8432121533237984,1.4527551199834075,1.5860714151417685,1.5242169949334317,1.5251776829489279,1.1570743178160154,1.3567667894610622,0.26810229829128074,1.2086415295808548,0.7845846598722993,1.057123537396237,0.20566924401554665,0.8952244524573243,0.21915774133078264,0.7339960654943736,0.08310470513271381,0.6479055740758253,0.14104828262573232,15.327658659340237,896.7931101844609,1.6000000000000014,1.1665814214876078,0.675052492602313,27.27272727272727
call_0a9c546208d1,human,train,4.035935502523769,4.304283707253858,1.7961373669605265,3.4953026145341024,2.198081331602873,2.689250836222527,1.584744652896207,2.0272626706053107,2.4818526752496544,1.726048683898909,1.2910541774957862,1.4954050508741557,0.5301860187576599,1.2295066751414647,0.5802251102799608,1.0644466122751406,0.6487440084454821,0.8685878419669829,0.19352888890090925,0.7120701612255446,-0.05004239197952878,0.6409228972450839,0.04203622301626866,0.5765286805397077,0.1712746223341105,13.469699355143064,733.4127260452759,1.1519999999999975,0.661712979591836,0.7061262355408019,14.285714285714285
call_0ab7d2a0c0f5,human,train,6.31523569328277,4.425348302328758,0.9380415397498916,3.1410809513243785,2.7800076611837534,2.4651335826348615,1.8181954856399214,2.115920783793041,1.014052529604749,1.7464167823248125,1.000746035617507,1.68306136274947,1.0788625676830177,1.2804814524562707,0.4712140626787692,1.1104660094883052,0.2163791807847839,0.8908283173271854,0.31686072245182967,0.7548054689103116,0.08363573104934513,0.6518257596085472,-0.10897608402039166,0.5946435215869991,0.17229924268381555,15.559838664665783,788.2888569882111,1.1839999999999975,0.9681066666666651,0.8310169901310904,33.33333333333333
call_0cf2f4a71328,synthetic,val,6.425518995522923,4.438877540511031,2.954355705051061,2.998115378790452,2.9086676610560023,3.079017045555104,0.6607925290042989,1.7063410810076334,2.2523608044855354,1.638551624314664,-0.20020337076212685,1.683840151311268,0.5710411916497347,1.252928129405903,-0.1791362580707863,1.0559518198766233,0.16568816656181853,0.8748848726167965,-0.21586797705251176,0.7245574583202966,-0.12293969744801322,0.6826477951546902,-0.2608761940180828,0.6198331751087821,0.23193783219325972,15.822328109101498,187.35795894129248,2.304000000000002,1.152682666666664,0.46598550375728776,0.0
call_0e101713ee94,synthetic,train,6.038003926256987,4.446284772719781,3.5683861520093627,2.939776534718518,2.2578290275265775,2.4125236336720732,1.2783204153406653,1.826879560315825,0.9054951164015135,1.7155050555608504,0.03526534536135639,1.5829935793421364,0.2235008091666229,1.3374561264307037,-0.14411328748210922,1.1516289559731991,0.4925022500716466,0.9129432096795103,0.012945987149283964,0.7960448094207874,0.26202819607791483,0.7107536520923409,-0.11323205976959716,0.6337015398783895,0.1863643645593483,16.943497720610132,838.4469969037829,1.6319999999999935,0.863886222222225,0.5695188715532825,8.333333333333332
call_0e1e2f29bfdc,human,val,4.79581659225736,4.360431529491004,4.137332052756718,3.088621185422236,4.9081714042627596,2.9060841654585663,1.6369650944840117,1.9196851352356539,1.6648364412260197,1.712198522634511,-0.2346207198539434,1.4512866640001179,0.2673895192718838,1.2406994447029271,-0.42969874771667826,1.1272726797852248,0.19000823292000468,0.9047082571936242,-0.02356178045546657,0.7832121335522934,0.012836746329294685,0.6875472836367261,-0.24358838864131255,0.6959603552742074,0.2263639892027239,12.18945584793994,90.05490137761875,0.1280000000000001,0.9011877024793399,7.416477076847532,54.54545454545454
call_10aa0d1d33f0,human,val,6.6269163996712805,4.134140737281744,3.3609411102068907,2.453246379818591,2.3883193321004335,2.2168915530006967,1.9742225019694382,1.6525605692072534,1.7480269602766645,1.511038101117745,0.08178564398183558,1.4695307222034686,0.9058927021374713,1.082659232160392,0.3134460059774563,0.9503850058816731,0.504675446891385,0.869194200719158,-0.1631216585667697,0.7638247010705196,-0.02521533114557034,0.6688108699963161,-0.0015042334374482935,0.5815838264765171,0.1583784512271643,17.970845173615324,889.2938804595741,0.7680000000000007,2.807626224852079,2.181767283938031,46.15384615384615
call_10ceaf16fbbf,synthetic,train,5.7242478270686945,3.8344166010078955,0.945152523144625,2.349554715086347,3.363391121768311,1.8067115917505137,0.5462630041489516,2.3069909378442786,1.8457569676098249,2.146724954729583,0.8595555780941733,1.6491665340179094,0.08033717856214012,1.4474365016174524,0.3704522349683428,1.2812913790179168,0.3030736591747326,0.9957306629104379,-0.19017599126066997,0.7602543371627651,-0.018566913293278864,0.677615745625487,-0.1545441217958321,0.5991478427994285,0.16551056565680278,14.173261779958473,414.30821432946703,3.3600000000000065,0.117760000000002,0.10213147899774931,0.0
call_11d3230256a1,human,train,7.204400001490145,4.656799730104524,-1.3314053952404383,3.34285779929597,2.5191451767727457,2.5747408416327913,1.5423417312714927,2.0787120986656777,1.202254133149549,1.5804704487135082,1.6511156714723516,1.8207294119314215,0.31984788631296013,1.3829626215900024,0.539663936445357,1.1391805804821793,0.6793315444377046,0.9586373500622293,-0.07697878105169595,0.8260191069780518,-0.11769388080784551,0.7614739884430614,0.19978305903938676,0.6566749425937909,0.16791826716545014,15.051560932703687,240.11362598467286,0.8320000000000043,5.364736000000007,2.7838821814149983,37.5
call_120d6007bcc1,synthetic,val,4.478729663382994,4.8724102696951554,0.46705065104590127,3.347612696782199,3.3236348133072315,2.745610904827845,0.28676732036615005,2.215243729797998,1.6459709223984156,2.039438565261033,0.6504718282786256,1.6432575772733704,0.3574009832769485,1.562021773018726,0.29630517286594865,1.4841047129856504,0.3490180949380575,1.0977419169712455,-0.11139231489699405,0.8486682152817353,0.11242834738721241,0.7288627211785904,-0.14512235171559817,0.6643483641779586,0.15050213924739808,11.647902494661281,203.36456329380604,1.4399999999999968,2.0735715555555525,0.9999931412659179,33.33333333333333
call_1612f093f8b5,human,train,8.802559616432386,4.194946694812622,2.3230436783179713,3.6416657364565563,0.46040765451879506,2.816857136252973,0.9687610524840738,1.9764201355139146,0.32189517543334656,1.6580085185035771,-0.1424693364657622,1.4326216937365108,0.0874386747662608,1.122471171862259,0.2508512480504299,1.0335688607706486,0.10136697395165836,0.879157847552648,0.026934246402237072,0.7879498812302992,0.14184706874425387,0.6962543219187775,0.16505323309519185,0.6456924218920405,0.16734840580632696,16.043415189107016,227.27636409795622,-2.3039999999999985,0.7692515555555591,,100.0
call_16581bcbc272,human,train,8.54926415806995,4.187060041837986,3.41913287527516,3.6776733610405525,0.20027049050033993,2.741212731959007,1.0370564365560868,2.0717001671077204,0.591813508829313,1.7503742191936287,-0.14114837877155328,1.9740767530095642,0.7334271472136152,1.2208749666669105,0.010807308880026456,1.0381101540969027,0.2073296751984331,0.8856902102574079,-0.10021115181565553,0.8059108155288178,0.06611736331710327,0.7562184005702349,-0.20533335911852446,0.6911859766205487,0.226480183096957,19.169276343681915,189.31785758263655,0.19199999999999307,1.679699313609471,6.750167407279754,53.84615384615385
call_1761edbd6952,human,train,8.799576760885014,5.090032043629011,5.462000046463778,3.665262362598861,1.9764873647723236,3.034385703566546,1.1538066893338819,2.1152010212252503,0.6758658268084442,1.802746774790802,-0.3176413683503944,1.563883405848637,-0.3250745100317935,1.2377657909122173,-0.13787432449403259,0.9847249610434493,0.12555247975529812,0.8907299281547056,-0.0702826569632278,0.7772360507067231,0.005243202337764721,0.7432438490916559,-0.10127853784384061,0.676669848997337,0.18835333140484767,19.97782348757991,299.1421496603841,-1.8560000000000016,7.594147555555549,,87.5
call_181a5049ecae,synthetic,val,5.55143896264903,4.295638561113653,2.4939884746568706,2.9919187556102926,3.473363595054961,3.198972742199785,1.0452192883078428,2.1879722910537827,2.1260561339206845,1.96830301733908,-0.058864410034956974,1.8851132153067969,0.5219413950978842,1.470375657007812,-0.19081802872976095,1.2590811232222296,0.08252523963281466,0.990017852256655,-0.36600258702858285,0.8148648006923724,-0.1391848418468579,0.6961297134165804,-0.29197792676910506,0.6798828668235949,0.22228382124829366,15.054427132084953,122.71002297440165,2.6240000000000236,9.406514776859513,1.168827820994343,36.36363636363637
call_185e958a253b,human,val,9.013026797876238,4.919903350597843,1.6065900989137982,3.2287403401807855,1.8229642285650507,2.609470498829786,0.4807973004108607,1.793897707442649,1.1640504173752797,1.6065525563875167,-0.20441380871159992,1.4880489595214204,0.5691946094931756,1.3113566119160358,0.08432016215051114,0.9935376129952801,0.40145675202428455,0.8394051855723913,-0.04913623763213376,0.7724161393356378,0.03353920442061151,0.7124023597569195,-0.12800621458570313,0.66041975833579,0.23045611982339295,17.429265242013052,112.64282108509697,-0.4479999999999986,2.4178033609467464,,53.84615384615385
call_186e9d6ee732,synthetic,train,10.66812577077313,2.715570126099031,0.45048275539069776,1.4330664766664494,0.40671995319795534,1.546603755306047,-0.10820124485217042,1.0355623537283165,0.21025462965893155,1.247415397463176,-0.24031683862144143,0.9836584043687249,0.1513930816195756,0.8929946858889555,0.08508853169826762,0.7297618996996886,0.23995696879992334,0.6602661458581222,0.049924879803589436,0.5889355202871653,0.11378781816215011,0.5612906149924721,0.05158897470419099,0.5221051767886996,0.15428274324781788,12.929531756116958,631.1199455497468,-1.664,0.0,,100.0
call_189410107163,synthetic,train,7.867946539313245,2.868283867999991,0.6673309508223342,2.3927715091299597,2.1854666022409126,1.9996511776135633,0.9912199236156551,1.799421962171973,1.3115777056373414,1.5523456162698241,0.3976282569449213,1.5955937532340996,-0.1743359872670477,1.3017742051020906,-0.3114083332934797,1.1770194910360525,0.06740748435666827,0.9951648240747872,-0.2874924739816344,0.8319241891023447,-0.08574145452398574,0.7584230169817806,-0.18236602516350808,0.6878906164169253,0.18402810810935416,17.569773720374435,230.42331533623474,-3.2000000000000046,44.255231999999964,,75.0
call_18bd3c505fd5,synthetic,train,6.215583061483205,3.815367704245103,0.18306819276123612,3.4132923394924664,3.1947958515247046,2.7919832462639986,0.005284268939238085,2.053865286362883,1.6045862740475512,1.7168970554968142,0.3643576366290472,1.4698751036351965,0.24930120356915858,1.2969400535172588,0.19542377532128619,1.1799279665780462,0.20472775858860687,0.90507740554133,-0.0453473639479566,0.8132620418993746,0.09584401845185372,0.6995584809628009,-0.1572496503720301,0.5952290336733235,0.15754698702604492,14.770822195594349,526.4835977871145,2.080000000000002,4.377968639999989,1.0059421089840184,30.0
call_198ef413fe4a,human,val,11.691016751086803,4.653320927322803,3.1106633004338446,3.11949892921614,1.8305614114857462,2.3779926823823727,0.11958006567598514,2.1411169084331543,0.5158028624891042,1.7786087358490053,0.5554832673572616,1.3535353492211377,0.524839821623527,1.1450081574369384,0.6456552328307685,1.049462348613182,0.48664172761714897,0.8507703918966817,0.47220114772088445,0.7927233206588067,0.08244422932875059,0.6981121248384095,-0.08513099552854037,0.6354420808561421,0.16573275281962138,22.200252544899904,1069.4179750348408,0.7680000000000007,3.1149670399999954,2.298081929687351,40.0
call_1a2f3635b411,synthetic,train,6.701915374810463,4.2363960468853215,3.3260521702329777,2.7371081554737486,1.946660487075277,2.163900201135472,1.4754286883714247,1.5491296920203952,0.7192525634128262,1.5414693266770607,-0.05741665748707003,1.4473692420698874,0.1929327497305925,1.1847776045289047,-0.2685604641151469,0.9807371727091113,0.36012845443263486,0.8389707604784742,-0.04782552581250264,0.7010435688243261,0.20779859390230346,0.6640349894096504,-0.07997207109650056,0.5868414660696619,0.1796354831929312,18.097993288891473,2045.7535704261188,2.368000000000002,0.20268800000000006,0.19012197653231752,0.0
call_1ad99899456c,synthetic,train,6.421736181851941,4.744812322111643,3.3317458606242263,3.6968128825087794,2.9544512490498214,3.29557232790004,-0.16431761505765077,2.0779036642389026,0.4431189728579817,2.023924177226369,-0.8767143158913939,1.6964390806793725,-0.06513150987409493,1.2751956368017208,-0.9029938904965868,1.1313078198800506,0.11496873287868398,1.011659292922984,-0.4099324870238967,0.8374152545025267,-8.265661131778845e-05,0.7357100483871399,-0.24357264638915455,0.6586588652968511,0.21414256060526485,13.886853491953019,134.74738081318688,1.8559999999999972,1.693173551020399,0.7010883750335071,28.57142857142857
call_1ba56b3cce45,synthetic,train,7.178622202331581,4.039899940716408,3.53990959028528,2.664004475594168,1.9842499583262798,2.157798146951661,1.6181456174963198,1.750218188891669,1.0722194489481485,1.5432115330314775,0.006454915488982638,1.5121816632410614,0.4031594919530216,1.2755440216173466,-0.1964367796503392,1.039571616203872,0.45568861119091664,0.8969456909877048,-0.033579256547446076,0.7323229230972812,0.2884191614306449,0.6983603826249999,-0.054613310355337896,0.5956511601487394,0.17686061029834768,18.362560082040325,1750.802667913171,2.400000000000002,1.4673279999999962,0.5047221457836413,12.5
call_1bf0aa4d4324,human,train,5.983491326394425,4.895303850315296,3.72533029814649,3.1137341438765596,1.5726297285705426,2.90046252537629,1.2781284054523085,2.1557500475099336,1.9582786926932778,1.9291573547495136,1.3765435737041274,1.4773465254215308,0.669626316363669,1.2376555226149384,0.7793032930515186,1.064919599468044,0.8954063863452847,0.8823496345617698,0.31079768952673387,0.7655972468843244,0.0813968493352055,0.7113836802373872,-0.02112128476481545,0.6375846734599496,0.16670768307385922,15.787594734254057,1480.2540322540938,1.2480000000000047,1.022361600000002,0.810191493666931,20.0
call_1c1c0cce9fb5,human,val,5.449522017132924,4.80171489559255,0.5390947510663484,3.2679652080085955,4.005351697213499,2.5505480541940324,2.231764609601589,2.496995252665736,0.7966562052248074,1.898788637807659,1.2174632527548805,1.328996086012082,0.471475054756856,1.4242870481424346,0.2648230335228501,1.2294897376107665,0.6167855275115007,1.0743410506561621,0.16987655200442528,0.8600591373027074,0.1503391208560108,0.742138783553032,-0.0528882098278428,0.6741696085065677,0.16575993585162865,12.00256878553752,357.10786641930355,-0.8960000000000008,4.205282394557823,,80.95238095238095
call_1cc930924760,synthetic,train,7.780779945759077,2.779920613499871,0.11570422711910643,1.9384356791093451,2.0963249687277834,1.9054681495590788,0.9773271207996268,1.8677827171287376,1.4777446647476993,1.4670313960346055,0.6111826223442662,1.4377442114172667,-0.14687856334382987,1.346831292525085,-0.15067434755574333,1.2022304070877112,0.03443124440902,0.9854903938058509,-0.307967667499517,0.8639502235520182,-0.09958901824252836,0.7507065511397121,-0.19133312382194073,0.6707231782747524,0.16410307326840823,14.088538187816482,273.0657841634197,-0.6400000000000001,0.0,,100.0
call_1ee2936b46a7,synthetic,train,6.936791367915021,4.629105451249588,3.8668722488701617,3.6177108069533004,3.385397099560531,2.8094773280234233,1.9006869494025822,2.2610242302049444,1.1148302590868842,1.9285212557805325,0.13167097907730355,1.7760738931875721,0.15980548133781233,1.328188065921345,-0.2472560386831456,1.077165948283915,0.2457186506433252,0.9820347117919281,-0.2660457279684578,0.7600361628289044,0.21885990104455819,0.7177144149367576,-0.09668838336440128,0.6688025790697981,0.19179181821978206,17.815449730816454,985.8771946743769,1.4720000000000013,1.5309937777777791,0.8405797101449272,22.22222222222222
call_224586045e67,human,train,5.783995354399012,4.9198543144722,1.9292904621629936,2.7260609788528147,2.2541272807830497,2.8440623299075614,-0.021887400225618414,1.8775669889170032,1.3474511685811736,1.8350726830370847,0.553281112299924,1.4127370628632112,0.10972734314646537,1.2341064156029524,0.597458903390797,1.0705347337963762,0.3782693960465445,0.7918827029836482,0.13956942492250177,0.7079766537769983,0.2402881308071181,0.602194884252743,-0.04370536658869928,0.555234835798165,0.15525310531908243,13.481284112695725,425.91863823667165,0.3520000000000074,1.673508571428575,3.675118162249068,57.14285714285714
call_22d0f235a47e,human,train,5.196041268737135,5.516625430569296,2.6669297500115023,2.981653338180075,2.729336988448269,2.458004906636851,1.8467611293011503,2.117819701945465,0.6597419460630831,1.7971302156315618,0.9753886412340934,1.64173640277018,0.17762775411094095,1.4288363263769943,0.41685856128997023,1.2668525202799916,0.41477317345888925,0.9767921535354471,0.09500126430510891,0.9212497882657964,-0.0781940598400247,0.7368680089621737,-0.049848327364245826,0.7002843055566139,0.15518549705568166,16.09691027778303,1011.0069718782788,1.5999999999999979,10.399263346938758,2.015493052555122,28.57142857142857
call_22eacbc23d18,human,train,7.653795532410772,5.184609041422516,2.6343372468107473,3.0983807739652502,2.204314874395944,3.643858295540842,0.7860446228416547,1.9037852031578661,1.0670725402915648,1.7364024343900335,-0.08033827072974536,1.5124992111132958,0.45571464112419613,1.374617042921925,-0.3410732690753706,1.0956369891775781,0.06037466070751085,0.943753753381221,0.061991475080703164,0.8316144060898428,0.05536286067923768,0.764122730479827,-0.153662283770284,0.7904226842534079,0.23417808219446637,15.057703054400399,80.1744996278829,1.0559999999999974,18.225946122448953,4.042789442206539,21.428571428571427
call_23991b635849,human,train,7.58882480995649,5.357749559447654,-0.755418384520836,3.765527637485759,1.80525893442482,3.61446739391288,1.663963405978052,2.2101852288952983,0.49325217047604625,1.7213709730986568,0.2102203754874731,1.5122604790994676,0.5539362587877302,1.2039740286989566,0.45943193004309896,1.0902984200777999,0.4689232754254685,0.9982774355902114,0.2481669200732874,0.8357047974122133,0.06651734530343796,0.7761171056007702,-0.05832612278626009,0.7514322987447358,0.25258894567060924,14.454316099187487,37.32151841515784,0.5759999999999934,2.252144640000005,2.6054074821701727,33.33333333333333
call_24e1989c4d6d,synthetic,train,7.845643758952686,2.4168370955802705,0.05299503258599475,1.8357879921334574,1.9560285352328663,1.727535223180469,1.1219466774547857,1.7970851209916803,1.4497556269191474,1.4508533038979954,0.6904355654081824,1.3967034541808523,-0.20447082257038648,1.3056163713743347,-0.1513482361196144,1.1759469958880588,0.06470498060204954,0.9927910992160836,-0.3047231719377345,0.8601506817715772,-0.11122198658514207,0.7642855801665206,-0.17212148067811373,0.6924722165716641,0.16114422642928106,14.267378067307419,494.2229220073429,-0.12800000000000722,0.7146382222222242,,66.66666666666666
call_253156878935,synthetic,train,6.856807889819019,4.955108967386685,1.84400256635127,3.020428939710686,2.9041887249805987,1.9747583957044346,1.200059936627965,1.8599266923465883,0.8401686813673734,1.6187028567497428,1.7512620517908313,1.4635970148756654,0.8026172635308699,1.3517718388112185,0.4983395243466764,1.2741909957526563,0.9390584903116086,0.9756678308718661,0.21008489906750846,0.9151425576445664,0.21763195995343088,0.7627226930563025,0.06394057501131983,0.7094259519419996,0.13064277001603078,16.80712721788906,1338.8660606878288,2.592000000000006,4.623933439999992,0.8296039090663175,30.0
call_26be2ced1f65,synthetic,train,3.451524617172912,4.111579858281125,2.109920637721964,3.2138942430266213,1.8048136457990354,3.1801919610704585,0.4848818026803719,2.0996547761952287,1.857433496285211,2.0853415892316978,-0.46662567300558505,1.8337159304774444,0.35059447228200646,1.4754218479064267,-0.33268558262303904,1.1455226589194898,0.278651989675369,1.0426127574788724,-0.1590050588162285,0.8964684691951771,0.07314731892006404,0.788855203845199,-0.23365212946303293,0.7750516598213738,0.25535476786770545,10.602678084913244,61.819037008364084,3.2319999999999993,0.4817305599999976,0.2147488005747622,0.0
call_2741c273bfcc,synthetic,train,6.648470086004149,4.403390827173455,-0.003653183884805969,2.7862608083140232,2.768104841265485,2.838630206592382,0.44542790294037965,1.6729327785938273,1.7999748449585766,1.7078895997045263,0.47119337116387805,1.6752919809495,0.45902075504853435,1.3460394938480935,0.19226609111856727,1.0582884050762924,0.35324842126509065,0.9298550597928349,0.12038714026482313,0.7887281576540331,0.2781849929792271,0.6347186336501902,0.07190487022810144,0.6354263670983668,0.22521380383762196,15.772473081980394,290.29757268631937,3.9040000000000035,5.144120888888888,0.5809593879996615,8.333333333333332
call_290aacdf95ca,synthetic,train,7.5740936307141355,4.679052015945279,1.6934388520672763,2.610046139162697,2.9107799655167885,1.9293390180604326,1.1894312597236936,2.003962173069355,1.328928697738425,1.7528114721873582,1.6001201069968292,1.4862296045508168,0.6028661121930889,1.334723940587486,0.2189517145866196,1.3257921437849125,0.9835335797502208,1.1817044486382846,0.2510493410280518,0.8915152245957381,0.22462030478970166,0.7170499275921371,0.09393551074749742,0.6394188161943872,0.13225837934677662,18.411426369260333,1403.4292453152655,1.8560000000000016,0.9615992098765435,0.528346794664772,33.33333333333333
call_29a23dea3118,synthetic,train,6.1899023104643085,4.590462709038126,2.4406015767706237,3.146511051765917,1.3216854079655285,3.146155681653177,0.39037671693368486,2.3089528454017185,1.28712530707465,1.9683039234423367,-0.35131051060032736,1.882326981175605,0.4971627522402091,1.3744637460570304,-0.42102436648897257,1.1928931272940297,0.36890362455378095,0.9895706389458911,-0.18365012840969092,0.8701900615890833,0.1429149017032831,0.756427011262662,-0.16453501779423804,0.7027484150773549,0.24824253291257112,14.019223199747692,65.95923662012677,-1.888000000000001,0.1239040000000007,,100.0
call_29e423c5b8aa,human,train,6.451428580431359,6.193194257791691,0.5971729770253895,3.667263497594625,3.5939407272309385,3.9168789932347035,0.1930321974894953,2.542187110618307,1.8807968089467966,1.85230490796758,0.13342482872969133,1.6627824480338083,0.45767175159910833,1.3923288782556358,0.572141969554935,1.1351824588083854,0.12528067220898065,1.1175486055503059,-0.14989670602584557,0.9327725493332204,0.10984853662788491,0.7598488927698643,-0.15591180281511807,0.7167412240424673,0.2286523856185259,11.069878966561724,36.745049131480705,-0.7680000000000007,5.463837074792243,,73.68421052631578
call_29f2b21b3d8a,synthetic,train,6.405321452594056,3.824768436090741,0.19127899965207454,2.949524690466888,3.252849018650802,2.6054878889744866,-0.06717450785102555,2.0072252580772414,1.6899720118275634,1.698217839478494,0.417902528027272,1.5359300535766858,0.22062131530500645,1.3855939110727251,0.1983292955901675,1.1535338837761762,0.21916663306726417,0.9120722301537166,-0.11033677821952799,0.802924426900756,0.035100634337064396,0.6830440425969504,-0.1704299342326835,0.5922602837457874,0.16148112486116953,15.468820386479102,575.9297559013556,2.24,6.078296816326537,1.1006340227243312,28.57142857142857
call_29fddbedd6a4,human,train,7.760406120912702,4.134191737763612,5.096269548345275,3.0709667308539914,4.196093624769334,2.8365396264458114,1.6118987909421207,1.7712902592140094,1.7363473067812163,1.467343467351569,0.421207156977242,1.3548967993317367,0.49923060119224016,1.1204058121452967,-0.001405179882546681,0.9798261751958566,0.1290747189471435,0.8663129845319022,-0.14192863554210533,0.7638216255469386,-0.1495302656291725,0.7224238888859077,-0.2266911321200004,0.6622469669544876,0.18751720537864988,18.803440597836193,310.36688062287516,1.088000000000001,1.9273982485207077,1.2760180995475094,46.15384615384615
call_2a34be1bd407,human,train,6.305566669182761,4.907366745728371,1.4882885126630616,3.0567582408351286,5.204253580769714,2.0157000498544178,1.5783251835296976,1.8527318068833647,0.40472714521473535,1.8720379124325928,1.2192081067255953,1.5313461311501007,-0.0540934999431954,1.3010498453880825,0.08690508044919967,1.3540246699216123,0.37399572613037824,0.943800483627502,-0.14444069079722216,0.8206516680111932,-0.5680176289748176,0.7752082338440296,-0.003489734168697023,0.677928453195156,0.16116314093610962,15.285495429427826,1146.070060783995,1.6000000000000014,3.415386975206626,1.155047850606236,27.27272727272727
call_2cd6a0b37e59,synthetic,train,5.309806124957227,3.756832826301501,0.4498323084305061,2.4441993566905516,3.334130208530383,1.7453857108044502,1.2056251004264422,2.3269648981896216,2.121481377163096,2.271522524865467,0.9839256876665874,1.5760395558913551,0.08559330122417397,1.4606218043406813,0.4440883845125629,1.30337266603554,0.39342250958927927,0.9576923850621948,-0.16314245602731572,0.8030838586200579,-0.0019069288443255283,0.6849650632571886,-0.14349414430242247,0.6011838189571175,0.15950335525904272,12.805852497405205,385.5078297862117,1.4080000000000013,2.577294222222225,1.1401955594029807,33.33333333333333
call_2d2c74bdeb7b,human,train,6.211424615063436,5.0694418061349475,2.9006328235335754,3.226269588393547,2.187846070384844,2.7720348091351066,1.847238798045286,2.081503594119023,2.4849000760206517,1.9890793094544874,1.324112287948811,1.4882463799355783,0.6104512625480307,1.2014210349911727,0.6527820598138371,1.0906680026223041,0.8025807523839534,0.9355866469408738,0.2900822883940812,0.7493550540563105,0.13926390699323327,0.6736747101807751,0.019678991395863932,0.5859151596202629,0.16500766425438035,15.384231463416853,1606.0121817940983,0.8959999999999972,1.7320106666666641,1.4688155832803125,25.0
call_2d4374d86df7,synthetic,val,7.77622088220369,2.6104119553594582,0.2464834500461097,1.9820630022091719,2.043638860532313,1.84980559554199,1.1294358981945194,1.762324257333378,1.508869448405905,1.4358098494771274,0.5987412136606229,1.4538540637168063,-0.13757927215017302,1.28322857819486,-0.2546307040597129,1.1607041419014759,0.01293928487795197,0.9881535182970517,-0.356450392685536,0.8442640865795185,-0.14700722537931268,0.7645064882409153,-0.18889575847215567,0.7009085291922391,0.16805898955382373,14.708292278316499,132.53218147776698,-0.9599999999999986,90.94894933333335,,66.66666666666666
call_30c4f6565eec,synthetic,train,6.644643450006024,3.9820199044135083,0.06051772870790395,3.1131922472000912,3.081757368031895,2.705493932128648,-0.3029081253758856,2.2597942525790846,1.7473498266904184,1.954661971169137,0.4487169195905134,1.6743292771995193,0.26193188423786506,1.539828384168925,0.5519151052168811,1.3316219130070053,0.340903156859544,1.0524518588749054,-0.07530388279106608,0.8471290000078732,0.0809940640161777,0.7278889086643685,-0.2098975540737913,0.6325306892909928,0.14721957688940016,14.768183343876288,325.35414658561825,1.5040000000000004,8.275394560000006,1.9126985054255967,40.0
call_312805f2b67f,synthetic,train,5.777143110592657,4.140710020173193,1.2611363240523337,2.3047011609988144,4.091755431699214,1.7162196986525762,1.6682788585567019,1.8468882238874818,1.5436862171309755,1.7917208032788885,1.7626167050738124,1.5922199237793837,1.0408191807477452,1.4216151198405604,0.3702095058206383,1.2641402418081011,0.7714046470660898,1.0080108360356843,0.16394465169446396,0.8404391775104176,0.21060880014107858,0.6973504839280295,0.07279298302313336,0.6692527412944581,0.13368109721037072,15.185229710108118,1444.917797366266,1.152000000000001,1.6040071404958651,1.099387183092992,27.27272727272727
call_3332ecee2806,human,train,7.653655864120097,5.191636088401941,2.4729610766960097,3.755185479614249,3.1715275877532383,2.8594986445113717,0.9702214859399835,2.0267272617008074,1.0115357226568453,1.8034437477022713,0.09654861523832325,1.6915990188875059,0.5171517652233791,1.2603144826760686,-0.005393244267067887,1.1646439265329993,-0.2873297642807916,1.0682454718357093,-0.03673080317723831,1.1139907533142648,0.039760044003621875,0.8105643817048848,0.26860513481817333,0.7281275911568174,0.21290256173530497,16.259869930586596,90.27378856983654,-1.3439999999999976,8.757359999999997,,75.0
call_349b9fddaff0,human,train,6.49929573180702,4.7411664022450735,1.0250460402813588,3.239727858294389,2.39362134601267,2.8159875367102605,1.4693669355456005,2.124455268327694,1.2427532168002395,1.619998601111124,1.0688256450134008,1.645678613255077,0.5540759343265909,1.3327631533922994,0.39517062788625956,1.0873198976974694,0.34164958581395055,0.8421545924157869,0.1752097546501007,0.7713901082210235,0.12530056071008916,0.665727619672568,-0.06565670589154135,0.6254044359285348,0.17237938559770416,15.521957654880595,840.1651236324461,-0.1600000000000108,4.280156160000002,,50.0
call_34f4c668dbe8,human,train,10.844621183451217,4.25371264427332,2.992583754423663,3.6116849401052495,1.6409338117726002,3.671051394690958,1.4055583127091515,2.353896802157512,1.354876379857103,2.197432490520729,-0.45145567989965774,2.036252327111241,0.2587715841468397,1.5122996560015491,-0.1272959611778633,1.2220946421250931,0.1252014088822755,1.0148810193165874,-0.17649032053921287,0.8894633087076608,-0.020872027415857836,0.8033918568409726,-0.10658386498471348,0.75045173271054,0.2060252736153218,22.10969173233635,347.0131958739543,-2.3359999999999985,3.0097280000000017,,93.75
call_35966c559fcc,human,train,7.183603960054025,4.84628398878783,3.2599455647977473,3.201752125939711,2.4919395008288427,3.026414873387859,1.6018842646951463,2.027150349993641,1.5935727098883894,1.5454875765457299,0.36895157871046524,1.5319306940235595,0.5793311321571356,1.2896119076435786,0.3661017103853876,1.046578191437296,0.3042523664967223,0.8240890155607441,0.08786985683899423,0.7474857851375114,0.06852094904128708,0.6500133216633065,-0.049688089774025446,0.6304427521230898,0.1479001988266323,18.937011686667006,939.3255060632143,-0.38400000000000034,7.360061439999998,,60.0
call_36640e327eaf,human,train,8.82296277911136,4.403369542356986,1.3834165259692122,3.2468199447583723,0.14474950720122215,3.1569707362585007,-1.2659486837352314,2.2949006223196293,0.4810052954665765,2.8443878738306103,-0.7543448887947003,1.6058448619717536,-0.10649361721988373,1.3971228386829875,-0.0803878983764929,1.186021325159047,-0.10779402969503782,0.9715542925429788,-0.0473732032378074,0.8591759588292353,-0.10419049291823222,0.7951484422923114,-0.22022302535344712,0.6756064268791527,0.2050046746624829,15.875033565273448,161.06923600956742,-1.2159999999999975,6.630389759999998,,90.0
call_36d72e4b1aef,synthetic,val,5.669097693856806,4.716445670505297,0.47104379552382547,3.6655823585988636,3.015995125188576,2.6795661450487596,0.1769571554086436,2.288887351579296,1.5835754042345633,2.055406452387649,0.8421689694940566,1.6833479714891737,0.31895383598793703,1.5584295387876133,0.40459018080577946,1.433379836133009,0.3752159589013393,1.0779997877239238,-0.06799421726118456,0.9001805114542771,0.09200874602034001,0.7209708288180295,-0.16230230200218604,0.661033240502908,0.15119902655660308,12.02811172262404,127.58114394066003,2.1119999999999948,1.1591341487603268,0.509768430418392,18.181818181818183
call_373750027ccd,synthetic,train,7.131787304779271,3.523827424586925,1.2974513373406247,2.218562466336691,5.776130026017995,2.763940567116446,1.2966956233464664,2.0023118991262394,2.9511868899632203,1.7935325590457911,1.4195877479904038,1.7754293177811475,0.3273059219718038,1.6643925042369878,0.1788309541866675,1.4567589635716953,-0.04062820659141675,1.1290626925061567,-0.29329859599613856,0.9244170364917332,-0.4696693701933662,0.7613096855614925,-0.4291330044989106,0.6203512111766549,0.14802408781940135,18.302682088854468,1831.3251674874273,1.663999999999998,5.459598222222215,1.4041936989303563,33.33333333333333
call_374f870c8124,synthetic,train,7.898234746414596,2.4448708973006004,0.23913543506898152,1.8109537923981558,2.308930423997203,2.2210590481308,1.0485417017029488,1.8457254438948745,1.6726999773256253,1.570810400925771,0.7760339866920567,1.4902923711939826,-0.1833092024727,1.327152398967684,-0.20361401576482552,1.2854966822721132,-0.07586552635968913,1.015594847042833,-0.3636351942260742,0.8805599148979186,-0.17125029823030957,0.7775677860579924,-0.2296405737468476,0.6958003074485095,0.16644428560479307,17.97407566342602,1778.890693414804,-1.088,10.179379199999982,,60.0
call_37e63dcc8185,synthetic,train,2.7082482561422268,4.103785413462393,2.2190541430737802,3.2363412219745853,2.8663090975362566,3.204133471158698,0.6966279217712963,2.09654795300133,1.7561509328955647,2.106069630928911,-0.45491946405223554,1.7428668078040734,0.3677401727755186,1.388492425172063,-0.23063727016927085,1.2356697869951372,0.4011965178266158,0.9755950046915384,-0.21555121304585606,0.8104782211566574,0.07029738413388054,0.7796300997765536,-0.21492480719782328,0.7130604445162275,0.24214751705728574,9.878040058379462,66.67858573364032,0.06400000000000006,2.9896922130177477,27.01676008413638,61.53846153846154
call_387c5493a07f,synthetic,train,4.786569286975774,3.9161405409658943,1.1605891800752073,2.3634741895726235,3.932251653512174,1.5211399895131859,0.8830936491431529,1.8917913644446767,1.7848871847770735,2.0366163461448545,0.8911371590704056,1.4415857525464055,0.2676518936686549,1.319517494289239,0.3610068415184843,1.2270131510943563,0.3293185647557655,0.8670309577566283,-0.09103323627024595,0.7897318178524869,0.1341487840642677,0.6785110575074494,-0.09929542952264339,0.59222122627701,0.16771217525707305,14.574251205823337,660.0408692384182,2.687999999999988,1.0875049256198357,0.38795946517187097,9.090909090909092
call_39880aff21ed,synthetic,train,6.408847135972218,3.7672066863427807,0.15751028011835583,3.133758288264187,2.9021635022866783,2.6596375158606524,-0.2721807076244107,2.2167096205495658,1.757507755665174,1.9379367565619394,0.1455708943791535,1.7089042184449874,0.13928032705292978,1.5618607468899655,0.3715551369449732,1.2716554267711229,0.2644551513618635,1.0048761350557078,-0.09709807643099438,0.8285894990166683,0.0713635440793422,0.7400870288031477,-0.2353429573024033,0.6425721590842275,0.15438453233257649,14.39524621924275,279.7598232476182,-1.3439999999999999,0.0,,100.0
call_3adbf4ac0f30,human,train,7.240089819841918,5.1457632816492715,0.6922404470911518,3.1967716733154603,3.6338423751946927,2.88504954162338,0.9209485172980587,2.0192047643016573,0.1665271828000863,1.4771072019339968,0.5233274647232597,1.2478621975271362,0.20213286350707346,1.2214852176993372,0.18737524840881922,1.0549186337283736,0.5933928225269454,0.8151150596916327,0.18861084308047216,0.7263181300592584,0.13564137903104978,0.654115949349205,-0.023463823581040308,0.5613350714465806,0.15862831067076452,15.387887330456692,602.5144706989998,0.5120000000000005,3.0577973017751514,3.415343468220605,46.15384615384615
call_3b1bf9fab29d,human,train,7.611830320154752,4.400670177373849,0.553653916836129,2.971728324493811,1.35493964903358,2.8953259368159943,1.1330565529471341,2.06624089139289,1.6131937560852199,1.782180980399064,-0.2636033921626563,1.5739941552503083,0.1352421905052545,1.4516037279535527,0.7523104253797903,0.9862512623667986,0.48174186989892964,0.9172275743449823,0.32800470466712767,0.8217744132201187,0.2762268447101668,0.7391649110364257,0.022923519773271256,0.6703355334182866,0.23729441579491894,12.88840796140044,89.82470450440913,0.960000000000008,3.8416417851239686,2.041677770251457,18.181818181818183
call_3b9afdd4a2df,human,val,9.297919103159611,4.589253267333475,1.4571116769825436,3.301333988124836,2.634956016791148,2.8550811609962876,0.6651518391821866,2.0998059228176915,1.1976379976789313,1.662091260828561,-0.1208332409676387,1.395141618012628,0.3826959896207114,1.141124003189174,0.27601409733301896,0.9626748394325282,0.2718298547701593,0.8219026922881574,-0.035031549451736456,0.7500778896666946,-0.058886276267154314,0.7174756979635887,-0.18716288928593242,0.6300654431206381,0.2099729863278304,17.464466394964077,130.1995466051907,-0.5120000000000005,3.533813759999999,,60.0
call_3ca96b2dd5c4,human,train,9.147627560947559,4.43168881098048,2.2841384572865344,2.8767833467689945,4.129067203684048,2.3751616399317426,1.6034166586066103,2.51492720450595,0.2866649053919955,2.02851700261644,2.0652189654380186,1.67493808902039,0.8388883920251092,1.4528333123320283,-0.04923425625032793,1.2537845857765695,0.6146218356114656,1.0828719958236772,0.30255156998306343,0.9220373214006587,-0.0973347567716402,0.8217852018057609,0.09515911563049806,0.707241657524457,0.15259564033318396,19.56324605548363,1509.2623920665565,-0.8960000000000008,2.972170239999999,,60.0
call_3cd08cbaf55c,synthetic,train,7.3658474868368105,4.226778881131034,0.1041162150397224,2.8686089927039857,3.143150804286606,2.971351375808319,0.29661224508576556,1.8597257750659204,1.7095729507877224,1.885999189480959,0.39782448321000496,1.756231969955068,0.4657211729061482,1.4948511021208264,0.05042188914329319,1.1302794759965646,0.2667920427605929,0.915564431273398,0.11370450807839771,0.8331366847924836,0.20585003251751777,0.703114991181665,0.043440331537341406,0.6617179794052619,0.2256744989061526,16.73236710753754,388.3723924463293,1.7919999999999945,6.636994559999996,1.437631981518819,10.0
call_3d69be34ef44,human,train,6.029425308454061,4.815508131564775,1.8808850013337408,2.6649261340113553,2.003931785774212,2.7513792440869804,0.08038821836443208,1.8676238261555467,1.4711708527116611,1.8191495414060777,0.5231620047920434,1.3711588367087888,0.17705460603602333,1.2178126511983696,0.47894380021761607,0.97445384313249,0.346543868312546,0.7972977246664542,0.08697404939662595,0.7014200628633223,0.2149612596431854,0.6046069732732953,-0.019254475746015465,0.563903122347298,0.16099245609413945,14.896426802055096,458.2023941105365,0.5439999999999969,3.4976705306122424,3.4378787001469484,42.857142857142854
call_3f3ac4984431,human,train,5.448434363048136,4.662063132360468,1.2330336702503935,2.9952386723099256,2.9456858215981727,3.035637544817663,0.5869916374364668,1.8634251055309432,1.4889089921105345,1.7589211053701896,0.6897127459364714,1.3897181104973424,0.24546297517595994,1.2244031228546293,0.703414876154686,1.1082416828686208,0.4640871994413135,0.8405773220868604,0.045447153280744626,0.71757285967211,0.2685098180553702,0.6313026248177249,-0.08068411994414601,0.5547217763812078,0.15555892389548187,13.528029495135684,392.93965374728145,1.024000000000001,2.823147102040825,1.640842126059989,28.57142857142857
call_415d987a1504,synthetic,train,9.029550207028986,3.5474566807302237,2.685353141566774,2.4341798974999693,4.447077128960381,2.8982872902012993,1.0021152321106543,1.9493953175047136,1.938728093425878,1.6457215223460218,-0.7807555213371701,1.8212649872315858,-0.016567491226401998,1.28064031990822,-0.449048450130081,1.153023101918737,-0.016240821162025045,0.9020649370059044,-0.042911890201467406,0.7884253960172212,0.006513724073823501,0.7249878482608426,0.022188042956456766,0.6748905012668889,0.22488456051041447,19.037971899515775,231.32138625627564,2.144,1.0373119999999965,0.47503971530864236,20.0
call_41fc5fd779c9,synthetic,train,6.476244358884184,4.018284399254369,0.06920291663971442,3.4077102633339136,3.1251163078020014,3.0200836689869535,-0.49739198613224195,2.152589813070466,1.7550115529926134,1.8157564586881365,0.16377265232762347,1.6952085771831624,0.23163480885911353,1.6883011181972511,0.3263375959553514,1.400487857036931,0.2094542080879898,1.0522690139792155,0.0395382760311114,0.8839001170801039,0.08743597265247773,0.7359409536086959,-0.24170106702314534,0.6013150909371391,0.1447193839399463,14.599631631973658,285.3140409518511,0.8320000000000007,2.0092133877551,1.7036865913216233,42.857142857142854
call_450b4e13468b,synthetic,train,7.56014773300461,4.417632313742409,1.1863451726349123,2.964590502263163,4.116531264266781,2.764712993334467,0.9030522358399384,1.902038470151114,1.6987338778856373,1.7962007327101432,-0.454345624805622,1.9299479153104526,0.08486200159219873,1.3710773586484535,-0.305397886349531,1.190451160541714,0.015105063888291975,0.9607637716463117,-0.06510165182697254,0.7754501930920217,-0.019293719472577242,0.732341232194688,-0.09371218286835281,0.6640838150557854,0.24579494198538077,18.320507405262006,108.94532417832728,2.687999999999997,3.56470783999999,0.7023970942455092,30.0
call_4789ebd9b148,synthetic,train,10.234629761260122,2.3584341049187603,0.7281001507085303,1.7951407187796056,0.33348244794369664,1.4668813220991452,0.0009601747307712294,1.1774323556531976,0.14219451421687057,0.9871685537330801,-0.23512235724953662,0.9280882248779377,0.17091482657512447,0.8534722709648047,0.03293868614796108,0.7306359393268993,0.23316588421915868,0.6542626250204749,0.003638820351690983,0.5958320402258798,0.09306471316979903,0.5708819931314459,0.0444987122831651,0.5323382215351558,0.15666515770343722,18.782767099458148,682.1272193273462,-1.6640000000000001,0.0,,100.0
call_47bef2f628eb,human,val,6.033814230155488,4.779785302615373,1.437366953585935,3.1073774919270947,2.613615742358153,2.161187534006513,1.1801483910648973,2.3206478440563174,0.9201607899638022,1.7694027237649654,1.3282622258548609,1.571883711558518,0.7065002230898765,1.3500506635863685,0.1425563085002325,1.1742071199818829,0.6355018847034539,1.0697900865211805,0.05386609631168319,0.8756204187324085,0.1261238071502399,0.7248628958046792,0.00712749075045338,0.6972661526110926,0.17337031799084854,13.665291701082921,333.1854987293399,-0.9279999999999999,5.971343360000004,,90.0
call_486215b37ca1,human,train,8.313624861222225,4.937364785033239,1.2413629223295333,4.343143738236816,0.33785820862818633,3.083642660001542,0.5130734567188984,2.010966902622896,-0.12767063145583604,1.8051630333688864,-0.23621548187154057,1.4458978028376266,0.04045644431102838,1.1590347141771646,0.33052924394621286,1.0606724972791965,0.2526980812428956,0.8273278476540825,0.11371823562959296,0.7904296020678254,0.19637458117510717,0.7011363056165769,0.057382687213865635,0.6844398380829041,0.172931878461256,13.306136089338295,138.0024985374811,-1.2480000000000047,6.246335999999998,,93.75
call_488e7b893457,human,train,4.540241587422163,4.67287089615899,0.31687880816783237,3.2730113982864024,2.703103029758162,3.1420567319297277,0.3636908611018558,2.0403386762478033,1.6097882444315093,1.945218345230576,-0.16976997899833374,1.655650597162429,0.8834044600943001,1.3993599004153958,0.47996113484544156,1.1153738978985435,0.6081295792427878,0.9716624019748241,0.42043001209410147,0.8365978257650923,-0.13209988193993177,0.7843676783234027,-0.10718678196143874,0.7284275244777958,0.2308787078137649,8.778085593962857,48.51639183163239,0.7039999999999935,1.40190914878893,1.681850063035793,47.05882352941176
call_4ac92327c83b,human,train,9.180963552842002,4.025292931112238,3.4789835351210736,2.9554984657654035,4.551310138674115,2.852924744167356,1.8633099788940017,1.7646694903910678,1.629456353092935,1.6348747397560253,-0.4812678765434538,1.6408897179416175,-0.5060610686295969,1.164724825034116,-0.24718094142360525,0.9967018611012658,0.042360800043901026,0.8957817165530331,0.20102099472323268,0.8204449604147944,0.1520398318550622,0.682654179434236,0.05395056846527513,0.6718059162006783,0.2163900238437404,19.311373602413852,267.43024937022267,-0.3519999999999994,1.974522775510199,,64.28571428571429
call_4affad158a4c,synthetic,val,4.673181428735569,4.384219629587019,0.22683937950013242,3.286012913506026,3.0113656399768622,2.7232153186652486,0.39384387808586124,2.086806963545424,1.3746909688496751,2.0397569050536237,0.6075359323095799,1.7737794636792312,0.2547766773805329,1.4947148131464063,0.3894834905248692,1.4958797617672042,0.30449374635007276,1.1123682464572084,-0.12873199257397772,0.8762605550238035,0.09816480809136235,0.7290668261630583,-0.15655514343154697,0.6547570200904084,0.14555884970706784,12.5957266554787,193.9701313808821,-3.936000000000001,3.097599999999996,,100.0
call_4b1bec58d02d,synthetic,train,7.653617550869413,2.622931905410128,0.1477762175301484,1.7859239606614237,2.15224695460508,1.6680165691252542,1.0766912771493082,1.8534906319496036,1.5125991299281591,1.521607569989067,0.6817427078970235,1.404041190576973,-0.24108093040390396,1.2921645207190315,-0.1518850962661681,1.1826896202767578,0.03748822096321883,0.9802147919027867,-0.33864799128788453,0.8472703194061565,-0.11746594952872824,0.7656202180623544,-0.20114292420849728,0.6754573179400528,0.1686992396386513,13.947835517520787,302.937449305649,0.06400000000002137,16.2890396734694,63.06200382582177,57.14285714285714
call_4baef170cf46,human,train,5.294625157437866,5.751373277502781,1.0958122640570451,3.7016712249051946,3.0053204178700543,3.9774815272265585,0.4218759041593637,2.3845899933019883,0.6569548846495311,1.9127971829024821,-0.026429811659919603,1.5360562128227429,0.5869467088908744,1.1804618994576304,0.6374232767183015,1.1200741014994313,0.33115445916791275,0.9970289849960765,0.28331253780334315,0.8686204743247699,0.20636750191236658,0.7929571483007726,0.16835778667897644,0.7622748380741611,0.2404270452698432,11.869688702105016,54.6923172248299,0.7360000000000007,4.620943360000009,2.920703750292971,30.0
call_4c278007298d,human,train,8.303144649375652,4.686571345995271,1.7112161517023854,2.9549012617368895,2.887942488004028,2.7185859947442625,0.5011329238978475,2.0513330771271754,0.8155536739851306,1.6831633012077258,0.9446037586014091,1.445820357090102,0.40059003613288324,1.1731842085426492,0.2972978152493052,1.1172477865275856,0.7593660727694894,0.9460513939264158,0.43199785777194516,0.7315941411085264,0.14818589378959268,0.6565409149072203,0.12246430265196334,0.5755596486456527,0.1591963001085107,19.335930073408605,1646.1011897637516,-0.2559999999999931,5.63220480000001,,50.0
call_4c8c40f7c2fd,human,train,10.424665453688533,4.247029474473104,3.7410287214468187,3.109027750575129,3.1565576025427826,2.2410594229873433,0.48035956484088704,1.6778199496520594,0.627681071763752,2.0508281770700263,0.9112345723408026,1.41748039412912,0.09948184783305207,1.325689906300847,0.4274215803947691,1.1576371488413266,0.5721025172374661,0.9367633251949207,0.11041902218614003,0.787812601476109,0.1152710156306337,0.6972798956119052,-0.08156575011376578,0.6070400102534164,0.18524552282256637,22.430058829907942,2675.346953931389,1.7599999999999971,0.7137280000000017,0.480013773907059,0.0
call_4cd5b14fbe3c,synthetic,train,6.672575343700511,3.877159228738567,-0.006462007418447865,3.266118723348531,3.323176978309956,2.5820141652194764,-0.2869878392936721,2.22590352027583,1.654843705172695,2.035793406469858,0.34444597918469,1.710455350694079,0.19733410763994097,1.580117355314713,0.3689350741412146,1.3018276526238244,0.4082951943541008,1.0677968430591998,-0.0385536290460974,0.8387577360663238,0.06305487140576724,0.7306082998768378,-0.1783458371977992,0.6224871998928082,0.15442458055352057,14.86796585375567,285.0876050129074,0.2559999999999967,2.560655360000008,6.250799948806644,50.0
call_4d8129939686,synthetic,train,6.021419630226469,4.0846510557146845,0.3351602672928351,2.9738977625478142,3.1901775680962854,2.7073472957939675,-0.1824246639970151,2.0315954184832847,1.9069623302603695,1.8740509330731738,0.36637816548799396,1.6440947640421857,0.3035720673402684,1.5287387818986222,0.2998890341522221,1.2687757926109646,0.3739950486525717,1.039573334338456,-0.06542039086178489,0.8524210009051457,0.018040103377172892,0.7472986298934513,-0.2371894505263013,0.6245035994769585,0.14946162879529068,13.734432938347716,271.94600095887256,2.463999999999995,3.5884646399999993,0.7688004556869958,30.0
call_4e60206f7e8a,human,train,3.580050886228981,5.20394901804482,2.201849776195256,3.5642741603404255,2.0738505254009123,3.2377149564058363,1.0948878377230986,1.7833293000821397,2.3737123641850335,1.8106653058113062,-0.200336746789017,1.5634811855222057,0.4936319926218914,1.2603221322967157,0.5062544180993487,1.0183933591584307,0.07755887322712379,0.8490089569220699,0.2513111053230899,0.7055055924578255,0.08760153815187433,0.6319763287643636,0.013460224616171468,0.5236445022160768,0.1932302879163712,12.015946238744156,528.656111019499,0.5120000000000005,5.354837333333336,4.519633097203058,44.44444444444444
call_4e9cec0da4ea,synthetic,train,4.320907405838559,3.776798674895662,0.8718846877387768,2.1400204008502466,4.048453580368431,1.4189695200911085,1.0656436747488933,1.875932594873359,1.8540162431242218,2.0296068024272063,0.7049551315249809,1.5099911507138657,0.30635496904408926,1.3261820032410796,0.33320555903544913,1.174257267140028,0.292545925701059,0.8632114197281107,-0.1126671759882771,0.7705158078741032,0.14736956751183683,0.6138171148868867,-0.057536125770981106,0.573363060394371,0.1789523779258748,13.745052757946688,659.982556311092,2.496000000000002,2.1571174400000004,0.5884266231751202,10.0
call_4f0dad5104b3,human,train,9.717723232454354,4.638872190913959,3.2230389695352715,3.67355251905933,1.766717587173009,3.7200746691296422,1.6975095182759743,2.717231720607142,1.4400691609551162,2.3280332741820375,-0.38107193501352954,1.9633621164086992,0.30834400308146537,1.5128796035969143,-0.19399205350806087,1.2049416571338873,0.10417743054337228,1.046778170580413,-0.25602811266234743,0.9360242919375006,0.000989981597742981,0.8101370773263604,-0.11801321364410705,0.7775430257029076,0.20594754100245535,21.473453462448227,290.5345713629765,-2.368000000000002,4.7453413877550945,,90.47619047619048
call_51851f91f064,human,train,10.36084846842658,5.670445852835373,4.129209144177555,3.4420058444325994,1.8825899515359967,3.015437072224474,1.2578020895716933,2.1657010334504045,0.6868056354525518,1.864213172024101,-0.30279224342503885,1.5365937153709857,0.07813182995536049,1.184735336282282,-0.19942039754696442,1.0041462821639782,0.10917608229244503,0.8200805829185722,-0.28618808893510467,0.7831356430161677,-0.06806169108580451,0.6940923509602556,-0.26031499263645874,0.6543686378931094,0.2198196001701017,19.4522678949303,301.67411438696,-0.06399999999999295,2.426022532871975,,58.82352941176471
call_5273f6be303c,human,train,7.6104749041737625,4.219058066951904,0.29569301970790407,3.2621304450214166,3.6307844840503507,2.5360423113165655,1.6940931822537475,2.5353406674632897,0.5850332582991817,1.9990339821849603,1.7762808091933935,1.7333422333546966,0.9964560715759008,1.3857520360161537,0.469949407309396,1.39256257453032,0.7177561123651495,1.1043204057598275,0.3543875970303815,0.9044538124876587,0.20755908965813366,0.8495829770290371,0.31485261407472287,0.7008831950178712,0.15771187205162648,15.599452519346649,662.561279967199,0.19200000000000017,15.539690792899412,20.531465885007933,53.84615384615385
call_52ba7c3bd761,synthetic,train,10.592092584630242,3.2978426548188544,0.5830639588624127,1.8437023080348058,0.6405759599632086,2.1384086446923427,-0.012346854264476206,1.2376955618277856,0.374258851044888,1.4966337048887237,-0.18339581868943178,1.2188343787913702,0.2149768654222994,1.0719083893609531,0.022131736916615297,0.8296624874798457,0.268283240712565,0.7168758164481743,0.057117183523516524,0.6673913237799678,0.11119521271711699,0.5923620735694345,0.08469745730571376,0.5651196119345177,0.17467940124773487,16.405711500295105,214.77027730872928,-1.728,0.0,,100.0
call_52bfee0220ab,synthetic,train,7.028812535945338,4.4323700018844265,0.23216108755415568,2.9574585384305174,3.285627362021028,3.1066294384843594,0.47038532014157847,1.854208939815982,1.6536948188217,1.9283567539187207,0.47378980693343187,1.8731493938349306,0.6501787249775074,1.4999218871208806,0.0210813023263553,1.1642099007179472,0.3785622705188964,0.9772331580891717,0.1819750474547317,0.8210347739480238,0.18248522037567416,0.6927787089438733,0.04696521867627601,0.6615371804020895,0.22426275330135445,15.013923119457246,256.8352065870243,2.2399999999999984,3.059797333333339,0.7809051960193824,25.0
call_54a09817b7e2,synthetic,train,6.152225768726886,3.732786945952706,0.9573553757363382,2.745338614589174,2.8444104512885815,1.694655188827578,0.44766563749326316,2.2882503500802645,1.5167753415618679,2.2968238359332305,0.9133798831987896,1.5312828072743283,0.23423978340410245,1.4649080092468203,0.35002302977756594,1.2951710052017686,0.47642809153258037,0.9785645628566398,-0.04046001138358128,0.772332437845495,0.06418536850236373,0.7060456957177821,-0.2277681583574106,0.5992021856404758,0.16015131019259699,14.993256273276813,529.3159986118743,1.9519999999999982,1.662606222222222,0.6605639786761413,25.0
call_565b6523733e,human,train,7.796727103864422,4.911827782640674,4.900451073651719,3.3752618904052905,1.6658309238808005,2.674861303738174,1.7717284080684033,2.0424651451995226,0.9539745950717103,1.7649271918509195,-0.47120622993772965,1.4988904480722687,0.1759680781680712,1.1748602893112763,-0.3768907933126042,1.0102646896645282,0.24244535954566684,0.8286728812194989,-0.25418564632259766,0.8081632794188157,0.17406817009880998,0.6659416763389446,-0.08423566053826326,0.6838985472148874,0.22744279655098634,19.098941597902183,191.86306087970584,0.6400000000000006,2.42143886390533,2.4314020597859503,30.76923076923077
call_568b5e814bc3,human,train,6.320540608027561,4.470786764076088,2.037523956519471,3.0592865897325936,1.5736296858362415,3.115170638971965,-0.6766153648264763,1.8814905853200505,0.41621428928442744,1.79735725794118,-0.6501645459938095,1.5592499062937326,0.6974456259339238,1.3284432463137945,-0.282983254001043,1.1710270051086815,0.09382235481386797,0.9030320346310761,-0.12697000724740132,0.8304024122659257,-0.03796642382326111,0.7847997508008954,-0.13693168744564854,0.7399765015100254,0.27586753721325397,11.302006898614664,26.00840704619784,0.671999999999997,3.387162122448989,2.7387268464912453,42.857142857142854
call_569ffb0869eb,human,val,6.108463882865516,5.373343268934877,4.332452792082989,4.179861968507975,4.237548257614105,3.083374750034607,1.9548074130165105,2.138962760859396,1.7830419984758634,1.7320180401766214,-0.22840372161491312,1.5430772771743833,0.024255733724493356,1.139831348826641,-0.34875982219971197,0.9104090840953386,-0.10341699256996861,0.795741021204653,-0.30642174874023387,0.7375849169006712,-0.08186331696290577,0.7270695542452457,-0.09609701639695556,0.7074929724496992,0.20573499216762886,16.34857372051338,178.98641689757022,1.6640000000000015,11.112094024691354,2.00329373023429,44.44444444444444
call_56f58de34ea0,synthetic,train,6.502835437123588,3.6542007343559084,0.3603966392535267,3.424945066916372,2.8202713322379296,2.900822636672691,-0.129910524844268,2.0456417658634396,1.6084206253054112,1.8623584771923452,0.24022421044799935,1.569569445835219,0.34320747589718964,1.5684063565914086,0.5644567481974452,1.3009232517405676,0.3620499058212357,0.9448525508309603,0.021020671094969464,0.8461832269630489,0.12332536789762427,0.7467973452683174,-0.2317100537820883,0.6120171486584204,0.14190953093503864,14.869249939367677,394.101669764081,-0.512,0.0,,100.0
call_578504f9f39e,synthetic,train,5.236917217859061,3.6468713121630048,0.6781798628869299,2.3834244122300623,3.563690302505671,1.7887548559723152,0.7367557979810776,2.5560696637494495,1.978641193872555,2.2780211085495687,0.8500151621785196,1.6478065693846915,-0.08995915938726581,1.568573591004436,0.24207791734505701,1.276852011996133,0.3920088140984379,1.063263066560067,-0.13494926231596416,0.7991256417593878,-0.020137478750484522,0.7019291138270924,-0.17219122093417347,0.6220021280201734,0.16325394892204462,13.450796790586821,349.59567730002607,2.080000000000002,3.8757759999999877,0.9464899340543816,25.0
call_57f113803718,human,train,7.654298146688824,4.647054168157339,3.5016396406995955,2.790059280633234,4.252700267853337,2.3961935204388762,0.7756302431222286,2.492945540671814,0.9347873952079535,1.9778003389955852,0.3740636236247221,1.5074828945262497,0.24371441572086774,1.597259882731175,0.9570185069731606,1.3766790016476367,0.23321497148707362,1.146201157042148,-0.014664472704450924,0.9109356093795694,-0.2977969270127343,0.8800077014820269,-0.4681647491320975,0.7684612540181037,0.20396210021840236,18.26518640388558,1088.0165003234938,-0.2240000000000002,20.066993632653073,,57.14285714285714
call_5823cd70919d,synthetic,train,7.9291546002101185,3.7740782084197595,4.634150841364575,2.5861629902116547,2.7643844034648257,2.4640336974253083,0.7957634537196325,1.617948994692292,0.20032894769470477,1.7308020091975844,-1.2734177556848265,1.5358613700907948,-0.2652490174609836,1.1680787641175934,-1.3402194258169753,1.0443859168240115,0.05472825731899278,0.8840098920597033,-0.4004599899901107,0.7514953548540896,-0.024574727536566233,0.7357545637637551,-0.16822407331143058,0.6883318116412578,0.20959735355960601,22.34637714605698,526.6607903675338,3.5839999999999996,1.734082560000001,0.36742346141747684,10.0
call_58a0f7394bc3,synthetic,train,7.448403087825412,4.383498679814463,1.187935806662328,3.1853144965969964,4.056662945311673,3.003625424122547,0.5815916119522326,1.8503832629090393,1.7618608559489946,1.7332494041103335,-0.384917928669432,1.8199016372671337,0.07228641617999101,1.3897004865767992,-0.3891910370458507,1.1132615154982801,0.08105542374861721,0.9308609170651826,-0.13982775824686722,0.7833504447592353,-0.04750308751715926,0.7082984534942478,-0.08511953938027861,0.6913595611347685,0.2531033764667988,18.825390376701236,104.1323164284812,1.759999999999998,1.455668244897956,0.6855174845491057,35.714285714285715
call_58ed2170e352,human,val,10.592689579974465,4.844727427290062,5.230888094487872,3.1132533764393475,1.5111466135481948,2.836389392858864,0.6789930729303673,1.9887060400266683,0.9299023308788821,1.7204466493594714,0.09837040554539764,1.3949381795678257,0.18242399969337927,1.131422212313122,-0.3482840207023568,0.9980202477841909,-0.11804716966677539,0.7899995089008237,-0.2329444577760419,0.6983462651809723,0.042352186366248615,0.6543545389055745,-0.15570917191348127,0.5908601900052933,0.2229427814691931,22.493224997360883,545.0650763506214,0.7040000000000006,6.004422530612244,3.4806709116117402,42.857142857142854
call_5a6307557d57,human,train,6.25435705316883,5.035119962145138,5.235994084688853,2.906415321382436,3.233825336510483,2.9606385982964896,1.3731243841965617,1.7444228722118906,0.7626280899272821,1.7221857277643942,0.18350719534560717,1.5246791430817253,0.07168293205160671,1.1237698845452693,-0.18816429287014547,1.0048403399326302,0.08081043171680033,0.8734812564237272,-0.2544310163693415,0.7992028557719478,0.048958974647220904,0.6752636320377051,-0.18403324355860762,0.6443483618010593,0.20859281728467535,14.939084922331126,327.85262236950865,0.9280000000000008,3.2104447999999954,1.9307881616296407,30.0
call_5a7a7e3c9588,synthetic,train,7.08620606020877,3.6808102342184323,0.8470547914214508,2.948511904251871,2.404656103642928,2.3979525919977482,0.2515558389919882,1.9805250792016789,1.5761023911085488,2.180943932066104,0.6784745318050267,1.655323462745314,0.23934529912644092,1.5064450219914798,0.39696702914810084,1.209421245185596,0.5787526726519072,0.9343817661286183,0.19757899661848158,0.7692705054978327,0.20356040831661248,0.7055143773429728,0.017176061649650354,0.6178432160515265,0.16068048506428012,14.993135049607531,705.7301987849025,-1.408,0.0,,100.0
call_5c9d19646f57,human,train,11.493494979037063,4.001044229973198,4.1445978197005235,3.056882975041313,1.708579279629997,3.197619294534874,1.6670655219983228,2.4101478516475234,1.5267331105635331,2.0496907710519223,-0.04566958588664788,1.9354668503113834,-0.13213233873687605,1.5114769351909347,-0.23492167483571064,1.19252825199153,0.17693137778912843,0.9985366224795821,-0.06802300161068753,0.9562929718652449,-0.13692566785297433,0.8870518798603574,-0.2140517611918944,0.765281543497729,0.19734961885804975,24.784722380306853,435.7238404972138,-0.6720000000000006,16.251875555555543,,75.0
call_5d86f0ca06aa,synthetic,train,6.7531964952560735,3.7070188134176836,0.5424100323724685,3.0631258906116665,2.870890383568692,2.6093890124670014,-0.4712319699977331,2.0816481021698765,1.7530341034783923,1.9689209038294961,0.44838814858552106,1.590996816612287,0.3227108867080025,1.4506741581914355,0.5319208935079838,1.2272411662179439,0.40959172915181974,1.0028190524525318,-0.1260499437551166,0.8678631745160625,0.07554107401236762,0.7224420699648022,-0.2081419707014491,0.6319253672918085,0.14769605604155314,15.157987466773854,405.91300654818826,-5.76,0.0,,100.0
call_5e4539a471f6,synthetic,val,7.7993137241531665,2.6757959865701753,0.011164695684787822,1.845954629327547,2.0376231149131807,1.7612058007140001,1.1242121145694004,1.8187698531629464,1.3797926721731657,1.4534973601262469,0.6664752196605441,1.4161313540011877,-0.22419976461683166,1.3230391582536742,-0.2139028322080647,1.212580110651408,0.006986832903679151,1.0074025062622125,-0.33156414302578685,0.8545536686866878,-0.11338407500374417,0.7732981379001916,-0.1891621888912885,0.7049570911826151,0.1647224233735813,13.559380178561774,197.588594618504,-2.6239999999999997,10.240000000000002,,50.0
call_5f7a4b3e8ca9,human,train,6.478928417307188,5.700605309559406,2.864564135619391,3.340235826538302,2.62853575257986,2.8001663366501797,1.8370096764016006,1.9357510202346158,1.5782703543629324,1.6487460962240854,0.42420425671539197,1.4125675489689449,0.6769744942143705,1.3653711317246868,0.31773007526467034,0.9991854895865417,0.2632855943567945,0.8332453278669343,0.1490039003953072,0.7076687215879981,0.018948431134323512,0.668700444004394,-0.10488536288853331,0.6212237449527994,0.14359790173639744,17.238625209530674,735.6141343182957,-0.8960000000000008,2.8736912387543256,,88.23529411764706
call_6058d9c5c82f,synthetic,val,5.515514998934599,5.096933041130809,3.7469631720077445,3.340946760654678,2.9401791427007002,3.8483835614096753,0.6731845066385973,2.1390704188415794,1.9495662332429036,2.007294651569623,0.011119129244615479,1.740869597758771,0.7142468881809754,1.475996027637812,-0.4886240048489938,1.185707072303291,0.08298846482692646,1.0125595202854443,-0.367634855370784,0.8675727383487567,-0.11881808695074622,0.7608481727969408,-0.3179858262842249,0.6738377840202728,0.213537834072917,14.547388357306644,136.44321981346965,1.5999999999999996,1.450728727272727,0.7527887546256978,18.181818181818183
call_60ffdefc5f5a,human,train,3.8236264882927307,4.57058093386324,0.9920346821208907,3.2517727924680493,2.5552254844862268,2.566961593148127,1.3032180141940362,1.8985175931732505,1.4128654534886071,1.8315965508845684,0.512327710422632,1.271007352756333,0.1481767842612712,1.1804731543875633,1.1532840761938166,1.041541240409663,0.6319359978985557,0.9199658200298735,0.6957411354861905,0.7866553213223303,0.2396692410449145,0.6641422031368843,0.06436985245432279,0.5960399452000429,0.1661360733470068,10.546964720073994,308.69119725768974,0.9599999999999937,5.079513315555561,2.3476849642484194,33.33333333333333
call_624a4731ab56,human,train,7.0687633649836386,4.341810220873019,0.9661186724526041,2.5485382585169214,3.0589351282762083,2.236800581583763,0.756116456756402,1.7234316380287027,0.048501975915133944,1.4915002889696458,0.3915656059820718,1.3051948839697067,-0.01067830013166643,1.236533808109541,0.1657595980312503,1.0956194534104424,0.4821944409537104,0.889983580553697,0.32110838732959046,0.7829317923793024,0.12851592601594564,0.6572974428964501,-0.02541789114317483,0.5787078430313753,0.15139290982479534,16.025070820992823,664.7788540021689,0.38400000000000034,3.248675990929711,4.693771839268834,52.38095238095239
call_63a156c6b8d9,human,train,9.218576596471696,3.529444681155472,2.0763983325844224,2.6783593502195684,2.292647351932959,2.0692516358332353,1.4441962670213548,1.9009996602500796,1.1529043851082657,1.450633511411653,1.6561078665332696,1.4536012201967647,1.0359161489592257,1.244405323923143,0.591211020017374,1.1327698569484828,0.47991928250654003,0.9041209789312042,0.2942729562821158,0.7953490347604371,0.12175111496767371,0.638613061486714,0.06886380967558764,0.58909335884972,0.15787695840442595,21.16372455199648,2368.6526050481866,1.1199999999999974,0.6145638399999991,0.6999475198986324,10.0
call_64637c20ee66,human,val,10.8800517337529,5.951244706916577,0.6579600786829488,3.4361371883755027,1.2675609530106513,3.2334365165096837,0.3789363260320815,2.509593046004057,-0.21973149528858138,1.840029532086603,0.7363167598766864,1.6510024619194603,0.5095747208020183,1.4043111836547435,0.27094035067901834,1.1367119259432206,0.3653864781060552,1.1024613444976108,0.1943968311715874,0.8944940529012465,0.09196044316997691,0.7188986259905374,0.070056867454003,0.7701489310093954,0.18254143407286327,17.36410888043936,619.5195278142618,-0.9599999999999937,2.310964748582226,,91.30434782608695
call_65a7cdefc22d,human,train,7.051939512135013,6.4647222954386425,0.6009607711816501,4.179128827570098,2.4673007603225354,3.9939688619557945,0.5615613460078247,2.357651995981223,1.664892409991499,2.045435512768614,0.47396651256138556,1.863613129439052,0.28735218517896155,1.5002600183149404,0.25475571481718606,1.2231476327742636,0.131145919844734,1.055153385387815,-0.020010882970115523,0.9180341790646542,0.0116031084771471,0.8045658191581312,-0.24135014791865056,0.7075528018176745,0.2168643229263374,13.921899932104473,102.86816854613441,-1.2800000000000011,3.6628161107266393,,82.35294117647058
call_6756c4a91509,synthetic,train,5.509224901231263,3.481940448252657,0.41569596567279377,2.4488312027533574,3.3000377853703036,1.6167635970009424,1.0281011918572978,2.3588699398020356,2.0603397265164496,2.373164438644356,1.0639956907077806,1.589587186695307,-0.1531214377071548,1.4766220837804211,0.31410051771672376,1.361563447242671,0.4751399150597808,1.0312798362417064,-0.1028026582042666,0.8304252940854955,0.04028502721543434,0.7192890735665737,-0.20405692412945847,0.6322892922706583,0.16691825927370949,13.758609481788639,382.28301266770524,3.328000000000003,4.391251313609471,0.629666848678107,7.6923076923076925
call_678ee1dd2242,human,val,6.652028735983595,4.748617919571023,3.926567368592692,3.1899378982318174,3.497880111661554,2.8406756052327644,2.4150592514268787,1.8706833409479209,1.5085291895869615,1.5356373169223194,0.5988156025939444,1.4178055314670666,0.38420669216450637,1.2311875412483786,-0.1310369499847897,0.9909554366357775,-0.06680886133696444,0.8383226510823804,-0.2904757344178034,0.7687987575263409,-0.029747404158847746,0.6930637617258554,-0.05786618724092844,0.6372598021680215,0.2130685140042996,14.993063264293212,332.5519737939515,1.343999999999994,2.504122469135801,1.177412152017031,22.22222222222222
call_68544c09a58b,synthetic,train,8.97088745038334,3.466867123619786,2.526207241138734,2.5105697237797053,3.801047517891475,2.9775551352443874,0.981192686564577,1.907355631829897,2.2373617773581156,1.7202036221627575,-0.661501808213252,1.7614202022081797,-0.04183639677742919,1.3757315372221353,-0.610073218939156,1.022447213405434,-0.09251220913669903,0.8745525916165533,-0.13568857724978156,0.8161381296349309,0.024623836165206595,0.6922932023762246,-0.026704538290639984,0.692494766395405,0.21947886270294759,19.800141822034817,275.53248526999147,1.4720000000000013,2.508758204081628,1.0760230950908685,14.285714285714285
call_6971b2685c1d,human,val,7.320981934097471,4.855471989964267,7.039718965273604,2.254115718100908,4.145230695377144,2.2271876370693735,2.31129363679166,1.6206822124815237,1.303227180899579,1.39358706733883,0.3127763545292287,1.314844966202751,0.3388386470089946,1.037720714077687,-0.15969710239656365,0.8792820303616935,0.10331076596742696,0.7638291812013536,-0.2826659291437714,0.6967220002711029,-0.15432656251341617,0.6157358119218732,-0.27719124709050785,0.5564820230806374,0.1628378489419797,17.95689828098167,977.2280264346036,1.4080000000000004,3.779811555555559,1.3808052174975671,33.33333333333333
call_6afd8cabf618,synthetic,train,7.557546046444988,4.44892314562681,1.5253423436732874,3.3226603725443735,3.8515335591300146,2.8971043227150557,0.618211043594896,1.854587010441098,1.4289670773611212,1.7809904999577948,-0.186722002419979,1.7269946581330609,0.08851849828630406,1.4071695633786283,-0.4728587900981408,1.159578051226156,0.18754118065169512,0.9855822949765706,-0.20078678580506729,0.8241239853426949,0.04735813013494883,0.7905740535383063,-0.00160637414023157,0.6919652729112965,0.22313520471433734,17.804523712515845,122.60212485869933,-1.664,0.0,,100.0
call_6b0cc9c966a1,human,train,5.657801865755999,4.235813202498094,-0.3499619414612831,3.471178595368569,2.7716506481746537,2.969287862993194,0.38761377392613516,2.056096979166603,2.1877986053347582,1.8942701625934109,-0.5085525999521135,1.83935991449013,0.7797911519399692,1.408586530329066,0.6799293165061144,1.1410011635361637,0.38790240557853206,0.9687864095229994,0.3293303113804571,0.8863006441163748,-0.004579852813652981,0.7548299951680663,-0.13438769042890353,0.7033494723479197,0.2482628556316802,11.423892748820435,62.246356525101504,0.19200000000000017,3.819459408284026,10.17887358481385,53.84615384615385
call_6b31fbd81fc3,synthetic,train,7.936524390497786,2.324428580537767,0.2614123348668255,1.9415957218659368,2.125152366710468,1.8972520730118023,1.0868650933603332,1.7857652200689627,1.4880345459783717,1.4004323575728166,0.5602129624576995,1.4973629399081558,-0.2257345425191108,1.2890650957584928,-0.2670431228420028,1.165389968756145,-0.01236614737032904,0.9752134379504739,-0.3255872994962645,0.8431806618663723,-0.1141343427853394,0.7672854836776529,-0.16855235674023294,0.7090651076048282,0.17300214333885588,18.055640345839798,157.0709053441427,0.38399999999999745,19.87743288888891,11.610446551955027,50.0
call_6b6499e4474f,synthetic,train,2.8344249590388744,4.147541072025298,2.378301257343555,3.0913583345077478,2.629269019457303,3.170784772146339,0.7350263744276948,2.162997223418665,1.8286419715247422,2.041030883800297,-0.33596121672791734,1.8254434140624003,0.5474562151412418,1.4030004698811605,-0.29922276799709374,1.2198362767732722,0.35186205055145575,0.9829866033638709,-0.20332207555673634,0.8364650725046363,0.14167335560563965,0.7647953943500844,-0.23808654698304832,0.7034846099816655,0.23839216401034052,10.224570262749431,73.69356622565861,3.456000000000003,0.6301152653061246,0.22968692138781224,0.0
call_6c8d4490f8d7,synthetic,val,5.04482739250365,4.759167609983851,-0.10850778759110444,3.2262190124792123,3.327600026538473,2.640473114151984,0.43904266659857694,2.1776526127984264,1.5594241319748559,2.1302464242684045,0.9960202238864053,1.736060227679302,0.11151546990820188,1.6050413935507044,0.30483509379163176,1.4715969826997863,0.41949645143106334,1.07101575133955,-0.20387913160210044,0.8671607447638482,0.01642175988344005,0.745568834255024,-0.13709758620283669,0.6439807029279615,0.14759983323355438,12.908715602574219,185.7955346693561,1.3120000000000003,1.8735513599999973,1.04327539863945,20.0
call_6d88a2e95795,human,train,7.942421119031426,5.616652046997138,2.209009956610042,3.6354713271981134,2.8395954651292357,3.0812892141701385,0.8123008902986613,2.211690467759698,1.72865414641559,2.109841224218367,0.3963464676188943,1.6343040196520204,0.3004015252090358,1.3646638406010065,0.03352527782172113,1.3300511664001025,-0.046354978114745995,1.028358771845751,-0.18519255149739325,0.9385809856630465,0.17178154898048553,0.7988012007050639,0.14229866512003453,0.7386613797209548,0.2107911660511494,13.776971878718996,77.17336813886178,-0.8320000000000007,4.279823944636681,,76.47058823529412
call_6dfa70c50ea5,synthetic,train,8.138510006574098,2.4937111251821094,0.3925892303758751,1.9985360396843619,2.1981921538027143,1.9738828686053826,1.0957310245779337,1.793609888983929,1.5633212425916372,1.4694225811401336,0.49268187869328756,1.5533685532711632,-0.24788109115876572,1.2880667769065732,-0.2870361463578718,1.1707247512129626,-0.004745143881889707,0.9615771078110653,-0.3047013931093163,0.8423417271188447,-0.09519607875918545,0.7648953724587013,-0.15324115670950422,0.7043948342064984,0.177752220933215,18.166869249063325,152.3471508142178,-0.5120000000000005,4.27167288888888,,66.66666666666666
call_6e83cb807322,human,train,7.4221183908424795,4.899129511844392,0.5188413170010584,3.2420107050043874,4.000784618936289,3.5365309206320643,0.5470935985118611,2.140342528494335,0.7340602557744914,1.7439863624195304,0.022585037916568962,1.5637127313354422,0.1186344000312894,1.251526614057588,0.7581931763323458,1.1302434784957374,0.4580277408901594,0.9341384348515621,0.04160912245262046,0.8172725694807477,0.061936331302126724,0.7101831013625933,0.11063692887386217,0.7057457085625901,0.2327490892928685,16.146429697434613,118.17104833463733,0.7680000000000007,4.236912094674555,2.6801771900171483,38.46153846153847
call_70101b573bb2,synthetic,train,7.17853657718552,4.4902609840637675,0.24778820373638524,2.9013103418902393,2.735398486560639,2.9482472768829924,0.4268577097837588,1.7073230884353163,1.4580799915570348,1.6902141526461367,0.471935425511659,1.625321573706746,0.5618024869434861,1.3496971229460433,0.08663850229778614,1.0688109475134606,0.28082591756492414,0.8813048028860685,0.06206586634617793,0.8003137713608068,0.20196074803308617,0.6859697872541027,0.0442003364324666,0.6576120191305816,0.2184608837292492,16.30169909350056,258.6305892395816,1.9519999999999982,2.647437061224488,0.8335525967192825,21.428571428571427
call_70de89818ee5,synthetic,train,10.442179855643065,3.3248850941410866,0.4109625555587747,1.9007070346875732,0.6933532608909997,2.301189823614814,-0.07821758440687977,1.2392329089443301,0.37639357381784777,1.436647879264424,-0.22190276108731982,1.2198662567796033,0.19520535945806095,1.0451987935042337,0.06542936640395425,0.8547238363750459,0.25221580715047587,0.7541450253062079,0.033600038391106674,0.6321001251306031,0.1049216962170799,0.5938800332820663,0.06315324046036891,0.5543040306309179,0.17150045209623374,16.597728077591157,311.7382708836566,-1.3439999999999999,0.0,,100.0
call_716d56beca2a,human,train,5.222716565068966,4.938470849117301,0.5504898109742374,3.2099567322921922,2.478098646996744,3.130245472730145,-0.029617833235256324,2.057332548193154,2.4879485189198958,1.9520684946202733,-0.19537980294120189,1.5913099026786655,0.8004311903040566,1.4284287165960508,0.6435130534325948,1.0715988203320523,0.4396113987656777,0.9108990735623665,0.17487285017689522,0.8797371519057977,-0.005727951144661254,0.7256595377498957,-0.17253304743665593,0.6977358024062897,0.23221467625604497,10.637101631577565,53.952772829945005,-0.3519999999999932,7.23831466666666,,66.66666666666666
call_71fec5a6b017,synthetic,train,7.066340077807871,4.990023482784579,0.5322335314582776,3.0885533311864823,3.224708321444756,3.101420396759068,0.5496101755660208,1.7214396338997213,1.5587610366747717,2.0808154577678635,0.43818272207314196,1.921012399901435,0.8238965573318403,1.5226121513961985,0.056572524063430246,1.1858428199827786,0.40941114776701015,1.032481850187612,0.11495217820747658,0.8071485618170089,0.15465405053567155,0.7120351085924969,0.07485952564949018,0.6428564803979302,0.21802491421121256,15.433113538596196,133.95728391491735,1.2800000000000011,1.1800166400000023,0.8486607095889382,30.0
call_743448b8a861,synthetic,val,4.172450980583215,4.763463998220552,0.06442903874828554,3.2360847492662774,3.265972228033496,3.1071239508201423,0.34332334806262826,2.13096997302691,1.7429813290752507,1.9954902674294974,0.7461408646365064,1.8477085451342912,0.24073889853238867,1.7393199317020653,0.07150239679846726,1.4455829261355213,0.28146151554073684,1.0535022211403997,-0.11252231806427006,0.8995737984167189,0.11904360947231238,0.7884866471121831,-0.10406006646586541,0.6779578489549184,0.15851739862700662,12.2485799390899,158.68596122467264,-1.3440000000000083,1.091038674556215,,92.3076923076923
call_74b20933dd43,human,val,8.567528308918739,5.476251413800117,2.3241977334004638,3.4445243067277858,1.1103544633645912,3.4874616253732516,0.4965350071973006,2.1994022107041986,1.4222033970270633,1.8263857208517877,-0.13008403443256406,1.7061798228923117,0.3445662154386119,1.37774703482097,0.009499947096713202,1.1796639355256402,0.4282588566443392,0.9963647805411014,0.06040003727872903,0.8558182559225669,0.2195834481293666,0.8052444322857035,-0.09464585200542619,0.6968666275204536,0.19569258281057428,16.89350348978941,207.27522762946762,-1.5679999999999978,5.15713480991736,,72.72727272727273
call_750153d8eb40,human,train,5.754740472703384,3.4179465200371757,1.337558900487089,2.015251624059087,0.3275340925565817,2.5430938397975926,0.6188457852565867,1.5274297333808926,0.4590714812631368,1.2292081080199315,0.36055586856382404,1.2029322464403402,0.15982440797057984,0.9389827796799048,0.36118893958839404,0.8334844840174664,0.26762420698496153,0.7376249455304846,0.15071697511696003,0.6685110841627853,0.03536031058107669,0.5899012899250506,-0.10424678781915485,0.5300812816001027,0.16507081171576343,13.871914724699451,447.33571297253803,-2.3360000000000016,5.161984000000002,,75.0
call_7519d635bbbb,synthetic,train,6.556145973528424,3.6114741369765815,-0.13040277124944208,3.2380749855549253,3.2414582400102807,2.8766497024822675,-0.08327892441008869,2.4223971142841703,1.7158605778272684,1.910650146447081,0.3414074532754066,1.7384430702253078,0.06873613452826152,1.549012090785901,0.3688280771874756,1.3404881887016564,0.32861089346959266,1.0133803163447064,-0.10061047555283595,0.904214108060979,0.06501531178669251,0.7532481847759015,-0.1590762400338518,0.610158336929883,0.1477538835217056,15.091667640358523,331.5044518580607,1.9840000000000009,3.1039715555555567,0.8880086548145528,16.666666666666664
call_7601ac7d4fbf,synthetic,train,7.3964203153701416,4.29651720730709,1.2882543350287592,3.0010293171788525,4.191447586223928,2.8517709674497667,0.6984744667440134,1.915518206289076,1.804535770275021,1.7888513552695393,-0.10182049207738811,1.8837007752202697,0.10524884342063373,1.4456827836915114,-0.36068267633441087,1.252483517817414,0.007035954855314934,0.9529177030465269,-0.1391359180923754,0.7742869359064556,-0.055332017354061264,0.7298057529652687,-0.05201548070605125,0.671208094593621,0.2437436108891606,18.358341580718502,131.32382825378872,2.367999999999995,0.3357048163265306,0.2446792203514269,0.0
call_76856257e3ef,synthetic,train,6.707315106926355,4.659755419686072,1.5265211346149155,3.256019752205091,2.4203099047667846,2.488586817000613,1.0828418858713302,1.9873040235013817,2.4094163566468634,1.9813819258908891,0.5631785455610547,1.5571382542270729,0.5022298841757955,1.3150825379586246,0.43180794358092073,1.1249170080276163,0.44156552454994086,0.8947258472274192,0.20867274418507273,0.7205688884936355,0.1350737681511512,0.6603625538602066,-0.0057743976312405465,0.6007946605398976,0.16100777901233712,15.51486956472148,591.8111880873233,0.1280000000000001,2.767480098765433,12.996675738315293,55.55555555555556
call_7744ab92baa3,human,train,10.248050513515235,4.401329808140966,4.813520749546633,3.3115443405395966,2.2889092092523735,3.325994979057681,0.6814858299573565,2.0862285925092565,1.8077638897472013,1.8625503910214187,0.8186667881222764,1.495702526959735,0.6112409148319171,1.351073641303769,0.3523761122844935,1.1834404378949772,0.10807038692202353,1.050217741895953,-0.0382619942882709,0.9336571253350914,-0.08317788075851851,0.7330313091753997,-0.12752271580836755,0.6652591903246504,0.172955713853491,25.15709283198914,5109.710018214952,-2.1119999999999948,24.778503972318294,,94.11764705882352
call_794031bf2233,synthetic,train,7.785893370671374,2.2493879148351414,0.22187772887699916,1.7686534482059781,1.9645877046182367,1.6077522442235037,1.2042435898803188,1.731128725245449,1.387984672631864,1.3624083713832025,0.6231462899436571,1.362121350914034,-0.19608853067026566,1.2571875796999694,-0.21464628639113897,1.1375903232576094,0.015670683146356917,0.9713904132741301,-0.3249626892097327,0.8472189934403476,-0.11236169280686187,0.7602957937925605,-0.1808315336709721,0.6905958643188407,0.15488692670322005,17.154065101355812,389.15295654426865,-0.44799999999999995,0.0,,100.0
call_7a250598cb8b,synthetic,train,6.882850206373869,4.06219732505672,1.3928717009050422,3.0979521329287585,1.8917520447445915,2.772334219580624,0.27735644871667675,2.0184373440583325,1.5292439696498747,2.0976418751191424,0.5812680888935388,1.6834962487884408,0.29858064654542116,1.49012878962361,0.39105501109993246,1.1490386425863233,0.4955404108243538,0.941558404727864,0.24159380717058052,0.7939193922817975,0.2202562535070518,0.7130120015890707,0.013262540545917773,0.6417508672027359,0.1527525270109998,15.300566901999048,958.4196050080969,-2.015999999999999,0.17305599999999938,,100.0
call_7a345e2b0f37,synthetic,train,9.372465121548508,3.7122122121546006,2.786731516247103,2.4189860926300946,3.5782167728588723,2.9098770292781158,0.7819840521341554,1.8338085189944646,2.083549191952654,1.7587455941780832,-0.6061058714568403,1.7743879949536958,-0.04667880002646067,1.2927029893981452,-0.47773297871791565,1.1091248907695643,-0.005312958183960638,0.8683580623501728,-0.12192869011108337,0.7736502464525704,-0.09508215987890416,0.730253217123051,-0.0728853129066914,0.6645408901296428,0.22745735910211132,18.606664507403224,193.3801833687742,-3.104000000000003,13.542399999999976,,50.0
call_7ae75e4aa32f,synthetic,train,5.374333895663929,4.287402510235594,1.0622859588085523,2.545692281751781,3.89975349780609,1.7287139122312558,1.9517860013875015,1.8622381088681992,1.503921391625858,1.697706695411806,1.4468965190529517,1.507171743036211,1.154118977121408,1.4263116930500654,0.3369306416224258,1.250933051542592,0.7566516671384924,1.0447554883753392,0.17321045799847895,0.8468345442553059,0.24418430235640526,0.7184937245055653,0.06617682596222038,0.6360804994842129,0.13886241743757596,14.74107894057741,747.9907912788512,3.391999999999996,4.94312083044983,0.6554578508972124,29.411764705882355
call_7b14e69a57bd,synthetic,train,7.85529319781706,2.263928309125214,0.048198915177159546,1.7866535870094251,1.9800561689450797,1.6130150839991744,1.1351586391939599,1.7751296141615907,1.4252641609546035,1.4036557142239887,0.609225069698401,1.3992938082668644,-0.23138489867950413,1.284487143264384,-0.23497033370903336,1.182257719915865,-0.03442647947140015,0.9777832396577575,-0.349865646447689,0.8495449318362804,-0.1406037020943161,0.7752567443104335,-0.19448106759966274,0.6991595167497473,0.16165566539291848,15.488119136314879,82.73727778231644,1.855999999999998,23.65721599999999,2.6206187603840934,50.0
call_7b1e73c133f8,synthetic,val,4.642631509832352,4.817023835118189,-0.13059684256554396,3.3115192863122425,3.353308504156276,2.6015293553892773,1.2884488387267066,2.1981041069467375,1.4240454905678785,2.0663275909569023,0.9424828947913741,1.6613755810174076,0.21245699985214345,1.587720091868299,0.060038037847574756,1.5143599170620896,0.2642460363297918,1.0909228867834777,-0.10547450131714894,0.8575126702552351,0.11502870404181187,0.7344151146340466,-0.17965736843782903,0.6140413606040296,0.15022037660504847,11.302062183939995,169.67092635124558,2.240000000000009,4.785948444444446,0.9766433328224167,11.11111111111111
call_7d4f3b80384e,synthetic,train,6.833689742615645,4.442871278230398,1.115178711847753,2.981402409515327,2.551969010114137,2.739306993342376,0.8844157867136362,2.1794364911296356,2.311466621341522,2.22641683937985,0.6150129487883991,1.886787723432012,0.1637856696792469,1.6554448608789494,0.3540015837151211,1.1728173498227983,0.5366663544140629,1.0153183359462317,0.31724255439922217,0.7927246242118882,0.24367124969603138,0.697623256469961,-0.015522759186962637,0.6746578027425544,0.14880628015376324,15.559576103758289,794.6083709254478,1.695999999999998,0.12160000000000093,0.20560844073305165,0.0
call_7d5b26105bb5,synthetic,train,7.341735648301565,4.203036446558292,1.1381140209468454,2.732536572330347,4.211087547313137,2.9203733720298986,0.6771140267517307,1.91620409696302,1.7837278789499007,1.70720076230526,-0.44013298289510405,1.9239166556475347,0.14732252016990072,1.443772039121951,-0.39565876620044205,1.2609710759122434,-0.03901613928267968,0.9614167217662359,-0.11796467062656846,0.7903008959453904,-0.03719540254331244,0.7610591277947566,-0.09430077660662706,0.7564767737022379,0.24368440728915516,18.81855109739164,96.14151872885658,2.304000000000002,0.030427428571429046,0.07570946042991684,0.0
call_7f82debeb19b,human,train,6.623208513973735,4.956046702454396,2.1324388157122645,3.4958381152656433,1.8771263146166104,3.312031740018892,-1.0834705515464234,2.0072375970019602,0.849869009115732,1.8192675721426232,-0.8598194219397891,1.6134806707489373,0.37625803674146835,1.2357027745396854,-0.27009570262068006,1.062586463087726,0.07908724858074526,0.85172426587108,-0.11005603802370927,0.7876068401207301,-0.05547005889825901,0.7480838723552071,-0.14770794030908685,0.7148722497759968,0.2547882337170936,12.017890199689745,34.81972428230357,1.024000000000001,2.2638080000000076,1.4693316667366165,25.0
call_802282383eb2,synthetic,train,7.1172410321024975,4.388125560419761,1.4471102210281623,2.5891758247368517,2.887915554603664,1.680348646232717,1.419280785599769,1.8585470168507792,1.1781627813646007,1.6904654385583955,1.6071297831680669,1.4917218488016701,0.6846157167474416,1.314758638955395,0.27703733385378876,1.2810208688827165,1.0103844058535258,1.0019088113896437,0.28996022903696855,0.893847703207742,0.32452990065432197,0.730779882189987,0.11989840883720793,0.6671517811352772,0.13074342413662188,17.5883866841235,1323.4455078010103,1.9200000000000053,0.07654399999999989,0.1440968038815877,0.0
call_810c24005ecc,synthetic,val,5.937976093498166,4.622742401040634,-0.009997152003266868,2.9464639573054847,2.64729178546663,2.6064692602993635,0.5358986074168599,2.0260656806443267,1.031535518442626,1.9984286253635377,0.6119121371560005,1.5269278893748022,0.019007799719930052,1.5147906911688875,-0.0375196754688856,1.4102156112048843,0.22793904642931112,1.090749613484348,-0.09211655776976717,0.7916924779463771,0.19297222093911237,0.732415068393169,-0.1534975791206849,0.6400672765343772,0.1558478288051733,11.935219364565945,166.16306423402335,-1.6640000000000001,0.0,,100.0
call_810e3066a7b4,synthetic,val,6.284419590336327,4.300518710122947,2.6947560024277983,2.8126581846537255,3.358732660981465,2.9453601999978605,0.8653647183594231,1.786806648690768,2.2662007988793107,1.598323345891926,-0.38180223175675143,1.7348432410902042,0.6352547654892329,1.218304194893785,-0.20333472215328174,1.0942893350066292,0.06498175835438846,0.9257333969718964,-0.259304596848403,0.7664918702494243,-0.09338073155856885,0.6565791985417205,-0.2395925898812511,0.617723965697756,0.22387020725718534,15.634302727056415,159.7715658954831,2.048000000000001,4.193648639999998,0.9999218719480031,30.0
call_81b12145be34,synthetic,train,7.1246982458718815,3.599641477282692,1.2146774476519944,2.2380657659295387,5.736113275750586,2.874255840554446,1.34252262803026,1.982902074447491,2.954549760007192,1.77769577043267,1.3593939360252743,1.8024355565095278,0.31308791706481487,1.5335170717631372,0.3821787913458189,1.5563337440430212,-0.1329937682453547,1.091732505088959,-0.3060895398295659,1.0006692192258753,-0.35503905904679556,0.7747736697486701,-0.40751026470011464,0.6235627387640995,0.14464686124969423,18.48887385789132,1517.335264802257,0.3200000000000003,2.5231359999999974,4.963869458396336,57.14285714285714
call_81b98c77cf99,human,train,5.752170754832967,5.494148670630499,4.282220778443985,3.6160914251788583,2.3913783009825975,2.973494699410823,1.1204449558327831,1.7932067155359765,2.0153875453136143,1.9446525785255842,-0.17846867185700574,1.6532751263717131,0.4937111028653772,1.231775283873096,0.35971126254874913,0.9646168647227548,0.34311652636065054,0.8691581106639658,0.24290571409896275,0.695071301261302,0.1356909678649024,0.6784814089191366,0.059553086874868266,0.5833801313703694,0.17915909254553353,14.836078677513669,1042.8333727130355,0.8319999999999999,9.646723173553722,3.7330738518535687,36.36363636363637
call_850d796d23a7,synthetic,train,7.832594114659388,4.3730589056671425,1.3378401453038367,3.0233894230235143,3.7657658977965847,2.8982257407650645,0.604383445936462,1.9115955846516703,1.8546096540668002,1.72402903222401,-0.5102083348904695,1.8489994401627108,0.21702190487637774,1.4726374104817577,-0.4959755839798967,1.1126356869418077,-0.023379753419538157,0.9685341456996946,-0.12451108595479896,0.7781461437309344,-0.11338909550850995,0.6853523786282647,-0.10227042612503529,0.668207050738454,0.24205547285127538,18.57056835631223,122.30858209054189,2.559999999999997,0.9935257599999995,0.38935844667863606,10.0
call_8570ae0e7d61,synthetic,train,6.41974065331214,4.483670272961852,1.2349312695088903,2.7192106629607453,3.066057712171681,1.954727094158583,1.4273720589983612,2.0327489680514494,1.1982731536171167,1.8851488209133744,1.6740801917788235,1.5480321086849593,0.5760370641148469,1.4176068589960105,0.425443094334471,1.3221672592067693,0.8829447069142217,1.0855420163467775,0.13793280013850293,0.8947891792257257,0.2999229740034063,0.7327819771166507,0.0875184164731927,0.7034960681517666,0.138773463823324,16.097681440079434,922.0697363293892,1.6000000000000005,2.717098666666674,1.0302265123101175,41.66666666666667
call_8834a90f11cd,human,train,8.090432328473748,3.907215919352913,4.228704392350519,2.6205552780112034,4.027609886034413,2.562299006294066,2.67736527919216,1.9047686365420282,1.734384882110243,1.594005233105731,0.14310607728045305,1.6118021848355575,0.49799111709156607,1.1900429749262509,-0.022625781466106512,0.9989323758298629,0.4365505958997649,0.8381068842949945,-0.08201054746334935,0.7160538912963912,0.11517068354135462,0.7280881727078643,-0.14871233116006666,0.6566528348028939,0.1994530180120959,19.89298674097759,575.2719287802656,0.8959999999999999,3.0514560000000013,1.9496001356112778,25.0
call_8893de2fe204,synthetic,train,2.967302917302753,4.201583316154185,2.2993773629702434,3.2571379322655702,2.586865705462751,3.1615208307803666,0.6197429502175413,2.159529251624914,1.6347446744084642,2.0667457422117255,-0.37045665620554935,1.8145838297656758,0.4215492658137603,1.4541570964717783,-0.3309387300383205,1.2336573141104357,0.35056414067718045,1.0176096011016569,-0.1785468647413762,0.826354324982242,0.11015869100223336,0.828924260435297,-0.2240990763000661,0.8326173388659202,0.2483397249567778,10.756854330695873,61.80021444206355,1.4720000000000004,9.746880000000012,2.120923477843033,37.5
call_88cd54e1e505,synthetic,train,6.97301673899833,4.497346390151899,1.287438059801522,2.5612287169385963,2.981074397633559,1.9199575739144135,1.3265146635095053,1.8973623965555846,1.069195996303185,1.7016318460176165,1.8431711933046593,1.549268399572217,0.6812763711112868,1.4091310894784406,0.2236769562735515,1.202047101642241,0.8371077272829179,1.0062895255507545,0.231424482585364,0.8720334350903312,0.24666090868700574,0.737620602657762,0.13255150904162327,0.6721679692706292,0.13342362228348892,17.27049777668261,1429.619546017734,2.368000000000009,6.878772244897961,1.1075765881150437,28.57142857142857
call_88d7858b7921,synthetic,train,6.899014464925568,3.601841577786759,1.1044236917639187,2.0922530783533984,5.767251971064174,2.650726376753094,1.3237783011372497,2.0634904693669607,3.0849886437143246,1.8743577788154535,1.3138428441133616,1.8187587256322189,0.19589264261074865,1.7526677588016684,0.049715151500093854,1.547678302525601,0.06018716368389573,1.1726116562564368,-0.23800407248917926,0.9512897832032396,-0.5541951382489136,0.7502972267699868,-0.4332343176030095,0.6078973983502693,0.15144604576424114,17.4080913090783,1706.2823042386206,1.6320000000000006,1.493770239999993,0.7488964070734259,30.0
call_893d552b156a,human,train,8.679385734068184,4.531586520523448,4.93639242076217,3.055374666279464,2.7257701382083477,2.6369930727153705,1.749800441134336,1.8519802316797729,1.0997983935938005,1.6820419128192305,0.1088685522659622,1.6619211867294625,0.25694112188475227,1.1265852000925303,-0.1981998074927499,0.947050803385274,0.06021015539530841,0.8410136765975783,-0.1962277607278415,0.8045751077452075,0.1431603357365473,0.7197964252240304,-0.17452589218661707,0.6608625913913074,0.18959362295241686,20.112295757667283,515.7314308361587,0.5760000000000005,4.856434247933887,3.8259234220811855,36.36363636363637
call_8a3996f823e4,human,train,6.916312468152761,5.00053395297054,4.935448510704385,2.9446796615139923,4.007106374081759,3.169541537219198,0.3370959989209995,1.8795563584327415,1.1006257180036703,1.7749619592302195,-0.24784474743916118,1.592356149613272,-0.05744443207632421,1.1695608785029816,-0.1998219904403338,0.9728852188111535,0.15544880762551944,0.8244475452850822,-0.1913645395154635,0.7697838806000964,-0.0952313943979983,0.7230708366466992,-0.19188771543821315,0.6510112894051505,0.208125660635222,17.50253232520967,272.0956574252722,-0.3199999999999932,3.5734045619834687,,81.81818181818183
call_8a570a10920b,synthetic,train,2.840822353723402,4.14375038997745,2.2950759710741373,3.0461991354479663,2.6111871744872515,3.2806286622347596,0.40808606246592116,2.1014254755117854,1.7642439945294455,2.048248285721607,-0.28867866400915776,1.8029486939399213,0.43451879865503806,1.4078597604154743,-0.34140099658022854,1.1877741469982472,0.3213000122570828,0.9890911588043841,-0.2049933578717193,0.9116711938927468,0.09143808394727931,0.8461250418174978,-0.18434783723709205,0.8444105657105512,0.241887358130727,10.601924701064604,71.75574104114305,-0.8319999999999936,4.761991395555565,,60.0
call_8a61615c9927,human,train,8.215321338356429,5.697891532807402,0.17359703584135103,3.47359772369588,2.6016946090672444,3.2471766905432085,1.036054163499438,2.3353896416577267,1.1890088793957203,2.1621244575707053,1.3112350262987285,1.7881003267492812,0.44016211771721575,1.398904523789573,-0.05813234109293454,1.2810013061113499,0.07974692192999089,1.0869617250375876,-0.0510514710772966,0.8651938382199718,-0.1342065162871442,0.7835745149618076,-0.22610949131615055,0.6375069116870076,0.18844414754571998,13.814045272548803,394.88819526988766,-0.5439999999999969,5.552456691358029,,55.55555555555556
call_8a9391c1823b,human,train,7.446963382199339,6.126475810866159,1.40322666278619,4.313624750951781,1.8138704404049169,3.6347892952118586,0.3196832917505596,2.5070204026716314,1.407262126283349,1.9910951603358704,0.25454401652426484,1.635890017505244,0.41426458182962933,1.3402546772927735,0.5039261920217363,1.1052833550718,0.3536598978279708,1.062734053766007,0.037925038411949004,0.9748876158798389,0.14713156686402729,0.8157914066201694,-0.042021093844950244,0.6920289032127609,0.23025714679229317,12.058998406473123,45.86045059723051,-1.343999999999994,1.0979555555555536,,100.0
call_8ade6f74aa33,synthetic,train,6.958451789060934,4.39316990854089,1.8169236540193454,3.1857792807075347,4.268908935034543,3.053695081391867,0.6636194261191924,1.8450332461885317,1.6436809110087864,1.611612070727473,-0.3307228675131837,1.7243428305833333,0.22111097837535806,1.3238881886901608,-0.29665140241980437,1.2046739053270787,0.09788036867725863,0.9083283526064836,-0.1275306312271008,0.7692817557185222,-0.05137924710309334,0.7415255083337294,-0.03392730577333381,0.6874552026531912,0.22569021701767353,17.084745017117463,125.48625636957698,2.175999999999993,1.7506702222222252,0.6080555843159754,25.0
call_8ae3fce602f3,synthetic,train,5.42542206520049,4.072069019417183,1.0375349407078236,2.5097987203189907,3.792815308588643,1.6655173821178606,1.7591576080428792,1.931229237465907,1.6111781520531814,1.790785163896528,1.6630477014018235,1.6301196861221612,1.1136751520824733,1.443151706641191,0.14571186320770813,1.1670494533164895,0.7353495944124835,1.036949086943489,0.10893952820847862,0.8790908490194254,0.18800469841221745,0.6913853813575002,0.03165495025310694,0.6587431089644104,0.14018335539580623,14.745779584399614,744.1471428000409,3.520000000000003,5.492280888888893,0.6657845403568219,11.11111111111111
call_8c2ebe3761bb,synthetic,train,7.717578337363115,4.2723775088738085,2.9916046510718486,3.113669636164166,3.3508508104424912,3.0779687130075626,1.0098054306660473,1.867215365773145,0.6400065160387962,1.8372681934015587,-0.039698971773906494,1.8522205689063869,0.11954783851643752,1.2630780322070352,-0.44216177637136655,1.0927473967517247,0.3943630317993372,0.9436449500186317,-0.05745808864182095,0.8159443707028514,0.029100623679067156,0.715739715411696,-0.11699227735791379,0.7012157517066485,0.22498566585111823,18.350391289364552,296.5303981631347,1.8560000000000016,0.2020693333333362,0.2421989368471909,0.0
call_8c6b33721067,synthetic,train,6.688409247971547,4.1748910851490875,3.5115671195762768,2.756985204518791,2.1311617992423226,2.1206585342476405,1.538142916688627,1.6015439927087043,0.6923822575832023,1.5469771816956177,-0.11841938123039575,1.4472539490370717,0.15007375344233537,1.1941340030772463,-0.2732344157635475,0.9928391920286541,0.38610283122621575,0.8170963978496036,-0.003192227638963936,0.7128449302541069,0.24780713269481597,0.6808871017923371,-0.10194028982979844,0.5915836253689635,0.1870663454973031,18.76521478663485,1664.7419590150173,2.432000000000002,2.1685760000000065,0.6055133922086652,12.5
call_8cafd2754e55,synthetic,val,4.563652605236422,4.8167965210754105,-0.03880023274426415,3.0528695127424257,3.0328687461503545,2.743833785216444,0.3292575455361574,2.114568159983153,1.5736349747187757,1.9833829350024161,0.7241036019699594,1.7236970068190323,0.12130528232940732,1.666886689618523,0.11872555493685746,1.4869380615087424,0.3446668879761393,1.059443907513569,-0.05861059184480803,0.8489428774794603,0.13300028712282574,0.7535955801641199,-0.11772404656078331,0.6443876428065447,0.147186690075713,12.38384327443314,181.8338020587707,-0.671999999999997,4.097934222222231,,100.0
call_8d3ea77f4bb4,synthetic,train,6.27590423476434,4.134550478157886,1.0455710010923014,2.64959232431354,4.087664465381881,1.6929174312663164,1.8720600148601039,1.9062462684179275,1.5316337337146975,1.701245055743048,1.5634501236543226,1.4569782523952568,1.1651809022372226,1.4033085223833046,0.2277546349690171,1.2387515739008674,0.7504431590427554,1.0482517788898111,0.13081321093723028,0.8525678009048422,0.17800995124076435,0.745416957842957,0.06160565792685724,0.6328477244130265,0.13870032239975064,15.479806967158332,1078.3861208541878,2.368000000000009,3.418111999999986,0.7807490176029299,16.666666666666664
call_8d6cd93e02b8,human,train,8.223291550211078,4.260091680812457,5.9439692455236095,2.2929405668680864,3.3504990019243186,2.560109850615843,0.11084807031139396,1.7493048017665542,1.3212702707861865,1.540004843559268,0.3925660366106978,1.3907818014925337,0.5833896725616099,1.0821627265780063,0.24830103094022726,1.0002595953806264,0.509182730998849,0.8343781317793479,-0.02141242411092337,0.7087947259811576,0.11660567489986551,0.682074598600262,-0.08495474988575424,0.657943927804683,0.19168646871377792,21.17194941096278,816.4782953634473,0.7680000000000007,2.070152331360952,1.8734406182647925,15.384615384615385
call_8d75a71e6126,synthetic,val,5.207560416065888,4.8744330686016575,0.1607831507248491,3.241646567377682,3.238718341375064,2.7909716718919,0.29159288177375225,2.230835556671489,1.5195303168651928,2.1512681166443874,0.8504837802679329,1.7694140762008288,0.40210470012312083,1.598339039247266,0.12945319793970017,1.4631014722713114,0.3750454019067698,1.0439049723575542,-0.10933876623265903,0.8675925561967661,0.04116464023283854,0.7519251026226242,-0.11585577773951494,0.6439075852748248,0.15163832127187646,12.92428980036469,210.3055240395533,2.048000000000002,5.7333820591716,1.1691641475832557,38.46153846153847
call_8da8b9947630,human,val,7.2277676555410135,4.09083451492325,3.7945068343329202,2.778973471435089,3.1339901301371285,2.9324612758817508,1.8677872799597262,1.9749441653517779,1.4539756675451994,1.819619583772232,-0.9703194210954119,1.5862728384936164,-0.27541953279337095,1.3482690056399897,0.2827158762327905,1.0146099381410416,0.1334400424833404,0.9476850533092224,0.35968116372227293,0.8159881096755409,0.2191696657954227,0.7436187656440568,-0.34707095603488425,0.7364490233663687,0.2208185529313274,18.416763880395344,167.1148813563483,0.8960000000000008,2.155853254437867,1.638708054066672,30.76923076923077
call_8e6c9fa78a21,synthetic,train,6.8486800855765,3.8650213718099153,0.40368035011354614,3.216351211939574,3.110306058561123,2.507950335945638,-0.13102970762423408,2.1489290099044345,1.5867066071456062,1.6676124002489043,0.5629469392741471,1.5032751006046574,0.25983405032507756,1.3762556872874923,0.08574555439982182,1.1460254930940936,0.2343796814501795,0.9139739551912767,-0.173986597360852,0.8003275042406741,0.0020581885162360355,0.6954144109892185,-0.18343249450358834,0.5959320148387158,0.1613152691297696,15.246684720759312,586.5909466641929,1.9840000000000018,1.176917333333336,0.5468035326920913,11.11111111111111
call_8ed994ce484f,synthetic,train,5.1397634941430805,3.6014433945766506,0.5142126431809807,2.4191979090089486,3.391164930717623,1.8019266384829755,0.9408119003439585,2.3885194019764584,2.0087699331843667,2.3352662042502494,0.9249939746477337,1.580038430556546,0.00631290519150343,1.384866867004304,0.4057259000546184,1.3251308221022355,0.43532836683580456,0.9726655658355032,-0.14330237901768522,0.7858747043698354,-0.017277047313789262,0.7179415767914069,-0.1513188117356873,0.5895722135291371,0.17181943721424167,13.219031494619152,272.18305013402704,0.2560000000000002,7.192846809917353,10.476360638666689,54.54545454545454
call_8ee1e10130a2,synthetic,train,7.869857552425881,4.321015212467505,3.1181264514951312,3.1375301542047107,3.562180123497032,2.9893063202313335,0.9670963119178628,1.9122399395007705,0.5427935294364548,1.9180192565920413,-0.1591349700175096,1.8579149989303412,0.1336314146697749,1.3393909551881704,-0.5601821912921721,1.0659646267441623,0.33003260446963933,0.9014357850525867,-0.1511411401662377,0.8172318557881377,0.08832756974439923,0.7257489496535026,-0.17227358385590244,0.6731774852615832,0.21756816691463188,18.19681073769143,267.7996120550904,0.8319999999999972,3.2190008888888872,2.1564392205134375,50.0
call_8f8e2145bc91,synthetic,train,6.7331381257591705,4.111743217177088,3.7323357120955754,2.8720411046875807,2.3682943490576784,2.495963581009691,1.4604287367218431,2.0114915904692854,0.8512040679187678,1.6072895513439796,0.08820435909404596,1.6392808303232884,0.4769132672552534,1.4396339306031154,-0.26390450215987715,1.1465174092389074,0.5497093329996383,0.9397208508256341,-0.0666112288911856,0.8008904886307212,0.21590381127823585,0.7032409671660875,-0.09371235266021685,0.6442728479950895,0.17628165783433503,17.67070151942955,922.252011476164,1.7919999999999998,2.2682737777777695,0.840445837843941,22.22222222222222
call_9083846f078a,synthetic,train,5.389511526437962,3.7747915153102833,0.5865981532678526,2.350749441093005,3.339194564373659,1.7149560837100235,1.0577053965163192,2.286150397430224,1.8969649505668218,2.4103109074017657,0.8944614832913346,1.5263975304466642,0.002382836051543935,1.493763021388286,0.29739596822302794,1.258325710498553,0.409183706664178,0.9576551806207148,-0.15218252606264174,0.7936180629497742,0.01702829752620527,0.7170747167750156,-0.16706110261521429,0.607954228789008,0.16371343520849327,14.183607445330672,443.3515150695667,1.855999999999998,0.9824639999999991,0.5340480712908392,12.5
call_91a25cd95998,synthetic,train,8.290991673357217,3.6981032273111394,3.048670926029539,2.6921533513457763,4.527442072308855,3.241163244171801,1.1561526597491167,2.0198353136500646,2.0387717353949055,1.7936279670314905,-0.8998638390456253,1.8090296037841336,-0.16792227776724394,1.2368365371496528,-0.6170623360258688,1.067742332363096,0.16249771985946976,0.9519357202143313,-0.08776835565031246,0.862236176487424,0.007907127336883188,0.7171762806098362,0.03510745745215683,0.7334834088184861,0.23860424743514586,18.69369530712241,170.68605669252065,1.5360000000000014,4.26864132231406,1.345097038224599,45.45454545454545
call_924e8a27e4de,human,train,9.03506640558923,3.76114931674387,2.093046006552931,2.8165022594345555,3.874682107066125,2.3684480227153264,1.7061369130906332,1.8997408281452295,1.073898023317502,2.1094110604404435,0.9646942677929171,1.6279678071555377,0.6125126482552534,1.3470623824137533,0.4987657639631803,1.2960612478139848,0.44222896597465466,1.0714885768810123,0.3435019410124047,0.7801095086194785,0.0211748716610786,0.6873778513080459,-0.052318456892310405,0.6541642759843218,0.19338303082523461,19.529048557953914,1329.904601599086,1.343999999999994,1.596006399999998,0.9399787714107987,10.0
call_925ba94f05a4,synthetic,val,7.769530656779007,2.6819635147474017,0.34716994776823484,2.149257127275359,1.9738034417149093,1.8877326555487124,1.0765428675620687,1.8287070833865926,1.5507319450887973,1.4834876115063222,0.5509914576824175,1.4741822023757762,-0.12560414609705198,1.3272426763315466,-0.22591951590430823,1.16217742681084,-0.02349026549057069,0.9885426728873389,-0.3622636689915003,0.8476103587945075,-0.13402866831815674,0.7610444679744724,-0.21605679664942878,0.6984875360162073,0.1752075103371131,15.664978802784738,129.8481421756122,-0.2560000000000002,25.399532958677707,,72.72727272727273
call_927c1f5f2007,synthetic,train,6.9024626668846825,4.748531375556226,1.4775968481001227,2.993343179915329,3.1419057652995335,2.2207166434813197,1.2225649200834052,2.0195591707694893,1.0651733834243977,1.8241487338179634,1.8555055174525377,1.5878621601240097,0.6470308105672453,1.394714621543982,0.4947336737126373,1.3126181007613285,0.9300254406410611,1.1382464505108552,0.1714530074910359,0.9202453837855673,0.2628778297357155,0.7778540070397996,0.07955542013632948,0.6803655219722426,0.13408832531596065,17.25980998533022,1313.175450797293,1.9199999999999946,17.036288000000006,2.1497415865375347,30.0
call_9491f635b944,synthetic,train,6.37280337375307,5.297181521375928,1.3974283932015499,3.715233785424363,2.6288461271774923,2.7143289463689464,0.641100654677703,2.1391064069394723,1.7754708002363337,2.2264810563369006,0.9565434753154289,1.7093540181667086,0.526579783415281,1.535391303254269,0.6076685442341061,1.272651695666534,0.5757495186585819,0.9400701124299069,0.30010770827986333,0.7470316701013965,0.17708915846916395,0.7015767875712225,0.006703354846907733,0.6474618611197318,0.1457519551265334,14.213527318508511,749.8573402386754,1.503999999999997,5.286847999999997,1.5287996545931446,12.5
call_94a8c8502249,human,train,8.385523828322608,4.611186068123029,3.8578172962333155,3.448640380104361,1.4311415377054422,2.728207258485946,-0.16892731501045982,2.0023535752527093,0.933122527729135,1.7503166479769265,-0.710316943155287,1.5212983962089899,0.4805619137876085,1.170668161583105,0.18227743302503746,0.9311977960578832,0.38346166704626794,0.8736257507888043,-0.2655286660169047,0.7257832631006492,-0.009438847583511531,0.6951354370072237,-0.2900653420884184,0.6451378847422848,0.2351266556668207,16.837010098480476,130.77673600259692,-0.7680000000000007,5.916664913494798,,64.70588235294117
call_957a8384caff,synthetic,val,6.273497850572214,4.541374710985473,2.75160279145303,3.244075877908815,2.768652338103987,3.47967734888848,1.00562641065267,2.183741939210606,2.03521240354008,1.9287212046038062,-0.1191582515310663,1.9900557387857583,0.692067130448532,1.5223703670316637,-0.3725826378934837,1.23433562277519,0.03837801747986942,1.0232989859157726,-0.3673270607440292,0.8428983838053661,-0.022772160779528816,0.7599095586323023,-0.2167583775265821,0.6870358437982195,0.22729689502893302,16.502159299290412,157.0425403889894,1.7920000000000016,6.0928169256198315,1.37743482578115,36.36363636363637
call_95ccefc6e4ce,human,val,8.407162558844988,4.52841984512795,3.599569996187612,2.63580266082455,3.324385277587971,2.6168951961727434,-0.024944338750553234,1.9451424171056018,1.0750412097535442,1.616481227420374,0.2592233936477407,1.591213380221408,0.37041625078520907,1.2502618425643974,0.329518774850778,1.0703901134495193,0.08427258019311207,0.8548182712192516,-0.145164824807565,0.7942181189810045,-0.2324475632715057,0.7211167066975909,-0.15806665079892654,0.6409606938039799,0.23251845024106363,18.708151157070873,296.76315544062726,0.8319999999999936,1.6322833066666564,1.5355870582328603,40.0
call_9741efdd34af,human,train,7.703676585959975,4.187611791197902,4.756451218859045,2.740945923019622,4.313398616880338,2.6615478875799887,1.05108828064242,1.901667341326638,1.041766098010618,1.6915857294054932,-0.19437229208969953,1.5930351838728036,0.4484028879786548,1.1251128752514743,0.08732777965149713,0.9352806732014768,0.2522496413250459,0.793979489617376,0.13122246377926025,0.7633810903950489,0.21576776681184173,0.7523651851825871,-0.08623800448157604,0.6738043053558566,0.20469594502206437,19.902917498366556,604.4371573779933,0.7680000000000007,1.3727162469135856,1.5255595568810896,33.33333333333333
call_97701e543c60,synthetic,train,7.816673161625493,2.4494473321458976,0.13290575616439515,1.7824122437165735,2.0385721491700943,1.634427491982098,1.1786494281316897,1.7887894732460505,1.4079384493402636,1.3821442774639696,0.7442936909965666,1.3991078098803094,-0.18687434272680858,1.2576678601205487,-0.18276071548801537,1.1555196401414487,0.0487241451677497,1.0109418023640764,-0.3210307906515558,0.8628623374252254,-0.10533946535019378,0.7711888796471219,-0.16403375216545496,0.700510777592099,0.16565164552469566,17.285767883395586,742.2218655499566,2.2719999999999985,94.23633066666667,4.272684809622383,50.0
call_989dad5aa1af,human,train,9.364706226790855,3.947907672738114,4.260211957485671,3.273947837930004,1.3509680145742184,2.451406008611858,1.9016423014341193,1.8329013370063607,0.4001149592112252,1.6935773024871232,-0.2872327763578404,1.7364368607472185,0.2685206880487209,1.2162493985632739,-0.1540570095196738,1.0564210342447546,0.2577715314219108,0.8809719944628907,-0.06962193606758851,0.827953786662538,0.04128168843433734,0.7474747226590196,-0.09358640261165288,0.709548496318919,0.21218848401628063,22.143891217408182,451.7238832009607,-0.25600000000000733,5.785600000000001,,50.0
call_9a3d5b0a64a3,human,val,7.139380649809139,4.411642110512197,3.7202762167869885,2.4530128378571683,3.225588728153042,2.813465890782588,0.9330142207678926,1.8303024524368585,1.2921231085156137,1.6337184096899282,0.08346219307321445,1.5316082261171804,0.389046505987679,1.2373265078222988,-0.09583398658343997,1.1382086789134676,-0.025021667023386297,0.9350041307398926,-0.08130399371858922,0.795830311949723,-0.05521817614806793,0.7273962243266875,-0.14216579851733874,0.6762184441814634,0.23138962065878224,17.85100099187371,249.66659169451637,1.1840000000000073,2.017848888888889,1.1997551355832214,33.33333333333333
call_9bb847dfc83e,human,val,5.718951028348334,4.296143994976143,3.4515652412740057,2.9290640889268116,4.207356399134008,3.412862105488567,1.637504214594442,2.183196523497924,1.4086808950750584,1.5956747162256621,-0.3907928458424521,1.741359376111318,0.2804603285776015,1.3954736005297128,-0.38250373049439085,1.1584708784243232,0.27973811843306773,0.9214331102267364,-0.13382624413277017,0.8512776951428315,-0.046840092290559354,0.6824085070600743,-0.15966365675446043,0.693621443195277,0.23436778092993665,15.006100081782414,95.11111341201861,0.38400000000000034,2.0252672000000027,3.7060386158568583,60.0
call_9c2dbbd1fe2e,synthetic,train,6.625381680594548,4.241810167318772,0.8075481171702992,3.1669413096055328,2.7819886949734767,2.5656336299326905,0.580154760775092,2.272890098297548,1.936535533365326,2.1322441280163313,0.8776569714136377,1.8043620654935582,0.4279425713834444,1.5565978597063113,0.5413683438806252,1.2680152558466282,0.6292016102822566,0.9834846471316808,0.21954709204443568,0.8203844323819061,0.20202159314112095,0.6951700437410092,-0.0047265690764708435,0.6263130010904222,0.16424711334913034,14.494644430812329,533.5453125444501,1.8560000000000088,0.23888276543209866,0.263338548313249,0.0
call_9dc1a304389f,synthetic,train,4.623966415123322,3.584291865484734,0.5287088687957128,2.150947958797297,3.9384562545804678,1.4890671191203664,1.2835263775497505,1.7831720798616506,1.9105703850584723,2.002842975151569,0.7469169888833864,1.3812622719602115,0.22264379604591042,1.2986761844461379,0.2711022374660943,1.0934812508153182,0.3065549188716187,0.8246289765684611,-0.12230723335389386,0.7241761819981878,0.08101462608959253,0.6649700634357925,-0.058912347268793464,0.5652611935483115,0.17238881916919555,13.941706176531454,491.05390046058153,1.951999999999991,0.8498991020408168,0.4722846949304038,21.428571428571427
call_9f11e2c5441c,human,val,11.145611764001185,4.980841888225255,-0.08396400009029731,3.442886621511792,1.9321825524176632,3.074277396905361,0.6992066581955149,2.3535671728106102,-0.3390700199192668,1.7983231177085581,0.7914495262768869,1.4461431433084357,0.49250305979707265,1.3460820896248007,0.10341404246655869,1.138372514616171,0.43522260068276686,0.966528100388374,0.2603922258522029,0.8252474285078698,0.11200187834837738,0.7358294721204687,0.050963815310312244,0.6301449772952205,0.1740185057001931,19.338893056922608,959.6326978411136,-0.09600000000000009,2.873406693877555,,64.28571428571429
call_a0fbbe7bfec4,human,train,8.523402912299115,4.9782336196721895,2.9075927114877596,2.941587578187829,0.8575139348160772,2.7898552887820576,0.5710606212360211,1.9708680029676608,0.902586476809319,1.47982999048487,0.34182701080300204,1.3193624988732748,0.3916248555388175,1.1047641463098732,0.48596386499394684,0.9743849136976269,0.3006153516963228,0.8783638913037429,0.2611669615368985,0.7456492157736135,0.12949897312442632,0.6899683297774102,0.13336859371768667,0.6401460631724198,0.17187457291078662,19.807518552783094,1706.8811463101445,0.8640000000000079,4.808334222222225,2.537953035203955,41.66666666666667
call_a2aa58c1750b,human,train,10.571090434218803,4.404373843914691,2.5025226749359515,3.3214787278094864,2.8206527152837904,2.5673660635799194,1.4494716862437387,2.373812538165925,0.38837578606516565,1.9554546822766652,1.8656375632583093,1.6481732912129787,0.8711086929662587,1.4476406425028903,0.155740155749583,1.2013157121226914,0.43310887818235144,0.9541786810102,0.3740205382393118,0.8807271903303362,-0.11203638353854195,0.7600712405941215,0.020486268418996534,0.6621116754144293,0.1449082535157611,20.73397146134728,3197.073651631173,0.5120000000000005,4.999107408284029,4.366930427765793,46.15384615384615
call_a381913d938c,synthetic,train,7.629986223205885,2.619321843809601,0.15965126965539939,1.8369691492380233,2.047790285608646,1.632194909373222,1.0508320105186806,1.8326798010865384,1.524145436591171,1.4826737861933434,0.651523225175337,1.4187533889856174,-0.22233808575538522,1.284250509927324,-0.18426801927196668,1.2108336770190289,-0.017941473772739996,0.9941310581547785,-0.32192102630360747,0.8383063186954205,-0.11316007174731117,0.7610587175795448,-0.1947359554601682,0.6901033542930872,0.16627564882477955,14.546358841458122,327.430387930577,1.7280000000000086,6.598819839999997,1.4865838062128731,40.0
call_a3a1f51a4bf9,synthetic,val,4.917019737895172,4.921707854634697,0.5037768894207706,3.6938300173783376,3.1184711305399064,2.660458862736915,0.3820851331025603,2.156866541117948,1.7139122583281936,2.0387214463123673,0.7446416394476172,1.6506343097703444,0.2085912055016123,1.554025805922212,0.282664455980165,1.5306294010001003,0.26782374002717735,1.0912271626355354,-0.10888622613327183,0.8860101002236559,0.1382099177131611,0.7094380416798101,-0.17300122775025412,0.6482190497940684,0.14935215267031776,12.519907490424622,147.2513516248582,1.9200000000000017,1.2358795061728367,0.5790110295070449,11.11111111111111
call_a426226cf8b9,synthetic,train,10.552834656787901,2.678556070777268,0.5282439973062693,1.6170540998829006,0.400585797131279,1.5818048619133396,-0.05447841399449284,1.1031869991055796,0.2485428106834554,1.2578942775580824,-0.24655037695840104,0.9677608693234991,0.1598384959507404,0.8960827469262137,0.10879739742733925,0.7372631883882752,0.23373668719834567,0.6470317808710201,0.06238602396688866,0.5892186494271553,0.08876844043486354,0.5469765406302523,0.05327112760812486,0.5089292307875662,0.1539512506350104,15.183006081975655,890.3145470075477,-0.7679999999999998,0.0,,100.0
call_a4683528fef4,human,train,7.233925910601327,4.658207755725172,3.1147459714504713,3.2005167060745,1.5165157091141992,3.1246694753832793,-1.0943149989102483,1.894171793466375,0.573566931268497,1.790104086011342,-0.5373497924402888,1.5033844807596684,0.8492750548981985,1.1137417376689183,-0.2275981888805063,1.0194333569613305,0.12515746654415105,0.8527002142412222,-0.1426598563146443,0.7960963991688716,-0.023147575009005952,0.7240497095106077,-0.15427371342649204,0.6305071368111648,0.2704018160397832,14.744054176462612,40.400678460157394,0.671999999999997,6.770005333333331,3.871909808236016,41.66666666666667
call_a49598543013,synthetic,train,7.735096884086823,4.696610181977396,2.7362674569663343,2.8983881302286503,3.1959223116618136,3.299548690591231,1.8163776796002644,2.0533691639216487,2.3189591200218884,1.9162748731439612,0.14857611668521348,1.9047661205738775,0.875695520860718,1.3741882047572964,-0.45835779978449837,1.134593116185368,0.34034695475618726,0.963722632565978,-0.15895758156701692,0.8146797439057707,-0.0029898396504554337,0.75983788369715,-0.036108855225277875,0.6873497084361667,0.21836974995423775,17.914258166067263,180.32830916522067,2.176000000000002,4.5127740591715915,0.9762541748533682,38.46153846153847
call_a6481017c744,synthetic,train,6.684165656525974,4.198074715810506,0.46988849210521155,2.7565776637919623,3.1776244811326215,3.042306079836082,0.5634303650795733,1.689888795416913,1.8557717502496174,1.9793825438551451,-0.13895285436827193,2.064619094532875,0.6863120240587058,1.4263734220105782,0.06225276978720035,1.1694386273490944,0.3819864781048836,0.9750767510091795,0.09819058288234427,0.823858083219939,0.08560116829553141,0.6892704022458915,-0.07584844534329133,0.6676453909324039,0.2341193358900472,15.469457734859311,193.26407093261008,2.911999999999999,1.308607999999994,0.3928379308297028,12.5
call_a71916766a4f,synthetic,train,7.501183602624471,4.330589196808334,3.095960941417198,3.1083457192764397,3.3293182101163215,3.2681032421080167,1.2467576996791565,1.8905797426121704,0.8976593301746496,1.8243724163581891,0.0038016941730666057,1.7557578241458194,0.31774125810638676,1.3368390601115312,-0.4692198433610336,1.0984880246719826,0.5637098309938516,0.947258777155756,-0.233967077085915,0.7402420426706412,0.040218872881336964,0.7289172967048397,-0.2369008401980186,0.7109250638669342,0.20906988101325086,17.073548348429654,198.43241048360812,1.7280000000000086,0.03135209876543239,0.1024683094484669,0.0
call_a766613f8c8a,human,train,6.846700121094857,4.873012717661956,2.5610233194328345,3.1200615733467734,2.7442717577187947,2.764080792874308,1.8967004718402545,2.0667293515840264,1.754608119757989,1.620262621731908,0.23160679906114623,1.5137322561388222,0.601525851323145,1.3237951563567305,0.34225128655601783,1.0013844916987646,0.24659630735208404,0.7948370253952949,0.05601126846649701,0.7373255270408767,-0.025876511028177063,0.6809056721663453,0.0021582654806122092,0.6414936358171783,0.14497774214363535,18.71969344919642,894.5988728915565,-0.8320000000000007,6.47490353719007,,72.72727272727273
call_a7c95e99f3b6,human,val,5.754152355611666,4.84510975387578,2.1473051877292937,3.4326900858531904,2.6534032666625578,2.6727116833869737,1.3720132768816566,2.762470758778311,0.775224626542274,1.6824285370489316,1.1938515423245681,1.6065739958052752,0.666053054278255,1.4514397019939882,0.4910337721282231,1.2287575128636463,0.46905786071153954,1.091363346050338,0.07248716888422217,0.8700388887694565,0.09053960720759413,0.7921190613556246,-0.05701944440533062,0.6600631009784627,0.16526200455752832,13.108753023544914,293.54419195978744,-1.4079999999999977,10.539786240000003,,70.0
call_a7df1d46e72b,synthetic,train,6.371979525286995,4.223215408295111,3.669209009467669,2.92850463396807,2.4370525443520803,2.5223982533101106,1.3402972209509052,1.8963373087209043,0.8518364826476716,1.727584367137158,0.03887798010587329,1.6422964746446325,0.36879127493497854,1.4493571308194062,-0.2541243323625981,1.115459800410825,0.5141696949890254,0.897693123330109,0.005842174627642689,0.7556883603420224,0.2885253622010544,0.7095542003652078,-0.06497284192055766,0.649115251615863,0.18144996571815458,17.482580512120457,635.2282057713177,1.6640000000000015,5.801829262222225,1.4475352558389643,20.0
call_a7ea289a43fd,synthetic,train,10.566266142059074,2.8625889461396374,0.3231354314689956,1.4178635367080983,0.4569004734691924,1.9073683260025638,-0.15766265420805098,0.9599792493150715,0.2294289669350985,1.171214455543065,-0.28982765655455583,0.9868551312854215,0.18474017723091124,0.8546074301187923,0.05307748856705351,0.7425695541403279,0.2379081377245792,0.6750013322603526,0.038377816337113825,0.6002137329329035,0.10271542352893709,0.5699419117376067,0.06328291937038093,0.5213172934550754,0.16157500287358106,15.262861070801051,209.38597107789644,-1.6,0.0,,100.0
call_a8ca5b456ce4,synthetic,train,7.574801023047671,5.386397788723372,0.40071518214442237,3.1413688525419547,4.007682406045758,3.0565750646481957,-0.5369605343020732,2.2853661560343603,1.775735731872007,1.9009645518066063,0.5083027018375119,1.765666974256759,0.3419393055662202,1.6747867176168307,0.36751120075512395,1.3228266618256743,0.33087108654617353,1.0906379574332714,-0.07075127187835206,0.9122575133638771,-0.024233275585771805,0.7256684680514975,-0.15505645637412602,0.6820290502952969,0.14994690375181818,15.407853558438745,481.8930140538176,1.8560000000000088,2.541071147929005,0.8588759475336943,23.076923076923077
call_a9d29125d786,synthetic,train,6.546208731746326,3.5431925318584105,1.1154644093879384,1.8740114390965124,6.31250425507963,2.633054614016696,1.3167798829404258,1.7628865829629008,2.8191973460667494,1.6140787515243997,1.3399897927397602,1.9157568301559187,0.26284833432641747,1.5449858508162726,0.4237189052112379,1.3178420405108766,-0.1092898817834207,1.0551375581993232,-0.18591450043287772,0.9774413672512855,-0.4117362932674685,0.6843378322693866,-0.43599217233771803,0.6211226085957997,0.14545906291162408,17.101637784506565,1856.8867180563657,0.9280000000000006,0.9958968888888906,1.07537320654727,50.0
call_abf730747901,human,val,9.59036685960584,4.380917183791332,5.568264845492962,3.05374253975649,2.2474465617651007,2.493220689197414,1.0273560829968658,1.7944559865681309,1.2569398777479597,1.6744133418008786,0.13534953596620214,1.4521930154579499,0.258151710184904,1.1835064454755,-0.21348876912621328,1.0388804071382571,0.18669006918010084,0.778727065434103,-0.18515210296851167,0.7620031436704002,-0.027865833249353933,0.6738342887874285,-0.194460387954201,0.6583565462106709,0.21692727499351602,22.598496046487277,544.8970616897503,-0.09599999999999653,4.95078400000001,,75.0
call_ac80248cae29,synthetic,train,3.1229640263648584,4.451155681222729,2.363028124531256,3.3067657378766655,2.274506151830286,3.2634663792522973,0.4930035012727104,2.1471483119378796,1.6177069181965078,2.144783452945463,-0.4049166873095745,1.8668745389030796,0.4634401609922828,1.3860100023334365,-0.3347533393360445,1.1975581554604984,0.31469497768148297,1.004293375184325,-0.26366240397491636,0.8471666900822878,0.11736561076954843,0.8330246806254702,-0.22275593297472196,0.8118208098631676,0.24393873125974222,10.313506030026737,62.347415713765706,3.584000000000003,2.008210285714284,0.3953999340815824,14.285714285714285
call_acda78859d0d,human,train,7.210906087578456,4.511168564636163,2.57836288827037,3.102198596894159,3.6625048355290124,2.571739401652772,1.891770841442118,1.8102997930734666,1.4452234405617328,1.4711534368330696,1.1128139330668212,1.4692703365726758,0.5404115026400204,1.194036980005477,0.7421180173173012,1.1119730059829052,0.30646133494003025,1.0052261444914623,-0.05796127234275407,0.8379704739171772,0.010068134245640667,0.7124809282523354,0.003396816107836209,0.6183958250292927,0.1621149382761383,18.78602994018859,1567.281954981171,0.607999999999997,2.9383039999999965,2.819322672630794,43.75
call_ad8e23b11d98,synthetic,train,10.3588374000803,3.3284714099196284,0.8117586085297193,1.868648466081857,0.4859107240927908,1.8342902471808007,0.11939360180921163,1.3532689141848941,0.4485164065276651,1.5360369454767242,-0.1791556672793416,1.1599884823009092,0.1212207340696301,0.9852896050073199,0.1263660849691209,0.8412627655742828,0.23477595278589994,0.7144823405323806,0.09266036767208709,0.6243792604796558,0.12346455875167367,0.5918521627744119,0.06372080699454266,0.5335500476061402,0.15556674865407646,15.986815655478601,749.3658809219163,-1.5999999999999999,0.0,,100.0
call_adf30039caa2,synthetic,train,6.534035053205716,3.880343596603481,0.8223180014596185,3.2271045142705423,2.7722220223547995,2.814098860529394,-0.39772703400915743,2.0677462066552827,1.64870861011845,1.5003115576666228,0.467968635507654,1.415681809997042,0.485325968060845,1.3807817180711401,0.3726348715823474,1.133359897789493,0.1699876369281164,0.90569510755644,-0.11148368918753064,0.7940791801882685,0.010139479198857493,0.6371583569576154,-0.1619391859496722,0.6118294745921277,0.16082583895075797,15.359485900047709,552.7741879166364,1.9200000000000017,3.840152330578512,1.020640969675779,45.45454545454545
call_aed9b45d6c31,synthetic,train,6.419968474288301,4.819582231348886,1.4887961515640544,3.1431682775135847,2.4135180276625827,2.936772368570924,0.5457210673500053,2.191042300237052,2.193630070460695,2.1617870406327655,0.7796443867606365,1.8256982454181718,0.2538964067376349,1.6759109742730443,0.3969847442721238,1.2941144023900248,0.35531372154578744,1.0335856600814608,0.2301795822461221,0.7897360072396503,0.2174576903806038,0.7490314721474848,0.011141141768812979,0.649640459726318,0.1473264373339829,14.878285524980129,752.153523641028,0.9280000000000008,2.6872159999999985,1.7664579844817567,43.75
call_af9ad367dcce,synthetic,val,4.394735998070135,4.918316482698629,-0.006536367612528404,3.294541210793811,3.346613724462875,2.862529432236197,0.4654078981687127,2.0293339623016364,1.78961373873372,2.1494419458620713,0.7057069860576741,1.7287627681080062,0.152753239543659,1.6692613586337308,0.19128082185811163,1.5107365784850517,0.3601312027895883,1.043275162362022,-0.026309511169821803,0.8408868010750146,0.040147594589708735,0.7240582658420779,-0.11977762163726824,0.6805331257433209,0.1513381190587494,11.831226799545405,157.2745581152998,3.264000000000003,4.049123555555558,0.6164961438709481,16.666666666666664
call_b0836ff3142a,synthetic,train,2.853132186716795,4.347011848459853,2.4491599248366196,3.2748598903188584,2.086184086306086,3.3054682015299077,0.682552529202483,2.1950842154151387,2.014346663634133,1.9824407731628833,-0.18352143597980974,1.7679837741480506,0.44817298174800085,1.5351352787721504,-0.3388022804494544,1.248660929962587,0.3958187301021505,0.9777340226549394,-0.22506155348044635,0.8230685438841302,0.10396930105500354,0.8189782843378767,-0.22175497830500912,0.7654521097740673,0.23791697419903463,10.320260420663786,71.48496441144025,1.9840000000000009,2.712207360000002,0.8300796697091889,20.0
call_b167dd907a80,synthetic,train,4.604585555602963,4.709328190464966,2.8813072127960018,3.13811925159684,1.097643335009136,2.755011113731106,1.0251335239548944,2.0248775592558697,1.5812313227356003,1.8480774200385925,-0.4218410006226775,1.8012370108009934,0.4472135916958241,1.4608730933797278,-1.0542111159240233,1.2228913014594938,-0.13648364328112303,0.9504227797887165,-0.7363282710671679,0.8070896695494593,-0.21989296669154834,0.7002915589189032,-0.37580424438322646,0.6542075204737521,0.24031898872629973,12.786550506189968,178.30384660566943,1.6640000000000015,0.6599040000000043,0.4881879533649432,12.5
call_b2594d9c3ffd,synthetic,train,6.690800207855984,3.877020512795759,0.5034403869204538,3.1360895327021936,3.086039827095793,2.620737558912053,-0.39733893232746165,2.0903822464464157,1.7271888243538807,1.6805062714789802,0.5266491844755062,1.4644724479789502,0.2825471748139811,1.3303072980271768,0.23445184191126778,1.1630187814102686,0.20592144158234194,0.972710535447698,-0.11591167841209235,0.8225058368275091,0.06229626720216097,0.684524263815666,-0.14484887257150866,0.6143638397719988,0.16140614748421298,15.979037825846497,578.7117514302342,2.176000000000001,0.08166400000000218,0.13132772867273515,0.0
call_b382ffa5187d,human,train,9.079422932658554,4.148038875062671,2.390147685379956,2.3453410368253387,2.152605892943231,2.190995511770173,0.6327510648405941,1.7369862249007577,0.8176480197874308,1.5751253223639403,1.7663549354318915,1.4370509208352686,0.9524099195554003,1.3067136659413967,0.800278040203656,1.1872161417445497,0.4922057426477273,0.9224118994059791,0.2772153900844906,0.7880780063116355,0.3044901538775159,0.6846840854689061,0.23877746316847553,0.5922110595207845,0.15703015594906294,21.812434827889085,1449.2571160025875,1.4719999999999978,0.8211839999999996,0.6156195873837279,12.5
call_b3f14bd5c2b6,synthetic,train,3.159644375912602,4.508864465428783,3.1238317163146485,3.1053133138405946,1.669023579555244,2.710615131429101,0.7851643301414947,2.149008881510304,1.4942112076210763,1.9373784984372509,0.011383773796106233,1.6358503740358903,0.5494537286772281,1.3710116334195037,-0.29375229941451086,1.1738655683028902,0.41904544094321383,0.9320409205740379,-0.25469073270492226,0.8459001387423126,0.07907137895382652,0.7670118092732814,-0.2657123084248675,0.7121615632641712,0.24268932109374275,10.795754447025168,64.1127977528053,-0.5760000000000001,0.0,,100.0
call_b41c86402714,human,train,7.895167596688733,4.9671324316758545,3.3276468753264945,4.299148586226378,0.8491112215640451,3.2270539338959834,1.391474353289054,2.1190405938974934,0.6149542442454721,1.7352405447007164,0.048831025487263036,1.4650003752296965,0.06352219378900484,1.1325323340354378,0.25322335724912604,0.9501178753519408,0.15097112462361287,0.8493512789195635,0.05248366590600485,0.7882916520994586,0.1850396564233085,0.6987404641397077,0.0952284410969145,0.6584437763572417,0.17760489178390465,15.823715560843851,419.2525685484361,-0.7039999999999993,6.5952300246913556,,88.88888888888889
call_b5840ec7dd5e,synthetic,train,4.298908702114533,3.7107220876665665,0.543886200496642,2.1383637492364223,4.062761633114803,1.474024643152721,1.5849250201417682,1.8507440684958634,2.0536994517532725,2.0297316134693273,0.6953427404119317,1.4834459094982693,0.18228113225442427,1.405202578125145,0.2958679397670002,1.2341086991427666,0.18731500521378391,0.8202530941663273,-0.09646362454592931,0.7430113497060125,0.12996013306788354,0.647844813063088,-0.11350329264566661,0.5743169044371897,0.17850261761775857,13.566602524863079,532.68426534845,0.5440000000000005,3.5779413333333348,3.4771042188232193,33.33333333333333
call_b5c4803ea37c,human,train,5.356225244915205,4.0608501648738216,2.3940472799938037,3.0978843382603567,1.885969670856335,2.44304675522001,1.4299503244145146,1.9277418927956127,2.632950903097206,1.80856639742285,1.1767502617675665,1.4053015268519398,0.8343383572205971,1.346581294444555,0.44750334855769075,1.071773230830734,0.6215488524375854,0.8289636310882547,0.3372416474711209,0.7539727842770948,0.21103840722347533,0.6466067614388438,-0.08151729449341218,0.6209517258425352,0.16581820716683146,15.135946503528125,1203.8984969879502,1.088000000000001,2.657718857142853,1.4983926138069468,14.285714285714285
call_b5cc1f8d8fee,human,val,10.439474546623973,5.062585454860627,2.291016342280298,3.3144110576087127,1.9270822461115564,2.784742382396344,0.4184542266609652,1.795917327923484,1.0392405536341123,1.6183713872738397,0.1805748369940525,1.3943424676516643,0.2868762180188622,1.1778306298669625,0.10958181450516921,0.9732041640386686,0.31740244368149356,0.8776427978515191,0.005444072702373582,0.7238526185065399,0.030841024421031475,0.6558942329876817,-0.16147969014035574,0.6101566584803048,0.19940462672046858,15.507219468581141,327.8224965426317,-0.5759999999999934,1.7297373961218856,,68.42105263157895
call_b658b1155216,human,val,9.433924364222186,4.958448253230481,2.424852723934912,3.5221925300005323,2.6017861647641967,2.698613652776086,0.006133331126941036,1.7926552761299692,0.902731975803692,1.6607308587799916,0.05880680730705501,1.3523442908196655,0.5032732411663214,1.2488948112766025,0.2102971908157003,1.0211363783451,0.40622437907003683,0.8491639133397544,-0.07977513539462534,0.7376534099058643,0.030852790645290368,0.7018012520334999,-0.20280349286701527,0.6351681325850197,0.21129496368177428,16.837276681647154,125.04548143130184,0.7039999999999935,1.7921213564013811,1.9015644451534661,47.05882352941176
call_b712f501aeb8,synthetic,val,7.610962285922392,2.86598681234368,0.03587009719884031,1.975826744689049,2.1307001758398942,1.863188921222383,1.0411713571798618,1.866164012854786,1.5090067873713322,1.5093551006661048,0.7008428056446028,1.453011231887302,-0.16605795047590785,1.3214779530181375,-0.1978554943336585,1.2456008027230987,0.030246855502798077,0.9984742641689638,-0.33196242889608785,0.8490195723322566,-0.10542938458901652,0.7646455447067315,-0.18547090015943832,0.6759803310930996,0.163181912127055,12.532541415840072,188.68671492398573,-0.5120000000000005,29.59507455999995,,80.0
call_b72eccd91b8c,synthetic,train,6.52793026206936,4.746953180344234,1.439211013585856,2.835520995839866,2.8708578854093476,2.628712847021404,0.5490852804522589,2.1916885369432664,1.7671719465668712,2.0427118147231482,0.7452463626043614,1.778208367483883,0.36879012328115357,1.5793699467224886,0.3495533769392318,1.1536673947202376,0.5548363139666158,0.9555510094444108,0.3250136542235827,0.7883681764374004,0.24410860989305505,0.71539015103046,0.08637018032283686,0.6288391083854927,0.1508081890219828,13.910229991335207,780.4908857234171,2.8480000000000025,5.718671360000005,0.8396679657101476,20.0
call_b78e6c8e05d3,human,train,5.757590004622591,4.618762257161708,0.9532975521429001,3.340331946569818,2.692600009676473,2.5935792007181746,1.8960351760915084,2.2910428838355834,1.1325908308739534,1.932522328688544,0.9471599669700566,1.5490665780282655,0.5751573349511987,1.4087962643878837,0.6114567641991143,1.1044835490831675,0.47778891567802617,0.8420247141719577,0.061589401993158994,0.7690415109249713,0.09755177789651326,0.6811215546620645,-0.19778021273041202,0.6231826890181629,0.17377805074721644,14.62339776479255,626.6897399682239,1.1199999999999992,1.7886822400000004,1.1941216565376607,20.0
call_b7c3a7552903,synthetic,train,4.861644299196717,3.829050590170618,0.7717459466676353,2.1772281280860866,3.2486147929442444,1.8203675216125614,0.485159851580673,2.4390402148155794,1.8416359744939799,2.14609476788772,0.6820053989212062,1.6623708331182745,0.010782880794453093,1.4786031335121799,0.5030553786696662,1.3088986158717761,0.4098279074054417,0.9831578858970556,-0.19818366627982764,0.7923349417585592,0.04965503563684695,0.7094183678817074,-0.09450433771704525,0.5815806157741236,0.1581022648190608,13.565964637734865,339.035275373544,-0.3199999999999965,16.859136000000046,,75.0
call_b956718b62ae,synthetic,train,7.258828918512428,4.888349310954124,1.3614502250986957,2.9434792266691625,2.744518404513283,1.9749856975740465,1.2648746489715328,1.8957831124216271,1.205899193949966,1.603868626113989,1.5943427624156716,1.5244987631243243,0.502223154451466,1.277790378054757,0.20085752387801564,1.2452833984870635,0.8556964675470722,1.1103787923519197,0.19317226398113702,0.9124669608897492,0.2397973709231695,0.7466156091298692,0.10319472764488302,0.6593968098082006,0.13495675122989287,18.450129567390917,1364.6336455690796,0.7040000000000006,3.9199573333333375,2.812341210699627,33.33333333333333
call_b96e9305d9a2,human,train,6.827739608593703,5.233138227985708,2.9337372996947737,3.5194700084170036,3.177397943917846,2.887033400116887,1.1418843162327565,1.9836280337374894,1.3198118334927933,1.9134033360815992,0.43007275096344133,1.8163765192524006,0.5721316903728864,1.343367757112257,0.13674283634303763,1.2112742398014904,0.20092643351005773,1.1700284172614697,0.12506779282450078,0.9301009092668168,0.350660520222933,0.7516512053604982,0.19039131022839792,0.6940569950838043,0.2054913572803734,17.207481879579554,120.39065822918302,-0.7360000000000042,1.9408414374999965,,81.25
call_bac44092a11a,human,train,10.419357499811124,3.809992702796004,4.222196315424251,2.646007914577131,2.889371056405864,2.5572190806825916,1.219310255458195,2.022316783269028,1.7196836503499602,1.8368644788320874,0.8805989999321743,1.5399060641112645,0.47528251204869765,1.3498729698271597,0.46396778872528766,1.1873293044125428,0.29813749286367697,0.9792223212355349,0.05063985827984849,0.8135256377517942,0.0021178926517952945,0.7074349514163086,-0.16206686290025885,0.6276758418693135,0.16659338251671674,25.465857046851724,7445.848946583549,0.0,2.3865081799308006,,52.94117647058824
call_bba20372ca37,synthetic,train,7.454860846874053,4.380599143878179,0.40333201906962735,3.0643007878681052,2.8732372669577413,3.1858949437807715,0.34273454769902567,1.8679728678077998,1.4842553449179121,1.9529563851926879,0.38654123673598684,1.8848797389828895,0.6210389005485449,1.5155536824891807,-0.02912068154316827,1.180538861681321,0.3832893320031753,0.9738100698647237,0.1321870912661876,0.8370825505273214,0.14648957590297057,0.7185881262417629,0.057753573963591875,0.7045418609925439,0.22787723877223154,16.74162951217467,286.2194206456572,1.8559999999999945,6.684773135802466,1.393045701840898,22.22222222222222
call_bc24a38d8bf2,synthetic,train,10.489141137721678,2.0461905591423633,0.5766667127355567,1.5733505248672537,0.37122508003232957,1.199714566756955,0.00865625216188736,1.075615426947177,0.17598645214844777,0.8940102178622719,-0.28652968775548077,0.8738642674962182,0.174988566782013,0.7913439362350019,0.012571446836594766,0.6759656277334495,0.2539218647230357,0.6211929621878146,-0.013229760049861799,0.5605550273658672,0.11935128119824656,0.5608677061438219,0.031319482857605385,0.5100870015914071,0.14901459422373622,20.356036524735153,1488.5597567286331,-1.6640000000000001,0.0,,100.0
call_bc2c7c34acea,human,val,7.236962952223546,4.138740794592234,3.614527554970029,2.5720181051972992,2.253880514109353,2.3322590198662603,1.8756949915816068,1.7132043632364349,1.7806500096527333,1.583054761792821,-0.1843023151341795,1.429114471433031,0.9381625914729315,1.1880963788632928,0.1949357245004999,0.8943366983947935,0.36228179357378587,0.8974369488763639,-0.07553356956249191,0.7472680377987218,-0.04849116595118974,0.6659016446625936,-0.06680503994117781,0.5824675634778493,0.16636114026696933,18.753970420802574,899.7737503030983,1.056000000000001,2.5988702040816323,1.526610962832289,21.428571428571427
call_bc7120020303,human,train,7.831245978423605,4.822335105307964,-0.8339403570095026,3.1950845052094485,3.4924817838208675,2.738060950373927,0.039615773853067054,1.933860004013295,1.1489019274739551,1.9027708628735451,1.7512714937590796,1.4952259195095097,0.4975658378185165,1.3060884228247225,0.3185561104290319,1.2278502902444206,0.24736876450310621,1.0468970951597756,0.2213074095266252,0.8827978609619994,0.29847324516656976,0.7230145270392172,0.10203713367975578,0.6112956157864884,0.15753287362500595,15.97223727899609,789.4629720208717,0.8960000000000008,2.7507768888888915,1.851056494921829,33.33333333333333
call_bd2262567810,human,train,8.726101348421848,4.529357977465982,0.5536600935780813,3.4190433696647573,3.465862236450848,2.8881748674887158,1.8657880515121148,1.9431060244057556,1.3225770975647588,1.6976404636212203,0.9118670328879513,1.4942240544372056,0.08707798022305442,1.3384852929228657,0.08082164907446908,1.2677650793193678,0.2358663134015413,0.9600933136976766,0.36079632832519154,0.8390936270481537,0.2686205080718082,0.6655513028531633,0.1682118739541464,0.5680408435121882,0.15346284879242195,17.748685015180392,1126.7439339965863,0.5120000000000005,5.092337817174521,4.407462665390869,42.10526315789473
call_bd98a8224da0,human,val,5.712745783102955,4.475534603785747,3.9153372279644634,2.9573005680958087,3.915732844231791,3.1073398270238597,1.2740123856734349,2.1537358490051264,1.2707477095619655,1.7345109703669774,-0.47444670789380217,1.6311715582175157,0.11850610970906376,1.2792441266407701,-0.09715241291065706,1.0165248186670606,0.1453465531013861,0.9438630784718978,0.05166736182581305,0.7909981638439938,0.006038996901239286,0.7359350754362898,-0.19053014868551804,0.6551677149508054,0.2251770790696675,15.878863048334082,110.87904094424995,0.8319999999999972,15.15988114285715,4.679770677347496,42.857142857142854
call_bda847d77eef,human,train,8.539875144717284,4.329368052466256,1.6364288326945178,2.8154018759334845,3.173609229524375,3.0485816086630027,1.872791147646109,1.8713612783804745,1.9025700596365587,1.4964296883426809,2.0751941601371886,1.4855541042680451,0.7872920173565741,1.2475692546554562,0.3894148089308632,1.1615342772168382,0.16483432985317456,0.9597810964677896,-0.17716963873432515,0.8113136323739648,-0.018992489606354634,0.7378955556267214,-0.048601103618042166,0.611173335844529,0.1610174798178257,20.015001501819242,1386.0580829296027,1.152000000000001,1.79257344,1.1622137242094237,20.0
call_bdfa814252df,synthetic,train,9.502847772671881,3.7565506291386717,2.489153031685774,2.7189152331077,3.1227477486880293,2.8952990211648078,0.5764326828935225,1.663699225542223,1.5868510052934635,1.4782416941466565,-0.7935897619992061,1.578859639832174,0.22283422917986112,1.1977568668026628,-0.405940004035155,1.0740485416920964,0.17240729312959624,0.8546548438204953,-0.04324685830512352,0.7396640133936618,-0.07986566209939913,0.6950898151731724,-0.09960838398571215,0.6361314190294686,0.21546358708219832,18.729797904152008,146.53398508983597,-1.536,0.0,,100.0
call_be72006df132,human,val,9.043671954008992,5.836600946107891,3.5655462153192277,3.2185546685423523,1.8585430783191565,3.0914455120946687,0.21811584655089772,1.8404853816212645,1.5406187017235777,1.5284456175772119,0.3435422000369829,1.3440648955912051,0.5536113637321961,1.188306476992233,0.14431452974485567,0.9676439698103397,0.11006687419580691,0.8162497182330141,0.01592181509716956,0.7388016453736937,0.030619880491248593,0.6878879593515643,-0.19040804566220054,0.6264344981008647,0.19714747389100887,18.133173181493525,250.39380463450087,-0.8320000000000007,6.8828091733333245,,60.0
call_bf0384ed27ed,human,val,7.8544995367825505,4.249200515961314,4.354636857831107,2.7870158634754545,2.920754220441224,2.567818970479503,0.8288675491436209,1.8179312465890267,0.6043983869925167,1.6926175685194942,-0.2542518202970149,1.586436468412776,0.34953529508027137,1.2431492725130886,-0.03758688452408468,1.0854104811786685,-0.02687046135272886,0.8888301937714788,-0.08264007964732663,0.8538042539172009,-0.15150645419828915,0.745339432601839,-0.08305634036148214,0.7056575271017816,0.23309167433191377,19.930954365067755,270.2186758711686,1.024000000000001,2.272023893333327,1.471995527620014,46.666666666666664
call_bf4ed1a05c84,human,train,6.531782087906384,3.9985617802853115,1.068734475471047,2.508414748731823,0.66869731864917,2.744011508027467,0.5876927741785807,1.9772489198910184,0.38489057049965714,1.398385440458979,0.6105413776847354,1.3116000521404734,0.5932752712155693,1.1060067140510674,0.2185397461406935,1.000260090781265,0.13949593321686832,0.8523798701805139,0.04046439653677562,0.7299826417100677,0.006055711664446434,0.6979529763441186,-0.10217168535640633,0.580228132848912,0.1712238931196814,13.255896084947558,698.2666254820931,-1.2159999999999798,3.7601280000000044,,84.21052631578947
call_c04725672945,synthetic,val,5.859528778318871,4.672972920669116,2.8256912482340075,3.2056025989683854,2.883657456161151,3.3311130817426458,1.0234427789523195,2.0941587864702735,1.9188335440882418,1.9726418756350794,-0.1855442583467622,1.9855376250707997,0.6058496505649396,1.5558169419831538,-0.3339282990706852,1.232910427901162,0.018950606624989264,0.9820519364766209,-0.38809314062193234,0.8366565317598648,-0.10270823503963732,0.7529365648577688,-0.27117840448044467,0.693396909724525,0.22675305713229565,15.723474383720593,144.63071216727428,2.5920000000000023,9.05887744000001,1.1611870795108439,40.0
call_c1cbe639d50f,synthetic,train,5.914362811039109,4.0322597021440485,0.8662027328474484,2.3048323569556546,3.4080648633140043,1.73817128929945,0.6237568897158842,2.3528084413908816,1.7261462484933425,2.079224752948278,0.6848171292837502,1.6907050262063525,0.047711258353744485,1.570912608051766,0.37928035321068976,1.2508178106954522,0.34757297152407113,0.9492844152362747,-0.1535371741225645,0.806725281582722,-0.000580692699568397,0.7142631316987367,-0.16448562718651133,0.602135879826752,0.16337188357205173,15.113156495055065,524.6310703463772,1.6960000000000015,4.742389760000004,1.2840229145699145,40.0
call_c1d95df7a179,synthetic,train,2.7037503691156735,4.105136177624985,2.2736725375285385,3.40756854162222,2.7066691241567966,3.0757151081185583,0.5229918769027431,2.2212218343568058,1.805721991783641,2.1704978947237326,-0.3710229084586828,1.7983807514748966,0.3027128499163317,1.4325399462458372,-0.2693125749302539,1.1820830431504235,0.2245093097451645,0.9866483563583593,-0.1782722851885821,0.8196138656949709,0.06237462577155731,0.8120701142516367,-0.19678486214592372,0.8123412286524467,0.2443308894912879,9.63363592334921,65.46708590805841,1.503999999999997,5.0851430399999975,1.4993525085087223,40.0
call_c21f9cf2390e,synthetic,val,4.9553000524521185,4.879108026852597,0.1340663158215155,3.1572717486371356,3.3104946247820024,2.556503767894293,0.18522185193404286,2.2167033594914627,1.6649748033728256,2.199860723006225,0.9633640688977856,1.7460734306215606,0.10730702137891118,1.6180858672628886,0.2723966680016286,1.4127599218905942,0.4612424132607606,1.0920866599175163,-0.08645696414376586,0.8416201023504637,0.07452527326600988,0.752793897747746,-0.12679342467197174,0.6659946914082993,0.14497287058552222,12.265245656866398,206.02060777110577,1.7920000000000016,4.904778224852067,1.2358668471584313,38.46153846153847
call_c337629bcbbb,human,train,5.216394929112445,5.197123978056006,4.833839628859051,2.755945620760087,2.949968700889146,3.0061237742246,1.9703252091067578,2.22841510007633,1.7989651060325615,1.754454986875575,0.49643491702617826,1.5528009741087836,0.763350918478237,1.3220207797300885,0.16061159277936343,1.1699224418976777,0.28090666089409944,1.069903614454044,0.2769869973925244,0.9236577263820839,0.19974242137504167,0.7935614023757043,0.10880433557370761,0.683409887505509,0.16463435874341933,15.359208494289142,705.9676400867559,-0.16000000000000014,6.241320959999994,,60.0
call_c3417b995627,synthetic,train,4.949613726255496,3.8806278028160492,0.7393611345796636,2.3583809421426074,3.248184928394196,1.7907076774444428,0.840978200117539,2.499504703867902,1.9441227066128388,2.093306703750958,0.7972149755741658,1.6252708088143284,0.007542738026548174,1.594314025411068,0.3058288235093394,1.3940403880581884,0.3900833744629898,1.0163063606760676,-0.0844441932977221,0.752151519612319,0.061365398641790914,0.6992397356918445,-0.18545315593176923,0.6102142453266552,0.16426968296633143,13.296139326279217,318.9922911592266,1.4719999999999995,1.5727285950413241,0.8519597580829407,27.27272727272727
call_c3a3ab5fa472,synthetic,train,7.17796669782979,4.754280611880066,1.4833506181852054,2.837798944076613,2.9299252442237353,1.939086780053383,1.1142381330777402,2.0258817364814363,0.9642039267120232,1.674873305380789,1.8013031039829566,1.5549573501180236,0.6023208000020693,1.3691546777765393,0.37862345302506584,1.2682743987109846,0.9965242257003415,1.0256112646556685,0.2234052273289368,0.9429799808687552,0.3031256350089975,0.7484725207093675,0.10292349396195317,0.6859231051958403,0.1361757778314354,16.557250874355724,1324.0465954526546,1.7279999999999873,4.35070400000001,1.2070799338632376,31.25
call_c3e9e24958f7,synthetic,train,7.162746053776136,4.054204812899797,-0.018046999565940913,2.9539350471282524,2.8931550404410444,2.7911185084863614,0.4040807944543345,1.7545001583786028,1.8725218920754432,1.7174767494958365,0.2348806638141907,1.671287232155964,0.42422978494900965,1.3916735234843636,0.23130133422198884,1.1114871462570346,0.3198486182212825,0.9017333689672178,0.08577099370545112,0.7916279542280749,0.24011517606465105,0.6672969428364938,0.09257657729544588,0.657505179918228,0.23157362012182567,16.853822013052095,243.61816036077352,4.352000000000004,1.2159360000000012,0.2533765810513266,0.0
call_c49b6face6c3,synthetic,val,5.584083290543846,4.3034242118376085,2.3969333057212565,2.79539543623505,3.397626098371517,3.207233235118226,1.1807299499419044,2.1852707914668548,2.111172166753322,1.9281856860032118,-0.3393225925996779,2.0007039774231408,0.5024632852731982,1.4171804441128668,-0.33254997414336557,1.1649108227864178,0.05201239082947248,0.969827683378356,-0.398008640837996,0.8513142638966414,-0.10817268628761287,0.7438309943693218,-0.25566676976528013,0.7025666961944669,0.21947808909277655,14.086283881150656,122.87532003602968,2.655999999999999,6.924031999999981,0.9907212139312888,25.0
call_c4fc8a865292,human,val,5.427375630876993,5.0814452332502285,2.598078877682273,3.5678975788479006,2.773687553158191,2.8931585206502026,0.7026930589594937,2.116828881363535,1.8650214499528313,1.7944108218253694,-0.2189117752563999,1.5401980491468477,0.7784332290515893,1.4234688603436874,-0.48623190309341247,1.2543977296924478,0.38882049624926346,1.044463951345904,-0.11430474701221077,0.8911950314849066,-0.06981892713643664,0.8211798155208602,-0.2284097621386646,0.7901355535342772,0.24872862603380627,10.34929361307676,36.449219812907835,3.552713678800501e-15,3.0397882469135897,,61.111111111111114
call_c509bc8280ae,human,train,6.956311720157663,4.141494948202087,1.2241148727076183,2.9045478520239487,2.6962496882092477,2.564194363677087,1.7825008434286793,1.9946732308765152,1.6898679894306639,1.759159677637218,1.0853139602983668,1.5360698106063937,0.5565300837188624,1.3285942885727506,0.7562698168948871,1.111728878139564,0.224530237802545,0.8872655283283745,0.10568848599945914,0.8123379445894691,0.2188168541191699,0.7140618498593336,0.03782513925648459,0.6128579242732602,0.16114026123363473,16.362298187354185,764.8397496323553,1.0879999999999939,1.7747527933884297,1.2244471334823974,27.27272727272727
call_c5b04c36bb62,synthetic,train,7.895686025095822,2.5924785012265423,0.4183530294268922,1.9149195242598689,2.533993262630565,2.394072425170202,0.9647458754774735,1.7886944127140063,1.7827040914276586,1.6296582775808495,0.8433322886685155,1.5658707137536925,-0.1351389340460359,1.3802133617382795,-0.11322367929740806,1.275100202486588,-0.06876181781559199,1.0354179748411463,-0.32405477283199574,0.8852357103334406,-0.18173017013075876,0.7865324100588424,-0.26390477944634766,0.6999709976166898,0.16441229955259717,17.429649456206228,1635.168395929005,-1.0559999999999974,2.876757333333328,,66.66666666666666
call_c647ee088162,human,train,6.270109849684101,4.659759669210922,1.0874103793047316,3.1374758324944425,1.8601277630869755,3.0122010375192727,1.169685830074652,1.9748718598348887,1.594946408843841,1.6909250794872395,-0.09808855425968871,1.6524852313286391,0.6251379197830941,1.1989599688993715,0.8005213659666273,0.9740962226996349,0.30723917841271425,0.9363570413178213,0.2835525316192084,0.8094413137051292,0.06023285574569767,0.7372819995272675,-0.09888718312748505,0.6624542122025185,0.2321251760247676,12.75397091786509,65.61842687444744,0.8320000000000078,1.897740515555552,1.6557512382754145,33.33333333333333
call_c67ce09b3316,synthetic,train,6.4335681373351115,5.5934867915717215,1.2996142590219213,3.726922365264684,2.3188900798565353,2.6622232420810663,0.9642704261766843,1.956130710552486,2.0651935087108457,1.9019299842367061,0.3696732726438107,1.5860717658015107,0.5193130331259688,1.4233245843696838,0.33909810702678855,1.1489035758136503,0.39445139087611725,0.8666751644666848,0.19014840845495856,0.6872271478426506,0.17680430424504628,0.6542578007091575,0.04900142643538641,0.6032118908658631,0.151540221544515,14.712579800841247,876.1775393300658,1.9840000000000018,4.751196159999998,1.0986511453732555,20.0
call_c6daaae3eb0f,human,train,8.068468346132757,4.012051316972998,1.3562352298869873,3.6177444500592393,1.9425647329033446,2.3569794287981085,1.4532577871433263,1.839158627010322,0.8285370771165337,1.858640428643016,0.9649258098115165,1.6018526234292472,0.4920862282413191,1.2654960239327235,0.32224077367723564,1.2018674137091354,0.0992836945970117,0.8482712171647183,0.04536023210424697,0.7838603337197934,0.07992761063452389,0.6858923602879993,0.14821365089705965,0.5974916526199426,0.16973723246856415,18.351154116235534,503.8610074030001,1.7280000000000042,1.928192000000001,0.8035842205091513,12.5
call_c6e878157063,human,train,7.540476437940867,4.332684359042727,2.443328975319539,2.987123906544972,2.951334471840386,2.5049867521154963,1.0757760082597139,1.9863811845739299,0.9986453451811267,1.7233738350555377,1.0829852565128124,1.4131788677193637,0.8554089154100615,1.3125335633888182,0.7110319679216353,1.0584651394281075,0.6066794461758709,0.920791805331062,0.2171510386608995,0.7835833821446877,0.04762053298213076,0.7143369443206669,-0.11538863398321453,0.611002233407857,0.15356757322816605,18.04804915988626,1705.1712412728987,0.5120000000000005,3.6916723598615824,3.7526807027440188,47.05882352941176
call_c87e905eb0d7,synthetic,train,6.444752691090928,3.756704670791581,-0.08965442619431274,3.150686276503069,3.154510838014489,2.810501338873324,-0.1387976955830562,2.1782328823869315,1.6572905219510314,1.9466971975317036,0.4076875670668026,1.621975340177932,0.24050191575948593,1.4933206486679058,0.534863189496303,1.2796136109251715,0.3535724430399576,1.0056871073418763,-0.09079166016479973,0.8421978192232964,0.11591773889588172,0.714922923270501,-0.22054552629197527,0.6338500503165275,0.15092823752805257,14.886967251386139,303.51833841173914,-1.120000000000001,2.4563200000000016,,66.66666666666666
call_ca184bb77a63,human,val,5.551682755594876,5.642987177744563,4.391392519979037,3.6519306488062835,4.6871668836934965,3.4976117198402426,0.20224959685414445,2.199060807310275,1.3910574851664772,1.9272025847877259,-0.011953422428839011,1.6101954106459475,-0.14278432070344696,1.3192034995978612,-0.39658863506306796,1.04315715642404,-0.12395498900313826,1.0653340805602367,-0.46400031244887,0.9670063438849745,-0.19075199681697935,0.8452175823326339,-0.3584615793826562,0.8022793120099103,0.22573309904974612,12.578401674219847,57.50588699852267,-1.4720000000000013,5.90848000000001,,87.5
call_ca5206a4f854,synthetic,train,6.736467995300078,4.3269425857610955,3.4354235867666456,3.020313418543523,2.0879732358022407,2.486424654380779,1.2990928495821548,1.9455454434526314,1.0061642903324208,1.72282475562819,-0.04874725932143697,1.7124601498580803,0.23392360709329868,1.4301518320833133,-0.24646538923789238,1.1479949066276114,0.508485984500858,0.9657076451467029,-0.04443252790094421,0.7913079129062175,0.2205141427738047,0.7415377620737329,-0.05734892623681473,0.6466505136080948,0.19686202359154858,17.589031299625432,782.1091732112285,1.5359999999999996,6.502281520661163,1.6601283597357472,36.36363636363637
call_cbad95f3aabc,synthetic,train,2.9045989702807837,4.285315942093313,2.451090194238044,3.3006875014735413,2.347525393744739,3.1528212136777554,0.49211075108339936,2.232069410387141,1.94162210535946,2.0131286228508443,-0.31809430669470445,1.7467320393184398,0.3188121649201618,1.4289859798225504,-0.25249391833855295,1.1971547468582981,0.3704799491868955,0.9627089526177471,-0.18062844867530675,0.8757367777633251,0.2274968905390409,0.7835226656657038,-0.17829322522239854,0.7164575206950718,0.24458600553276014,10.092330505961414,66.28173700452957,1.6640000000000015,1.7607743209876536,0.7974409358494553,44.44444444444444
call_cbb902adb22a,human,train,8.088655445028653,5.320730988126985,2.0939139324913913,3.6566893565327994,1.1224049103271099,3.969622653903882,0.428995264032598,2.198431491768858,0.531560845114135,1.9442767567204662,-0.5770003483903259,1.4937135612966455,0.08551579370810812,1.4552230241536872,-0.30763437124268883,1.168121239813857,0.06994077670136084,0.9754786611320092,-0.151039200085386,0.9121330865503472,-0.1470649953025176,0.7958390162590977,-0.35972147193825954,0.7785318477547305,0.22692928962234732,15.197420273757437,122.66898161157941,-1.216000000000001,9.626175854875292,,85.71428571428571
call_ce3072c8e106,synthetic,train,10.592903558747498,3.038776125040813,0.544206896218456,1.4462437507796457,0.5660911812402118,1.6945515070151798,-0.009397399946538293,1.2389592331915598,0.19176178194780208,1.0967707227455537,-0.10177593884262981,1.2073391595395528,0.2074038160680518,0.9509553349167807,0.09284410611566782,0.7855000617848141,0.286393051733026,0.7351821073126764,0.03924475322473035,0.643720725199426,0.1056546319261922,0.5790165414833847,0.068265844517083,0.5203403645186977,0.15018726763705356,15.551709880068287,1101.8971474339771,-1.6640000000000001,0.0,,100.0
call_ce6146a1c53e,synthetic,train,7.060924611997376,4.152374047146323,1.539858727084354,2.9488466513328184,4.220586354671497,3.0650754546886287,0.4942497764718078,1.9856649971009066,1.4816657149909114,1.90697593860664,-0.2787363689966195,1.791101815767139,0.16172820461100748,1.4599184232468043,-0.3029564761316236,1.253219741022032,0.12874258292343665,0.9815579680199205,-0.11791391093260063,0.8018871017024501,-0.01314019871306063,0.7725589365601505,-0.028769140556785908,0.7199748019556691,0.22979925136134471,18.048672127315143,116.84985330453311,-2.4639999999999986,8.19842133333333,,91.66666666666666
call_cea74e96e420,synthetic,train,3.200977530019731,4.003312357051335,2.573995573227358,2.980308217908532,2.331839056794895,3.147546180761547,0.7453828010680458,2.2673301150716716,1.9031934289706363,2.0296360688901265,-0.4005719068389272,1.9104527437596113,0.6111828453441971,1.4540969611381604,-0.2742140083994266,1.191561082496589,0.38701703219108374,1.0266888152132456,-0.2200287797553503,0.8642025115355202,0.12961519489566203,0.7910483223007818,-0.22590366809492307,0.7168853643956266,0.2390571279404302,10.782918326324193,80.37614158492786,-0.96,0.0,,100.0
call_cf313f91b995,human,val,12.480364492672061,4.096875051591551,3.647958837939898,2.882930225825607,1.774667433894213,2.4970481808044034,0.6003763182644593,2.106059742959642,0.5866188974865811,1.7417447315407613,0.4215252574539514,1.3678335598564428,0.5283695632594232,1.061623576054108,0.6875332635521036,1.0559140735311865,0.4250179147327239,0.9117510167198142,0.34546988694626146,0.7208993396977593,0.05076634140053691,0.6356857693005762,-0.1004067286526856,0.6014299480592402,0.1570187929090648,25.11283173588395,2197.631124378781,0.7680000000000007,0.8738133333333317,1.217161238900367,33.33333333333333
call_d0442c9e97b7,synthetic,train,7.998556692131533,2.6508507040621057,0.718126486414886,2.331905541078137,2.1496630756867425,1.9042121709597501,1.0188010822459237,1.7670654376700496,1.2707785419202193,1.5137309485189177,0.2602156170347615,1.6235963863560305,-0.1210869913664257,1.2656496791588303,-0.32608417321401284,1.1402632218729032,0.14083541227938656,1.0295133949500552,-0.2603130222339439,0.8423159674811035,-0.05026289822774442,0.7691309548427737,-0.18225530412709715,0.6851065583833499,0.18399616628635326,19.841944601811818,355.31959653437525,-0.06399999999999295,17.495742413223144,,54.54545454545454
call_d13864e1e455,synthetic,train,10.488884899737881,3.2858296916805596,0.7132024417110798,1.5025230970614132,0.6729860938647829,1.8659064040956719,0.11941735242661394,1.4131301850680211,0.25484469162856516,1.2560659251888742,-0.04510702069983426,1.2551204925647805,0.2539096070557997,1.0107489228774156,0.10707089939816342,0.827315281058799,0.32075543116473526,0.7686988696175852,0.08927985136416801,0.647129693082656,0.13717933435601187,0.5967474060370035,0.06673430151788706,0.5244802510963853,0.14567494443054757,13.980314702545897,719.4450651140204,-0.19200000000000017,0.0,,100.0
call_d13e6463c6fb,human,train,9.896331920459186,4.223052166471986,2.6356552341043415,2.89660896690077,3.114010444282207,2.245488343861277,0.13657521407781703,2.0566609231748156,0.5530680724796924,1.6217563108380106,1.1416730919423679,1.6282506421960456,0.2173089940073356,1.2691819966197109,0.5535166956265101,1.2275913400979777,0.6465410756264822,0.9823011768503461,-0.035988356713943806,0.8015510943244821,0.10982530063591917,0.7658365270964743,0.15192718091024862,0.6675666323087522,0.16386274109173676,21.78313119781616,1317.9694911054426,0.9280000000000008,2.423234560000003,1.6774506448399482,30.0
call_d147a02786d2,synthetic,train,7.309331246905181,3.9733707613172413,3.4683633208700098,2.7234478520867857,1.9496271434586512,2.0785194900572885,1.511564052607087,1.666986271343723,0.9960203183179587,1.5661133450161053,-0.1499846309120221,1.4107581809640553,0.2673631437952426,1.2340189649007574,-0.1967267292502038,1.0442842919997486,0.40945630964147045,0.8699474943154698,-0.02770463720583248,0.7335841442841932,0.1999549683390275,0.6571875640303645,-0.08727585231683725,0.6157823329683,0.17995048761898677,18.717405548822832,1696.7826990211336,2.176000000000002,8.451072000000023,1.335970934975888,12.5
call_d17b2416d506,synthetic,train,6.705450439438705,3.845745121896958,0.32629593312057625,3.2694527281132366,3.2151335524723246,2.6475131168799586,-0.1332926187805007,2.1378260021537816,1.9324573974487969,1.908287222966561,0.20366091335250405,1.6415250158031824,0.3618307368349345,1.5197705888685782,0.3748370815441485,1.2486736462731585,0.32194413661417864,1.000973547214848,-0.11496711374501467,0.8695308642436628,0.048244956218501556,0.7181736552575756,-0.1699756277827949,0.623869994293231,0.15772803116282802,15.38686752714954,265.0151510020455,3.456000000000003,0.34497422222221874,0.1699493814560015,0.0
call_d38f7d5159e7,human,train,4.58031548640816,4.779417427262195,-0.053063368720275256,3.2443447958203286,2.506980428078731,3.2378126046433247,0.826500377100911,2.0163309530048426,2.494139796420737,1.8016607736764332,-0.4715773620904327,1.6423142347343676,0.718260380222817,1.446764323802964,1.0395102001443244,1.0462588347636321,0.3101174944577913,0.9754564818965322,0.05346976347749385,0.9324146462988662,0.06689933424193018,0.7903892544510817,-0.1758047174317578,0.7235077534722781,0.24850895379067783,9.069469137190154,59.75588395736578,0.7040000000000042,3.1997440000000044,2.5408846965815366,33.33333333333333
call_d3e854cbb77d,human,train,8.39349302540831,6.281078655721342,3.2775926903174373,3.718662906337512,2.205222497434214,3.3961242115033357,1.0081727372636466,2.151541600039337,0.3670564178476182,1.7699222710505624,-0.1263588464254112,1.6410407777339255,-0.025044532791541365,1.1315481394365035,-0.1802973109565925,0.9364224878565895,-0.08375621813987821,0.8507220596101397,-0.3498731828532552,0.7674100956561618,-0.08328367037117898,0.6752134996860115,-0.1430263341138439,0.6418577738064704,0.21663732369026784,14.943631237805164,147.41495278383695,-1.8560000000000088,3.733879584775092,,70.58823529411765
call_d437831f4543,synthetic,train,6.013662127112388,3.7199209214288067,-0.051732770561712466,3.0346837174386874,3.4572172109606782,2.7387534450488835,0.08453362337260428,2.022621457789803,1.7371102016989413,1.5790540289452892,0.5180507430398951,1.460902938749063,0.25435734304928515,1.2779330409077267,0.3319158619014807,1.1434748955496095,0.27713160065360243,0.8928438214924428,-0.16320774531137117,0.84205337286329,0.052861933376206385,0.687544762532753,-0.21244114952400447,0.565800518370131,0.15530829495673534,14.740070802256895,531.0223920361826,2.1119999999999948,1.077703111111112,0.4915363660847061,11.11111111111111
call_d4518fcb700a,synthetic,val,5.20090432403821,4.865296146308173,0.053954121251640896,3.322830312271118,3.18683041016551,2.5669744402910317,0.22936680997765202,2.242164718242335,1.8045358666155897,2.0869837449648907,0.8992300521877911,1.8409516696082233,0.07016881336870902,1.6760352119712596,0.15306436029208292,1.4603601562558945,0.35478863576910014,1.1198728801704083,-0.1343215834300367,0.8738575046225727,0.08024941040363218,0.726128808281481,-0.12096431812960379,0.6793378840566685,0.15225246899665318,12.949167536640218,163.779265267147,0.8639999999999999,3.8675840000000026,2.2761775468898975,50.0
call_d557fa43925b,human,train,7.023208766407148,4.73344702639959,4.206898555285876,2.9313681097030875,4.048659830158881,2.574411478851475,0.33873068164898257,1.9883621966080645,1.0895057257352008,2.215686916258739,0.2007502211002654,1.5453332668543356,0.4524214357786685,1.4836070867472029,0.931511192285477,1.2231687134138265,0.20820759029223526,1.0710026068856882,0.18762841529328653,0.906117657611633,-0.2600933708255948,0.7693380574009323,-0.3904489613265716,0.7565126103749884,0.19720744086756173,16.54414149682421,1121.404901196331,0.41600000000000037,7.582947555555553,6.61950775902023,50.0
call_d5d00276dd35,human,train,10.285454410638803,3.842857974268183,4.816065530341259,2.7940378338342677,2.527259691045359,2.7847742409747522,-0.07622330098917707,2.296572407221465,1.2616748621608802,1.9302371763290491,-0.5698341474283941,1.5484356281705263,0.46537262349894587,1.2819781451695849,0.30938555731141254,1.1736564541980847,0.14918441480465264,0.980089247486256,-0.08570337146007155,0.8938920558435021,0.030075831578311563,0.7937363961546697,-0.07886915096616977,0.7049239177957535,0.2077736962938581,20.970567815002774,370.76885007185695,-1.7920000000000016,9.740996650519039,,76.47058823529412
call_d60330be1b1f,human,val,7.564164798533028,5.0099310542551985,4.205468391951809,3.5187369861958695,3.1408596804470315,3.019951285591343,0.5020872430800609,2.0944615331867293,1.3393343906447701,1.772666612526194,0.2544139072222554,1.5473152111811277,0.2771267557105599,1.322535759668807,-0.3261726624058633,1.1417914857252203,0.2490206433896774,0.9995072013842115,-0.05166820674646777,0.9339200255110356,-0.08212635575613181,0.820161646077755,-0.1938907140599846,0.7045512553357028,0.238726499731201,14.705613673952904,73.19779084877999,0.9919999999999938,2.4723865599999995,1.5850629507222647,30.0
call_d72a7cb67eb0,human,train,6.696178561369617,5.505967166811094,4.079630387755357,3.2524967158634386,3.2793451753230745,3.06225548934935,1.3565696947188999,1.8297054902306948,1.8392997829240594,1.8161034495298942,0.36507764840377555,1.6027104999804873,0.38882344059061186,1.3096546676707312,0.331954652829418,1.0200413668807955,0.12659382097109792,0.9275809673361605,0.383852663683369,0.7111161655979062,0.2862142848877924,0.677245516718252,-0.016434454077827176,0.5632815723994958,0.17261109817168732,14.123241117788353,995.0686999569108,1.3119999999999976,7.864688639999987,2.1375039789353183,20.0
call_d80d9f6f7884,human,train,8.89074084002826,3.8634925749475606,3.0284864477082025,2.9560155530668046,5.004689934009739,2.611041314506673,2.3047734133664717,1.679264888457507,1.0518100726417137,1.6537038563119488,-0.6132269928330896,1.5620808045495802,-0.1186395927723195,1.2125024352353257,-0.418685162953099,0.9989456352026677,0.21330863649400028,0.8279758873717058,0.2518942513479171,0.7776360359955719,0.2011178252762218,0.6547198249930615,0.09027055736143341,0.6597835984765794,0.20203729734365639,20.409512246282837,461.0600414834735,-0.1599999999999966,1.0716728888888938,,75.0
call_d88d3c23953c,synthetic,val,4.658366224642952,4.670616125825262,-0.15063255245212936,3.2317017170845963,2.9766000398904935,2.565430183377087,0.3578514379573384,2.1615503598707133,1.5030874010458144,2.0532865044832715,0.6912412198053066,1.749407176932623,0.10442666942400305,1.5818322867561412,0.16612157544810052,1.5146692704855256,0.2974942526022162,1.0919652110322133,-0.11264086924359996,0.8726873986445328,0.12443860108942809,0.7816949236079819,-0.1676465185166815,0.6706965387458073,0.1431471740232039,12.437032594703524,192.59783673374403,-5.952,0.0,,100.0
call_d88d8e15e430,synthetic,train,8.745161877172468,3.7298593153754216,2.865695585013966,2.6741714697933703,4.296387619220251,2.8262165264525403,1.1042656582576016,2.0419556035767696,2.039926912335206,1.8825688885169596,-0.6131857730851589,1.7588644229766777,-0.14004732497897335,1.3549047921237385,-0.5052003742575683,1.1281516645876204,0.06931850068569387,0.9274873597923643,-0.05049786761655666,0.8004035794718498,0.00684764351562972,0.758834361361942,-0.036916412590848324,0.7223002005771437,0.23517547675214265,18.393097020603015,180.8397042252819,2.048000000000002,2.081512727272734,0.7044652630316008,27.27272727272727
call_d89caa393417,synthetic,train,8.129642107910447,3.734234933806886,2.740552419566419,2.611030906580349,4.34778830283831,2.8773858775144405,1.075138307455316,1.96762709320665,2.0879054391681127,1.7357272647973603,-0.9798779673491651,1.78145954012686,0.17138930820956566,1.2484722744675347,-0.5642822053390135,1.0597028039255956,0.09025653321541585,0.8565986502680584,-0.05108494007563659,0.7680284141044407,-0.042050871145183355,0.6870335258367313,-0.01657794044359054,0.6593694558455456,0.25965522832758453,18.65069343870357,121.45953153381075,2.303999999999988,1.64976848979592,0.5574796612328904,28.57142857142857
call_d9b9c625f406,synthetic,train,6.829510212997497,4.760921029994037,0.5807550203631577,3.11629512367475,3.0947045607155386,3.034441155565521,0.14122002208179402,1.93327224223599,1.7282377146701813,1.9549614904038424,0.44282512145358777,1.7991484037965098,0.7366653382534943,1.4842998673822931,-0.011985106888106556,1.1870884071087282,0.36728614009415816,1.0241139863213364,0.11942319374335102,0.8283319004262274,0.21982613132959525,0.7205026001976825,0.029185455787305803,0.6461234295497174,0.21498608967498903,15.755097582666856,218.1065168642487,2.5600000000000023,5.277005254437868,0.8973333274718567,15.384615384615385
call_db5326bcb672,human,train,6.482889404122513,5.29257700193043,1.058355094779142,3.398511212588095,4.193243479774056,3.5429424757129575,0.5597802020860118,2.013271991555823,0.8089122343211284,1.8035937952954662,0.506788234434533,1.4683048495711115,0.32893833741087175,1.227612971012704,0.31718669525660403,1.1157288076907363,0.25186974175349003,1.0215721423333441,-0.01238965809790148,0.7922413595079949,0.07693792482823769,0.7194236842825777,-0.16793640656134973,0.6740059912965554,0.2316031921497084,14.00764182717213,116.56083116066682,0.7680000000000007,1.9625899171597683,1.8241206576238378,38.46153846153847
call_dc1a55102190,human,val,8.765037289935323,4.60805740071326,1.1844780855075498,3.150156613550212,3.3269773880198477,2.852198921654988,0.37861654662546107,2.2483621741643676,1.136214019876783,1.9675207747308419,1.0544844639380324,1.4409467557498283,0.06608206365235281,1.3250937519829773,0.17469858527478005,1.2878094356623895,0.20810085550380997,1.0812167575752603,0.025258122528135803,0.8206785006312114,0.013118027205203886,0.8228683869131904,-0.06588122165199572,0.6754922778903829,0.17971200963543932,18.77471860782611,820.089100203853,0.6400000000000148,1.8498408520710101,2.1251383526140786,38.46153846153847
call_dcdbcc7d70e4,synthetic,train,6.348621251166733,4.2870509096419775,0.6128320207703553,3.3910912679873273,2.7755687113369447,2.692692068330768,0.9578433964948134,2.1435398061018773,2.176741964267236,2.240194360642038,0.8775550245380139,1.7622639754655418,0.2564102187514583,1.6149873345267205,0.3962591957736869,1.2797456630339128,0.5516122817750844,0.9688958145293682,0.22233746128218218,0.8041660825584455,0.22380981631840724,0.6930000488532856,-0.009613756040297211,0.6340797260075957,0.1529830278893732,13.985618365155823,557.6325039495266,1.8560000000000016,0.8347038677685927,0.492252852051749,9.090909090909092
call_ddeabfdb99d4,human,train,8.923116569434315,5.023820272991831,3.607621180265108,3.43419683643588,3.079952029636914,3.2137281706306546,0.8650703394418422,2.126440688596674,0.5559143101918051,1.8463322441105823,-0.26111831382783046,1.4564360127454272,0.17927769234303784,1.3554235953541531,-0.5325174068818053,1.0847751948874234,0.07978307269506377,0.9520380495005041,-0.1157358733352291,0.8079318681972799,-0.09028071609526965,0.7502656894420433,-0.3792850194484513,0.7325851353214108,0.2151957214721425,15.292514022379812,108.41567276302328,-1.216,3.5391143440453683,,69.56521739130434
call_ddf2da1910f1,human,train,6.968811117095219,4.987945146654226,3.3514468691444717,2.9195507935262484,2.7364636767244734,2.937115999132147,1.8449246163385107,2.039804651201666,1.7490708669072519,1.642103361845786,0.39971864038775545,1.5072656254323689,0.6886009755465523,1.2406009187172262,0.3251023150201755,1.0317006925218148,0.23563038992497376,0.8054213783992055,-0.0049466954465259465,0.7008384007421741,0.025597717200861236,0.6455090830266359,-0.04772887718502161,0.624727383578525,0.15187671723980278,18.564326165838736,1168.8251967199947,0.8320000000000078,7.471388444444462,3.2853173853002846,33.33333333333333
call_df3e278ab7fe,synthetic,train,3.3891855005925065,4.106551197392625,2.641849091345502,3.305081699366034,2.2383908906319427,3.38896119123912,0.4940451625269303,2.123817443372556,1.8877928164229312,2.1282299938706997,-0.28105220114039176,1.87417129970762,0.40677125139878767,1.4105724928433208,-0.28863472587052197,1.194793568578581,0.37271691695369824,1.0391766255703252,-0.1690947883536596,0.9119425148761118,0.17372181774172407,0.8023385094028883,-0.1992103599940906,0.8330877230709725,0.24484036916822108,10.779519891592663,73.02551058292283,1.2159999999999993,0.9959034710743854,0.8206822644209495,27.27272727272727
call_df75973c8794,synthetic,train,7.207425697726193,4.396195363625633,1.2205434449393993,3.24388820558978,2.3710672751973325,2.427234344222081,0.917452053157537,2.103852628906501,2.031791413258323,1.9577929429064855,0.6017200252322975,1.6598232220388496,0.4125682899263501,1.4155472789158918,0.5008783759845453,1.1599028870736097,0.46723505502202667,0.8994932415285481,0.2820526448907817,0.7454979485581311,0.1949142440548879,0.652542056855095,0.06658950385514462,0.5810686870182085,0.15879647424837692,16.57619027455788,1167.3791523382185,2.207999999999995,0.7096319999999994,0.38152019075617993,12.5
call_e0a8703be347,synthetic,train,6.9921220250150125,4.348766427607641,0.2867972213080946,2.834574342414826,3.114303195041642,2.8497311203907674,0.49246679003252164,1.8411886300825648,1.801404376024606,1.94939008914454,0.37008024143886936,1.872021362892009,0.4324407134438639,1.5169557661365727,0.028408928805606692,1.1801648373719604,0.3840136918183011,0.9436234128780252,0.1590978433087479,0.8012429401948429,0.13425436324562712,0.7008830642957938,0.04547738644198382,0.6668580527417121,0.22559075694205602,16.298682349363126,268.1399968321695,3.1999999999999993,0.2942566400000045,0.16951696080333806,0.0
call_e0c1f661d9ca,human,train,9.160403597377545,4.508060946830823,4.457786589598658,3.324404465016117,3.2100044786715745,3.1048560443828777,0.6798982936236958,1.8945617730925146,1.0505618535630303,1.6711162269788007,-0.7083564634444058,1.4892121691133002,0.1604275428316153,1.1853591244990458,-0.003406289000804641,0.977043460675513,-0.0633950039500796,0.9432462301447989,-0.1588022876109246,0.8648922896102458,-0.12562875720816238,0.742420813779733,-0.22913633904740704,0.7009458629868622,0.20313549555727367,21.10721180892704,461.6139563111993,0.5119999999999933,3.7601279999999955,3.787314351885826,50.0
call_e106a61086bb,synthetic,train,7.041477561124619,4.202540695693604,0.11621391024611699,3.002409106636357,3.3233443459537044,2.912213267095104,0.5715425671670258,1.7581333227812148,1.6840284856769645,1.8662189678975243,0.2109973520016159,1.848483859888111,0.5084909203569661,1.429260629924958,-0.0060387398305835685,1.1320336533080624,0.38389625196822375,0.9435299279489838,0.020612321672773902,0.8220903452847064,0.1842585812676284,0.6779631741242478,0.06056443454720868,0.6427290008432938,0.22723223940087764,15.859581168263169,251.1794568941703,3.0719999999999956,0.3722854400000005,0.19861718133691855,0.0
call_e118b75d4937,human,train,6.410062873059504,5.45171966985215,0.04984866568366131,3.6319007813872024,1.5599019545517763,3.3577308811126088,-0.0676131842066052,2.135067366373355,1.314423176142198,1.8001027548139847,-0.01205529104118251,1.6680234977656894,0.08397820930780253,1.3143718070017114,0.23995557938865178,1.096623653344473,-0.0056721693992133615,0.949447135643462,0.042215830611529837,0.8991041811824738,0.20459324834819137,0.7419568465767409,-0.09628819042417962,0.6182591140343481,0.22188228891537373,12.529141483654954,68.38291682748107,-1.1520000000000001,4.760969301038081,,64.70588235294117
call_e2200941723b,synthetic,train,7.32528725927475,2.977804300524934,0.24167693399979412,1.8503989305468374,2.217981337790097,1.7330104632279286,0.9893580127399471,1.9682888823869755,1.5918154468149641,1.6274925784172285,0.6468589847598443,1.4924781244306384,-0.21278400034173597,1.3639157733259315,-0.10546429673786858,1.2552971377109654,0.007183189025253771,1.013887022161312,-0.303374586680881,0.85074181326709,-0.12613252541977268,0.7579407272445452,-0.1862608604257217,0.6806025317026717,0.17412153778313783,12.79205621823619,258.72203621476115,-4.991999999999998,11.565056000000006,,100.0
call_e2d538297f0c,human,val,9.882196367125548,4.282905535644907,4.049051746916634,2.624612622117851,2.819995073267614,2.6032530396738096,-0.09630409866961512,1.9437490635204817,0.9114720713317379,1.5759602379044302,0.2061320367121744,1.4907761815580185,0.3207620679388835,1.1531229155203624,0.3481250637115992,0.9913132262580395,0.002507145087849147,0.8617014722426903,-0.15904189611102287,0.785677252122103,-0.2303413890564902,0.7150399207520983,-0.1570203395575307,0.6361239092394073,0.22149763122636681,21.71264899223712,357.7434561200602,0.8960000000000008,3.1547142382271467,1.9823119693845288,31.57894736842105
call_e3064936e37a,synthetic,train,4.871289727994951,3.731165641438702,0.682855360389169,2.3687902971339674,3.2629988205942144,1.7719224264014488,0.9289743091525404,2.377301383315598,2.133891071755512,2.2662080952774835,0.6401305220396083,1.5526126783682523,-0.08319765253342198,1.5308492936826839,0.5234362594539339,1.3017978433612738,0.29043311802386407,1.0002204674890045,-0.1358484185794521,0.8213225852504435,0.15339773865993178,0.7014354127753515,-0.15103927158805677,0.5954532959922729,0.16574517188458926,13.019532889557567,316.3922636872074,-0.4159999999999997,0.9840640000000004,,50.0
call_e3084824935d,synthetic,train,7.783197377553131,3.470584802756244,2.774677086628346,2.6219412594545215,4.9391114689259235,2.748775149086035,1.0824257841534255,1.7811362645388469,1.8363005714226015,1.6309523278981328,-1.3759855762777111,1.6320551110428934,0.27533694595346925,1.3050894101175685,-0.6384563828030596,1.0231056554553672,0.1315035497494419,0.8283750723419201,-0.06133880659915912,0.7587290625623907,-0.01788946580650791,0.6779029694603111,-0.09127943165487445,0.6384098265457643,0.25521311402974767,18.81428287491064,133.78314927820105,3.2639999999999993,2.875796543209885,0.5195518894890353,11.11111111111111
call_e31bf946a8fa,human,train,7.253267138445192,4.615726252111212,2.1656818655515666,2.9332292712869323,3.7405592106325556,2.2615855976097587,0.5554513961042586,2.0289018996199566,0.8288134172496023,1.6582620599811064,1.1365262897017483,1.63504430769492,0.1613496739438732,1.4128923943199827,0.7233398243372653,1.1599431804345133,0.5750931212795198,0.8871593585859686,0.03260038236515721,0.8033010212090703,0.05937276061122804,0.7156831111108765,0.024461556215807118,0.6409600349941519,0.17230295040426447,17.174996868917084,606.7393336197915,1.055999999999997,1.9385958399999967,1.318498742814182,10.0
call_e329faf2b6a1,synthetic,val,6.180585930994603,4.294141581996321,2.8068087591153423,2.78998812172172,3.2828333168172383,3.022820647108086,0.8554663596988629,1.711283938488768,2.09686240312946,1.6789681359650206,-0.37652309973005743,1.7845206416819084,0.6464106479697607,1.301738733581703,-0.2210824066020461,1.0211964665383635,0.14217621056457813,0.8942679685722494,-0.2536279272309415,0.7491725481600846,-0.16014870026465314,0.664998373238499,-0.3408329081393687,0.6310545203451771,0.2242013871924789,16.07515924109085,204.57835302992927,2.9440000000000026,8.881955966942153,1.012316935069363,27.27272727272727
call_e3f555297277,synthetic,val,5.80408436513792,4.5371121536862065,2.3881353897231015,3.154891601409184,2.946733899502414,3.5245051655988693,0.8736465943653802,2.0921680906190803,2.3222663403523955,1.9879212748482598,-0.19224807189453783,1.8916706204872809,0.6683496555235896,1.5098501715062866,-0.2801313726064797,1.2475900626352139,0.17790932319342434,1.0283068542876532,-0.2113229511726348,0.793066729374495,-0.14390990541573445,0.7535899455659787,-0.23645751918140318,0.6933176206630673,0.212760650762678,15.981338765250861,140.88718455168217,1.6640000000000015,4.981183999999996,1.3412599917184627,12.5
call_e4d9c2e0947a,human,train,7.424024590138501,4.530398411344062,0.9148522639340948,2.830723710105053,3.8824805441995744,2.384345785780928,0.8614123619924576,1.9062912270412142,0.7485845168938439,1.6084446659223353,1.4594162330972207,1.5528390998632928,0.38865528864240834,1.3511667352661476,0.6244434458710331,1.199527312128762,0.5090246827631473,0.9510080073924057,0.09493532438487783,0.7853411439667877,0.19693538781388942,0.7461677652334775,-0.08581246346905524,0.6535053604318566,0.16460061807965223,15.761206087814394,593.7455179201261,0.9920000000000009,0.8898559999999999,0.9509292240634619,25.0
call_e58669998b76,human,val,10.301548352256459,4.923397360687711,4.5540598175303755,3.2966943949683842,0.733889536797459,2.8671412425985427,0.28350174753421264,2.0395802491875665,1.3912817480228783,1.7557324149179505,0.09111861806491439,1.4065078551146648,-0.04294106146268095,1.2533633736328693,-0.21555232775687347,1.0049616742471932,0.09501261988057122,0.8640338285933234,-0.29951506524909477,0.7684819165272954,-0.17040964522682467,0.678574072258083,-0.15776409402419356,0.5869372836465864,0.21764446370004817,20.17168932236904,273.4120368163027,0.6400000000000006,4.870380958677687,3.4482718153296266,45.45454545454545
call_e618b7b1fa5b,human,train,6.672752425349999,5.472262074197974,-2.176239041483855,3.259810713476297,3.6542145919811637,3.76270699084374,2.1546547488353367,2.658886071688826,1.6147388179457836,2.0237628122924343,0.8850157681423314,1.8050686581632531,0.2817561910300834,1.5220286479839251,0.25638488806199744,1.2327043819946686,0.041576876506028704,1.04239704254295,-0.08331681538400654,0.8863299637683375,-0.06892920256150394,0.7228417597303413,-0.12591192841033416,0.6293466137550849,0.19714337335965168,12.331992097594721,519.0517734182483,-1.3759999999999977,4.357546666666674,,83.33333333333334
call_e697765a4dfd,synthetic,train,8.994391362581686,3.6129667576072118,1.907834667945817,2.7195546918210876,3.454809874780006,2.4439940743866164,1.2003742287992933,2.19152269697434,2.30550989530005,1.924133066723252,0.8135308905448451,1.803658583120649,0.2041845773252962,1.5524043941801695,0.6432173573602311,1.3311439663749025,0.46003036819444443,1.085964575547619,0.15229426567734267,0.8532043112866561,-0.012533816616232138,0.7170979481542321,-0.17601572626494916,0.6402842280377681,0.14839774018924864,21.94321714202539,1135.9657106425766,2.9439999999999955,0.3900800000000022,0.21214804613349908,0.0
call_e69e8ba551e4,human,train,8.96127174328926,4.516501823133191,2.4555183946347032,3.1115617942609544,3.003140212408667,3.3929173584028463,0.8496737732699333,2.0986710789568535,0.5751147589527768,1.7349606363470418,-0.12254935583134974,1.4429888626511496,0.10948981547356137,1.269005524426813,-0.24862004365009988,1.138291606292193,0.2791792726673555,0.8840318680095869,0.16589425006307582,0.8011629393846263,-0.11086623992642719,0.7443125954081697,-0.35870351899020225,0.6744196195704822,0.23361789249383583,18.278428784572867,117.69926888779882,0.7680000000000007,4.70734617751479,2.825054618289387,46.15384615384615
call_e6c59d28e6d7,synthetic,train,6.049047664864753,4.217822391581824,3.5339546406387226,2.8311488437674894,2.142240116133909,2.367312446435278,1.6330560848359346,1.6283704736033386,0.7513338893158203,1.4855696626516244,0.08111371379788998,1.4248226860264588,0.4045736037598019,1.2390086873754278,-0.24442505080638866,0.9654066712549979,0.5829083791470836,0.8514029656581338,0.011814767590662675,0.7176963722644413,0.29949518983041706,0.6721335567704733,-0.04994110603170416,0.5944838877714693,0.17353108064394795,17.709524497527298,1255.1971957319233,2.016000000000001,1.8757119999999998,0.6793483902415304,25.0
call_e9bd33cdb226,human,val,5.121169719856955,4.533442792123299,1.3017974724380101,2.76026864268366,3.1273540001532965,2.283273320510014,1.4477978160598328,2.5568663028956933,0.9384160677403302,1.7347026617697812,1.3392942912047354,1.3576548047198889,0.3387086164822921,1.3323112144184455,0.25489287360583196,1.2443843563631924,0.7633597078789678,1.1999735769977309,0.059397864874241195,0.8612374863704678,0.18024882375290008,0.782597617540476,0.023868510134590848,0.6998942683080996,0.17389467863071162,13.93758338330413,388.7668938392779,-1.7280000000000086,4.732040997732428,,90.47619047619048
call_eb1c9a5a2c08,human,train,6.147839375058036,6.000114206554828,2.315578134285431,3.5164165794765307,0.5485036371630234,2.605260690104179,0.1068958980692372,1.9128721690212318,1.262182879572745,1.6565877273594551,-0.17936694948997423,1.5411214129892343,0.0584325367035613,1.0739621622387887,-0.16404260236660445,0.8953782281297807,-0.08174629322316579,0.7362781590105638,0.07134841947628039,0.8092901866117271,-0.010299208229030049,0.6779841423010499,-0.015594455183414957,0.5522728552520916,0.19794188157961884,10.973660861122667,321.41629521722155,-0.9599999999999973,5.654896000000006,,68.75
call_ec545493459e,synthetic,train,10.489077397638265,2.4239788891278224,0.582254133990649,1.4910712565123152,0.34773034440804873,1.4025231023784084,-0.058842976662850294,1.1360491785758986,0.21142561141216398,1.2682777333738893,-0.2322826130652455,0.9742506704583447,0.13107211242518316,0.8099260771431912,0.1309644338822879,0.720588762188962,0.24549108826234475,0.6256483010190743,0.058021224133378645,0.5791418890584389,0.0965886501352589,0.5602451661991603,0.05762907593491487,0.5051303320894021,0.1508764733994188,16.53552583732408,1019.053875402861,-5.952,0.0,,100.0
call_ec58505fc522,human,train,5.8409180077583756,4.593702409986009,3.58372274924825,3.0463748417448024,2.6807540994108168,3.2173790970471883,-0.3656048772600947,1.9264778893748626,0.5810520207630905,1.7997901050520333,-1.0229484468640646,1.5311710001805796,0.4746844950312048,1.270507103001032,0.012673487377779374,1.1129222194754662,0.29477544313699666,0.905896042665076,0.03419197280803808,0.8350178967738258,-0.11453963755748164,0.7239198916141959,-0.1587170833471581,0.690011892375937,0.2494826941941669,13.577328450429036,45.76820902894141,0.8319999999999936,1.2742246400000006,1.3567495092202024,20.0
call_ed020e30c242,synthetic,train,7.794341936684438,2.2636162920178027,0.27657391100406087,1.842766478038159,1.9530988797567765,1.6020826789708806,1.1998337416952138,1.7298941977803974,1.393666460896743,1.3703369895977173,0.5778334927785689,1.3900545934040653,-0.22289540186001913,1.266799125379394,-0.25502530810866625,1.1544186937142566,0.002604381845956641,0.9793308276901345,-0.3385628410251489,0.8517051117467884,-0.11245043326016083,0.764491959828018,-0.1905020251311557,0.6989909531064887,0.15720688399260196,17.97960602355017,344.22504564858247,-0.8320000000000001,0.0,,100.0
call_ed041799aed9,human,train,6.782036871758147,4.620203972132398,2.370047041341833,3.0339638022334072,2.330488926209995,2.663549866646953,0.6538411897136138,1.8295470743028703,1.6051737493030278,1.859985674049547,0.5766642325364986,1.3158748192256073,0.22116173101107023,1.2063497373929841,0.5902395813098296,1.0351924171804001,0.4573860437206499,0.7934860091413201,0.21374302479577936,0.6872603066830585,0.1860496606839844,0.6104965572274693,-0.03884800568232095,0.5572042812896485,0.14552067992135717,16.923294789806846,989.131464914839,0.06400000000000361,2.569072000000004,25.04425770011821,56.25
call_ed99e3ea3f0e,synthetic,train,2.5388014186285064,4.382735139471225,2.7846035689932176,3.4073453287330357,2.4959571903633964,3.3229155434100655,0.554114738160688,2.329819775820113,2.054060622782115,2.0966828068076278,-0.133338086621169,1.7563016114537189,0.6213287812868626,1.4095154057655632,-0.2833570687189896,1.2916307978930899,0.3618305120813565,0.9958977757484913,-0.18558791207259043,0.8553782847023692,0.12473044863030236,0.8223846567911457,-0.21104857979539948,0.7114044490127704,0.231753708521846,10.02740457362102,68.52566581104472,1.7920000000000016,4.311564694214883,1.158722521399718,27.27272727272727
call_ee227bc9d7ac,human,train,8.1511898865439,4.350072346119315,3.748309087784624,2.9641097213002037,4.046321767604113,2.27712404845702,0.7866386951742277,2.0704246609310597,0.7283544513380875,2.0106389268022156,0.6169448182866,1.5902662503708265,0.0966103360238676,1.5533096709775587,0.6914192535031252,1.357971167767304,0.3056692183760624,1.1131493043796414,-0.12703048295756608,0.9899757567389211,-0.19532293409429907,0.7681910512609537,-0.2840394151417375,0.7259080076058626,0.20038372829727452,17.573693783275218,916.3464422705998,1.4080000000000155,4.706633041551244,1.540822156578224,36.84210526315789
call_eed2c7389776,synthetic,val,5.298346824462682,4.5136839718544595,-0.22927636753185018,2.976049171907725,3.060265445258501,2.6929604720773037,0.6732960820351329,2.2924932105553113,1.814087120164483,2.1346632603091202,0.7357599823655475,1.8319945523542853,0.11018111025837203,1.7177298422462888,0.022561877342688164,1.4507026701897618,0.27951169118025115,1.1154216370747443,-0.17601905333535559,0.8935721414123826,0.020561363114215914,0.7271641326287103,-0.09434726310864372,0.6471171565018261,0.15187079888080376,13.078848425266798,166.31802203512473,3.6480000000000032,3.1362662400000008,0.4854579659968191,10.0
call_f003741555a1,human,train,9.325247454678255,4.239303301367948,1.2277962356129184,3.179315485613045,2.9200706947058275,2.528307316768813,1.9334085769784541,2.605714298696937,0.9695289505122247,1.7937712915415016,1.9591259906561578,1.6968983970114533,0.4805690623063628,1.3863010325486453,0.13997982664410108,1.2482512354015547,0.6647902968191322,0.9879203416857484,0.3059190061146471,0.8313202546115133,-0.13269382686887043,0.7459258027469419,0.061090772653048214,0.6817067303459281,0.15744353221977095,19.92001769953285,2068.8669258828972,0.2560000000000002,8.282112000000001,11.241663577958548,55.55555555555556
call_f0ad1cf1aa6a,synthetic,train,7.435502354910734,4.415013280545609,1.5960381989351382,3.151137100261975,4.2553627782556624,3.0235372924085118,0.3335665128443306,1.8964977118755912,1.4822470058987691,1.7733100204497412,-0.09407757658466304,1.7156071482513888,0.1286618667871835,1.402971664362715,-0.26182608702126586,1.1831622460107434,0.08382299208208405,1.0101590503287328,-0.11924411038017557,0.8973992023499187,-0.05555705166384167,0.802446505665138,-0.06474241064757713,0.7496170006331332,0.2185697456800456,17.208808844053912,141.84523423534574,-1.472,2.058532571428565,,71.42857142857143
call_f1372119b403,synthetic,train,7.834885285483983,2.2614817759664683,0.25005936798860956,1.805017432594323,1.948459045373351,1.5902035839633768,1.1989602348629713,1.724961525221343,1.3791410305458027,1.3563477451291936,0.6249015616007689,1.3616019561211352,-0.20453958921671012,1.2520324063755273,-0.2325801026917625,1.1475676871543699,0.03661446635142316,0.9790881636270106,-0.32518042878229364,0.8368237345465953,-0.10906967425444808,0.7695580038435669,-0.18195818983759948,0.6903929612627252,0.15520838437366555,16.971758147331094,431.388555355889,-1.5359999999999998,0.0,,100.0
call_f1b82a4a46f6,human,val,11.886029472941217,3.9781012656778003,4.633061623663198,2.931451504002279,0.9948989950758945,2.7458764176717003,0.8852065175783236,1.8834502003876288,0.8529270643834947,1.7341573941312554,0.4376172233271979,1.6712243044438448,0.4422382267696864,1.1762161183758906,-0.32691042328460196,0.913594907833422,-0.15530827324459634,0.8535890048859383,-0.18122783597976436,0.7270159154135694,-0.033674452462657205,0.6533286314680881,-0.09917394233621701,0.601302043040575,0.2110112583088839,24.52703587691518,1129.7687651271065,0.7679999999999971,1.8647039999999986,1.778049024445995,33.33333333333333
call_f202d4ff9f96,human,train,6.830721907106694,4.952967966778097,4.857750176360213,3.5392168696525017,3.1933505113052822,2.96892322984205,0.26090499315791027,1.9424501116312578,0.9379028530204649,1.6867562286358153,-0.04824950287254289,1.461949697289286,0.48208242091082704,1.1061200498565238,0.05557100580576514,0.9881656965338595,0.3119312702538567,0.8596851200144031,-0.028545625393586127,0.7711088978650145,-0.05569164016594633,0.666295280740068,-0.15908687672181554,0.6508160316903738,0.21187253196817363,15.281492200747884,186.29066286924404,-1.2159999999999935,2.218123061728402,,77.77777777777779
call_f23bfe7d0e9e,synthetic,train,6.272930164260611,4.297079828645201,0.9889668491034471,3.147687302869002,2.748098084319455,2.640895890175523,0.9455294014387275,2.1900426926980305,2.134023198631146,2.262184694337463,0.8409657472399634,1.8281077681157045,0.40402675832373025,1.5735553140704335,0.503362032332332,1.246747632154679,0.5996375019556739,0.9479894733183658,0.2247409027491202,0.8022115013374662,0.23562687392454595,0.6843545777609428,0.04620445736527945,0.6181252726561536,0.15840349899381867,15.049526079624336,702.9671165586116,1.7279999999999944,1.007717135802478,0.580932379753792,22.22222222222222
call_f27db4ab1f5a,synthetic,train,8.708203340725472,4.522002951200989,0.24048877298404478,3.567527048770905,1.5513158886304679,3.25750665151305,1.150492143666637,2.725192860131288,1.1489192417740952,2.1771250766339336,0.5865416996343775,2.131279652357719,0.2245057436236433,1.7534843182517739,0.7760009961898582,1.4858730820232016,0.43782104153322793,1.0514997657041107,0.2961919676270368,0.9083080905214486,0.3700510629881856,0.7860125766899098,0.12230449871877347,0.6344476508465162,0.1436697040841091,17.54166204425953,556.0995972344118,0.1280000000000001,4.171521514792898,15.95648668898078,53.84615384615385
call_f2ab1c408b36,synthetic,train,5.285012536090672,3.745712232425332,0.8022417925718639,2.285254065091341,3.1336944361103978,1.6692281990295799,0.5440537234923981,2.0938062316212895,1.6159896452332236,2.1240285527567826,0.8558424092437016,1.5531850281268569,0.15930332270646624,1.411213334897433,0.400350154786663,1.1898418965868292,0.39986568294939967,0.932304622916638,-0.024321516008281314,0.8049010685316873,0.12435104955225859,0.6981489059862521,-0.14799052142817182,0.6151370152048403,0.15691074692961837,13.778088711833625,363.3546536313074,-1.472,0.0,,100.0
call_f331303c4fb8,human,train,6.83176696343533,5.315091970340473,0.4278683473368603,3.699049523024912,1.4774007307378643,2.919130619555492,0.7783571166235118,1.8639356957322772,1.7588927570972515,1.8747017484469852,-0.40875404676592,1.6421149816739466,0.580994387669127,1.4147473524859786,0.49516945244533206,1.0328636062936123,0.20020146453789978,0.9410346136121814,0.48576851969546503,0.824272756504881,0.02979437614476453,0.6730325893628039,-0.1763701361593484,0.6842440088097564,0.23804361068700366,12.938454053934862,68.54080817312172,0.8959999999999972,4.478349061224488,2.361842650990609,35.714285714285715
call_f5251fb3b1d9,synthetic,train,10.401889729895588,2.065686173238405,0.4934241907458229,1.3790812783454491,0.30281050660059916,1.2595036694057435,-0.0634755448446167,1.0224987255185745,0.16932118802600105,1.07385521454991,-0.24484824975110203,0.8322531447941798,0.15795506582697016,0.7338260842459265,0.10233004835743789,0.6857341187987236,0.2075617294074547,0.6005455242045027,0.04062068428055373,0.5556395567530126,0.0786999975289347,0.5390881835237629,0.0446806886152456,0.4959458643899165,0.15026556942918964,16.101930445186156,1106.1239147883157,-1.0560000000000018,27.206655999999985,,50.0
call_f68d3459fdc7,synthetic,train,7.23932731239434,4.888321108336225,1.4758901090190046,2.9848300724983767,3.0029532655689124,1.8943613571732865,1.4658636413808632,1.9008973519899557,1.0425175649287042,1.6151533956280681,1.7757859341846114,1.477933204911848,0.7052633380031487,1.368354051707202,0.3202622387707099,1.2236808725170427,0.9459097875723836,1.0200027434864813,0.30274483249957784,0.8973979712993763,0.32589577476240944,0.7446073616699068,0.103281955956781,0.6910052118226421,0.1291095830867247,16.7156004872676,1697.371904276992,1.9199999999999946,2.037300244897956,0.7434063903575836,14.285714285714285
call_f6ce5de7ac09,synthetic,val,5.190032578020727,4.768663170729197,-0.3262929563159916,2.8657677133391646,3.003304094167568,2.515549517147623,0.697696339719857,2.06490850155426,1.458205432894491,2.0747459282706195,0.6968291307788307,1.6859693049547846,0.040127127094348625,1.7997665326162076,-0.1889725750550999,1.453183405551828,0.23398569880997622,1.1169038999259784,-0.07423632943157571,0.8240305534902381,0.0826388591491426,0.726514846836406,-0.12499966828025155,0.6311523913580331,0.15708821637567444,11.769281269278316,164.45675946110322,2.3039999999999985,4.6442666666666605,0.9353541972321691,33.33333333333333
call_f9fbabf70f7e,synthetic,val,6.563967539142738,4.342480676427058,2.3899700516036932,3.035749062620693,2.4609674261365346,3.099065046197755,0.7862011983259096,2.097632602022279,1.8222382345969579,1.913624301400447,-0.21311915811245016,1.8645499967760142,0.6566239087899385,1.4847447475566358,-0.2543947663036136,1.1621478391252063,0.06382899856406091,0.9745895229660256,-0.3075670157237511,0.8031909833516153,-0.00629213825324422,0.7351676137212402,-0.2070383539324044,0.6767017840373846,0.22092876579939322,16.760013399437383,155.75921258009197,-1.472,0.0,,100.0
call_fa26d1186721,human,val,5.107806818571361,4.910225990799322,3.340911810250356,3.0468152189773985,4.239533562557716,3.5130105463800296,1.0708802433503029,2.159638062246104,1.7803717959427092,1.7601088598692343,-0.0410323924439327,1.4518044435594146,0.44670566721385896,1.195414472317355,-0.12083881191789847,1.0182600306833125,-0.1896797240793226,0.977286433674517,-0.0427021344023746,0.7776336768895756,-0.2793472526429987,0.7581166928369346,-0.27330843283900164,0.6343321939495958,0.24092014011330276,11.47223119001886,55.17256558507526,0.9279999999999973,4.79760384,2.360283745211005,20.0
call_fa4d7f2897f4,human,train,7.011833063324254,4.574161153917175,1.4844097392811033,3.031349251499161,2.5063887420426916,2.960903682832197,1.0415079640524336,2.0140121827742874,1.0611158033651653,1.670132185017219,0.8328880016625073,1.386304021705562,0.7354393989594634,1.2289361115243764,0.8039898592444543,1.0404540784678362,0.5685420533689789,0.813271838420374,0.31048930043590806,0.7489116465908368,0.1882750221187951,0.6790324983498753,-0.02358165473329968,0.5739215821168419,0.15626837846628602,15.509870622055196,829.7629358049095,0.19200000000000017,1.8273119999999987,7.040526288330052,50.0
call_fa9e18dd83dd,synthetic,val,5.7387861161513865,4.617250241421664,3.6737385651593994,2.9862315241780846,3.316236969427889,3.1198438463156575,0.729924307272277,1.7280262990994748,2.156389244675404,1.7521379441179317,0.019527633308322856,1.5963255991725607,0.8095535736935415,1.2119260385651005,-0.24297256509499032,1.0648407238292896,0.1944606950511707,0.8528074901038639,-0.29125413147446233,0.725670993657027,-0.1111421962316731,0.7148960478259794,-0.330785475703456,0.6407394199062011,0.22533253651667942,14.554407587446953,187.10836996688656,1.2800000000000011,0.8244130909090918,0.7093530983803608,36.36363636363637
call_fb1405943fed,human,val,10.945714478002742,4.724391481905172,-0.33323357466001224,3.764016133637172,2.0997976297287346,3.0561502896010513,0.9149598851461609,2.5247543424241927,-0.18134367773117227,1.7527540368347991,0.6713161681302122,1.4675929346477539,0.27825152714602186,1.2711988863981416,0.12637726104192537,1.2187865651987326,0.4212277382963584,1.016252346320668,0.3000253897457249,0.8394531577097375,0.07038450952062708,0.700258771920109,0.03320060319816402,0.6207575837941005,0.16922003433527166,17.758295417217816,943.3859940650893,-0.7039999999999971,2.9888613553718897,,68.18181818181817
call_fc8bda4b3374,synthetic,val,5.765470951193754,4.675093030133168,0.18695585119287725,3.335906321672747,3.012903439022457,2.633188620663146,0.660885384739861,2.2106535015532844,1.1148226635825753,2.0208877387462607,0.858771641679801,1.6707882530737033,0.3503523408215241,1.686335650915413,0.10143238043906083,1.4681059203199271,0.3706397913566899,1.0997507116287457,-0.07083046724178932,0.8817989583136093,0.16052458987654233,0.7372204471687668,-0.1977691221877885,0.6465634760624553,0.15531391370652486,12.214891282173895,232.34804193459357,3.9039999999999964,8.432885421487633,0.7438378795220957,18.181818181818183
call_fce92bad5095,human,train,7.649424822964084,5.413950321157445,3.3583147706767984,3.769814948705238,3.1121372976395776,3.5386038911858613,-0.028093017877114268,2.021264845982334,0.9235299527422032,1.8464529096798397,-0.17824764133432747,1.3861123640605488,0.5113794118506421,1.2435742751813952,0.06388838744038375,0.9914350370898837,0.38818523444062797,0.8960089666974463,0.21747773812388388,0.9000501204103272,0.007604502593484497,0.7413830215997657,-0.2808872596688017,0.7028426452065539,0.2270681329478525,15.20938817851308,98.18881336653655,0.7040000000000077,2.6947802130177454,2.331787746467637,46.15384615384615
call_fdc3a7dac09f,synthetic,train,7.8468178084649525,4.575507130920469,3.760060226065889,2.873854622183013,2.4828402855617258,3.869974113124244,1.2942251027644172,2.0409101060422445,2.7323758875137956,1.9155878670873134,0.12783144296994853,1.8379361425572305,1.1925011305757351,1.1517693916671374,-0.5129987879942836,1.1073349349995203,0.3249214455710053,0.898280713539001,-0.17287740600227133,0.7611646859993757,0.11325548621920144,0.711464313927476,-0.03241179073015066,0.6673460641945107,0.2195709577805036,16.73064738851143,184.62131875683326,3.327999999999996,5.6074239999999955,0.7115384615384621,12.5
call_fdc44f969ade,synthetic,train,8.024806766632828,4.143354571760223,1.2186026780216537,2.915363563728726,3.8765779254287844,2.961145045420977,0.8298306412584064,2.0011669895078152,1.4834756536187528,1.8200707847149336,-0.21323263536810483,1.9865616675179558,0.007146220917339019,1.437987147584218,-0.27709016458515645,1.2830856904648542,-0.021892694016535985,1.0235680956356357,-0.10967427171664265,0.8207982891147011,-0.03427004545236431,0.7712450354184529,-0.04021792901111361,0.7382306772683873,0.237691981959692,20.01285330274797,164.35867183834458,0.5439999999999934,6.323623140495879,4.622576321141422,45.45454545454545
call_fe828697f60d,synthetic,train,7.674943034162881,4.324503307308196,0.4735606732143842,3.1458440781401222,2.801918564185864,3.1736715259347106,0.1938926662791226,1.9272188034196802,1.5184694550130782,2.01543495812236,0.4187884687653003,1.7736185242274605,0.6905764305786112,1.5402667360673847,-0.0424611477985553,1.1871559293984468,0.44297829283988677,0.931883701263245,0.07883199440888991,0.8406059034831411,0.14595057565141947,0.6990314968424509,0.055535984091930245,0.7050805028400771,0.23096003450079414,16.273546572854755,256.2268885528161,0.9280000000000044,1.6486400000000057,1.3836139757061254,41.66666666666667
call_fe8e4fc3ef69,synthetic,train,7.9520838223049095,2.372443262434771,0.2473030359210299,1.9627106993485148,2.098042322978444,1.9176308525591315,1.0921168439537976,1.7866879899537071,1.501710111667054,1.4183135919966738,0.5810619587930688,1.4701842533060696,-0.24593809869700944,1.2579632555358964,-0.26642946431103287,1.1521429670047978,-0.03335382953008925,0.9778352753002597,-0.33043927013449764,0.855646884344539,-0.12100300371682653,0.767319042811087,-0.18898611941950544,0.6945614387205248,0.1752205000530046,17.736317367040932,164.97550296011588,2.3359999999999914,90.40972800000006,4.0703780053453364,50.0
call_feaca5a8cd14,synthetic,train,7.525529006919224,4.516280520329437,0.6579642442311168,3.09690286244043,2.9795213301910968,2.987667340744911,0.11987152552520033,1.8325632566710939,1.5220208744144874,2.0564788683406565,0.36489256030062994,1.7909514399807664,0.5273061750596303,1.5463055857073875,-0.02063144664894366,1.1626864976289473,0.4079327329368072,0.9454302339763027,0.12357505916241682,0.8203045791678059,0.13451097998528644,0.6863073402323604,0.04182909455786628,0.7007009303362279,0.2239964693934369,16.375490151728762,319.71602029817956,1.5679999999999978,0.06405688888888664,0.1614123879959793,0.0
call_ff4042587962,synthetic,train,8.791931302051214,3.7430257867534893,3.073051443144415,2.9344454712180594,4.023935303405245,3.4563214488835765,1.0936605117063158,2.01921288198797,1.8311506814017249,1.728582320769818,-0.8164704989152323,1.7920845820584088,-0.13920923936067253,1.2679285529402484,-0.6290449613876361,1.039866784032789,0.18359627110719817,0.8366082652487206,-0.09898610588314802,0.7612949108303839,0.014963710484332721,0.6877179431141903,-0.05831225114082243,0.6919558842962281,0.231067861481641,20.040460002066965,261.8946755126501,0.19200000000000017,7.300075102040828,14.072214142925546,57.14285714285714
call_fff8cae57de7,human,train,8.533010125502223,4.942148694436384,2.2691809263324707,2.9207778661523034,2.028667877222788,2.6511523264589596,0.26116330865400844,1.953554993392396,0.6121441116184025,1.6378606543108682,1.1036849948610359,1.2260041635418304,0.6110728159471781,1.1850521724656606,0.7169521164007882,1.0086565494014241,0.6806973934791065,0.8598683623071182,0.33858266375709384,0.7390484911108748,0.10013521341214743,0.6719330017656189,-0.11374789957357068,0.5821889606284727,0.15308663061813796,18.507289664379577,1581.6585314771066,0.32000000000000384,5.960448000000007,7.629383985617625,50.0
