lfcc_mediana_1,lfcc_std_1,lfcc_mediana_2,lfcc_std_2,lfcc_mediana_3,lfcc_std_3,lfcc_mediana_4,lfcc_std_4,lfcc_mediana_5,lfcc_std_5,lfcc_mediana_6,lfcc_std_6,lfcc_mediana_7,lfcc_std_7,lfcc_mediana_8,lfcc_std_8,lfcc_mediana_9,lfcc_std_9,lfcc_mediana_10,lfcc_std_10,lfcc_mediana_11,lfcc_std_11,lfcc_mediana_12,lfcc_std_12,anon_id,label,split
-13.526491320901897,10.896036092678024,5.024020169710141,3.99371419128053,3.4215408008557535,2.482601572900979,2.491749522304316,2.0733691473390268,1.3360569758396519,1.594486140091488,0.8364588123140115,1.470454667900774,0.13887320305744694,1.4051946868909604,0.3862581479261895,1.1981163302731699,-0.0699451009736128,0.9311843806897023,0.5225189062319482,0.7855133046434061,0.05857955701949205,0.6849149279973586,0.2704863672988914,0.5922356978109506,call_0181ce113ebe,1,train
-12.56374689811519,16.21155891369362,4.933856850858922,4.124078020260315,1.730354571562614,2.50575796225304,1.8167059638653802,2.6407132039124455,0.8137420950478829,1.6759569121592577,1.5412925532269488,1.6197668418589177,0.15928504682682523,1.5278636380343649,0.48784524493502385,1.39380118801221,0.0433636044627621,1.0494023617058073,0.1938350206618462,0.859143508734416,0.007082379197436143,0.644821446155578,0.16183803304168384,0.5879773712026052,call_018c9d3823ac,1,train
-12.260406690202805,11.894152176152721,7.281224643115876,3.977753665941016,2.533725517411806,2.796446382888735,3.3241303375420523,2.8175780854735972,0.7727943750968831,1.6833165031571544,0.5117719830273397,1.681252081819166,-0.07525755902579724,1.7393363609387538,0.2345367657737808,1.162597933687125,-0.3196532729578755,0.9333812738461144,0.38850385955336386,0.8153139157304614,-0.09569557615078667,0.6488101503696759,-0.01129080379805282,0.6152456722510107,call_01bf49059daf,1,train
-4.007706257856155,16.38324036329189,5.061803712113958,4.784531354428503,3.491282783976592,3.679321221671662,2.470823453953308,2.677726162872754,-0.16400556291483956,1.9620005109837402,0.2704886168725185,1.8018801404006333,-1.2168791057936095,1.3839836005104054,-0.011407582910051933,1.1192271958478766,-0.9034653471193461,0.9977586721708054,-0.0722009925236308,0.856165339009729,-0.4523701454849121,0.7274339570168107,-0.06551068622490999,0.7050877847419538,call_01c3806808d6,1,train
-7.225535973790547,13.034998025987466,5.254237397927578,4.677643467446788,0.25089637240530704,3.4103701613799635,2.2193470671907343,3.00209660325012,-0.04731757404904274,2.1913800157180345,1.1316418935729875,1.8350072850200394,0.7495502631875461,1.43958006518108,0.26698653067888944,1.389407925778497,0.19730596698221536,1.3639795480187875,0.37331082272939026,0.9760232427494744,0.009933228885990072,0.7763991181193665,0.17539641406612638,0.7049667464781671,call_0294f969f98b,1,val
-15.045321356458057,11.708127481978064,5.234132410479356,4.62264268985239,1.2344093438526604,2.374115787757499,3.303755307668757,1.7856032408178233,1.3672278922141636,1.69411135863236,1.2388822896286815,1.5043803800702715,1.3160468256441273,1.4673327065264166,1.03784574517559,1.262548391563363,0.2847042962953876,1.0967261594844004,0.5714749181148272,0.9450542974427011,0.14368747641819163,0.8240821170705,0.24431931635049714,0.644749671893322,call_02c249d2f89d,1,train
-11.486728814653903,13.75929569342618,6.60537804021912,4.654791659104757,1.2981464053560723,2.814525299211134,3.4998666023000347,2.785774461069199,0.5230168971685196,1.9537762174193096,1.1453143709707385,1.7553073148413592,-0.3139948295741286,1.7179878828193773,0.015418035789138695,1.2925300096128205,-0.3697202066836222,1.053022116590686,0.05237762853060454,0.8294608477047177,-0.14385250989901996,0.7672204178124614,-0.017367484368753017,0.655799001722661,call_02d28871d7b3,1,train
-15.73249172250575,11.320555277801786,5.89569900677914,3.925328116409701,3.2301789034587585,2.574270311631476,1.9100304536968835,2.129620831747374,1.1754820740581347,1.753564759356887,0.7749919464548921,1.4262983732453727,0.09749185847612465,1.3632693612654472,0.272748274640926,1.2649077522217047,-0.11322729667360792,0.9840139716138674,0.481442975959368,0.8118612803557171,-0.01529205180795682,0.6841713613102866,0.24252616599486104,0.5940132215898127,call_03680846967f,1,train
-10.897168251398098,9.661607681994317,11.143867672830565,3.3656367899004933,1.7953120157256586,2.345904695741701,1.7972894983127476,1.6941921881792958,0.763779415453629,1.5571857522180947,0.46383161908120313,1.318567364516775,1.6959261720925178,1.2156992017277635,1.2206426140074444,1.0779696697409438,0.6531037360582802,0.9192488480274518,0.6033549234100126,0.7998122535173224,0.3689331189038822,0.651121558540374,0.2564951943793242,0.5617203140669116,call_04d682ac0cef,0,train
-8.550247973247041,11.909692684427046,6.415806090778074,4.467019818894234,0.3271525639853559,2.735057038448943,2.0795945598807246,2.739271997446337,0.4153181399069961,1.5511232641217216,1.4376858207696528,1.6047602681353503,0.2639936414093904,1.4773854045916939,0.4903624142146028,1.2537521045484792,0.19479827780640527,0.9176002764317602,0.2830922741872909,0.80517895318319,0.05236764571423432,0.6955330004100654,0.2591578659530115,0.5532968219369842,call_05d6615469e1,1,train
-26.96152980125243,30.85505137718149,4.937317364217187,4.409542886503047,0.6900116121054176,2.9187258645045295,1.3250459736379885,2.6842295900939885,1.005758526089855,1.999876438112308,0.8111458585117135,1.6034557731925367,0.3694107382704407,1.3879853333720615,0.3254639058334688,1.2854140867137758,0.2774369919057398,1.0534822080348283,0.29801327973863034,1.0186799583858241,0.019433678351764856,0.7431358792803375,0.05132909901030948,0.8187434044145724,call_0615c3630150,0,train
-1.117244566792396,8.609626769357874,5.931877508669668,3.581451212603559,0.46084298009547453,2.817595552524738,3.2009542141771736,2.5600672914527878,0.19634501149369424,2.1594227355925595,1.8305337051854425,1.8542255073114156,0.21471558446417352,1.526126267430483,0.3590266957648278,1.432150067222191,0.6723482726905498,1.2359892486257087,0.32574407466276056,0.8755180154185802,-0.09742465198357088,0.786038865536119,0.0657610222138145,0.6265246992565233,call_064d8dd77899,1,train
-9.404713558762458,13.650996479954642,6.1854478503965815,4.759723516935198,0.33750048497142077,2.797432401986285,2.1945155008950374,2.952399574530352,0.3874408974354422,1.6402755907271982,1.318125187898633,1.892070839846631,0.16180009699476508,1.6033373776882256,0.43573071498745275,1.3496444827656973,0.053734911446724216,1.029073872001746,0.2926451033505307,0.8593856671942974,0.09111045846695963,0.6954715149146854,0.17820471830885118,0.609325110696353,call_06b5a78ea12e,1,train
-7.815948830388549,12.896106814387108,5.322571998178454,3.855242023514321,1.9932387499592457,2.6914608949740204,2.9650357733156385,3.3759556446442494,1.2751676574870539,1.9521293868243224,1.8020355916527953,1.7240983347011556,-0.2643226298602509,1.7868405859989784,0.6994149324813357,1.3825532346452496,-0.34506324740397476,1.0692808188969614,-0.05621498859833368,0.9614930945652599,-0.3426065214511132,0.7263675227556641,0.0038072078552943145,0.6607936354709698,call_0847d7417bb1,1,val
-25.57673162211159,17.072395250263426,4.684997481094158,4.60177508395815,0.6816280715083938,2.599216484735114,1.0475899900184424,3.0546770467392483,0.9027256569541136,2.101622861834965,0.7223055171001188,1.6198753539546933,0.21850807935562055,1.4703894403421847,0.3527251131535625,1.1397080366453884,0.2781578954434727,0.9925744510978981,0.22642032189655908,0.7982207899004382,-0.05050465850797385,0.7385568807770296,0.02877888960937583,0.7028333777658309,call_092aef8d1243,0,train
-2.6681005769500645,15.424613853462692,2.3937611246914923,4.439810802257336,2.4904930352891315,3.0687080404368987,1.975482828635106,3.0665936506307783,0.4162581444100367,2.0242389768484146,1.411531895458487,1.8497319714162999,-0.16812712168205762,1.5322741558225523,0.39532774908983415,1.3072364033942856,-0.25872668405757726,1.0927419119685653,0.323142425088225,0.8514868584731325,-0.1794719607717744,0.7234567442185187,0.09432368505953953,0.663125784667246,call_098d8081babe,1,train
-15.848017175736215,11.928510943034283,5.252472010609883,4.362039408644831,1.1937966011107188,2.4597078202326674,3.5565020328713475,1.8202679732346343,1.395040905435932,1.6689530710792226,1.357355260278336,1.4689425140057073,1.3398100349723607,1.394222972986114,1.0353265628491526,1.2330347781264779,0.29798737721050383,1.0794580025808587,0.7836965088482564,0.9514891268907165,0.24496215157623072,0.7865422977123039,0.2573063037060809,0.6414168370190214,call_099dffdf8486,1,train
-6.755055339059848,13.4108003180999,3.6642861214207083,4.055104415767683,1.700342772783391,3.303586280558006,1.7785412234069418,2.683244058500089,1.6740477718188476,1.8877294745544364,2.331871340081721,1.6197929083250944,1.1376407501146613,1.3827176738231488,0.4668765068619418,1.1414468889120983,0.540040905487527,0.9608684013849337,0.6162929062221546,0.7817664998785279,0.19285049834060516,0.6365573915962005,-0.008188693154524446,0.5639916636054743,call_0a9c546208d1,0,train
-11.37214024270681,14.079684997751324,5.6219908348626175,4.005537471150845,1.1973990497567453,2.736238853295317,1.8744700755240327,2.3285972760950906,1.2178976151557408,1.8760001294297581,0.8600370299855586,1.4799782804994348,0.6645227356227195,1.4675506476288738,0.7557887494348068,1.1365919485490548,0.3266163844583347,0.9471594999634674,0.21178643233052263,0.7511252887892753,0.27764379064730027,0.6414603687963034,0.11402994514479681,0.5347450506554866,call_0ab7d2a0c0f5,0,train
-9.09917426125615,11.609521739453172,5.622898797247438,4.327597495497855,2.5545724944510813,2.759218513123303,2.546633712922263,2.914100327185392,0.7644758823752744,1.525789240900732,1.9791183797288854,1.4877394375659083,-0.03224463244866198,1.519126274759135,0.5748863019223887,1.133660588990949,-0.11285387350449866,0.9186436377511,0.18355712403088326,0.7554949079949103,-0.17615578120962455,0.6191172436284096,-0.08576496070637607,0.5883564595820849,call_0cf2f4a71328,1,val
-14.674536962692072,11.782724194174275,5.426353631801631,4.031237166592896,3.106397499692079,2.544834681015737,2.003579533352395,2.14387992668358,1.2040566740897383,1.593440506895352,0.7094586484946755,1.4493738354334849,0.09410524451624026,1.3797024448322601,0.23483543386966604,1.1862036750760012,-0.06527220715367674,0.9932434360936968,0.4375076794530749,0.7684001395119333,0.04638243012737205,0.6723089166464733,0.27215385009174986,0.6097114213633253,call_0e101713ee94,1,train
-9.967125768388044,20.90289310976739,4.3153376679940205,4.231204112057857,3.665500940308762,2.8759088131512303,4.2094788177742455,2.9013134453629985,1.5318717702042162,1.7778106724205265,1.3688272184511405,1.6069004659298238,-0.08574468450749204,1.2738715592298775,0.3516667682516296,1.0821804568217404,-0.3225617741471756,1.0019633004529018,0.17846505047648034,0.8033988620489555,-0.019958100847462305,0.6811875275126795,0.031114448119783603,0.5798665820319068,call_0e1e2f29bfdc,0,val
-15.657938156378204,33.241957694911335,5.3468664812594655,4.019753288594068,2.8193828854612324,2.609566889499247,1.9497548213032132,2.178842872986141,1.8107028148372122,1.5165053066714915,1.4784673922847889,1.3882231439148192,0.048750471162617104,1.335507242503457,0.7567716563133271,0.9672041973105303,0.3516874521184369,0.8135229143894814,0.44486039704227853,0.7675822199591689,-0.12467906173853348,0.6525640922657511,0.050489154388044084,0.584499060185588,call_10aa0d1d33f0,0,val
-8.854846441819786,13.428286550605911,5.0987108488168715,3.913209382471516,0.9019401372695693,2.170559076528671,3.167151121832595,1.7113331656293411,0.5645668617482427,2.1073002383030683,1.7942579909625551,1.9492901590028253,0.6512266365100049,1.5083535833262436,0.10514852696274257,1.3119191856965609,0.36923548336737144,1.1707997592372732,0.2941564442061874,0.8833337196400581,-0.14203847716392426,0.6785111376610493,-0.009223870574546489,0.5728566831582732,call_10ceaf16fbbf,1,train
-10.178673353010499,15.089680954734263,5.734207102377071,4.531762619928252,-1.134299774493587,3.110529117613103,2.022847745892159,2.4762309558722664,1.4722828688802716,1.8701552907979364,1.0428325172311637,1.4173618458461381,1.2929035087709528,1.718427734053464,0.256986742645445,1.2272287774260864,0.45283736441897254,0.9872461550020735,0.5610872876921491,0.8827060622198759,-0.02782446303117636,0.716549013185749,-0.08461037733363505,0.6544366979161226,call_11d3230256a1,0,train
-9.326762445328267,13.175159866498166,3.8595975046910738,4.608248623571966,0.4808289771743317,3.0675354425186243,3.0151197346349945,2.6067198573447232,0.37755030163353387,2.073662892448771,1.5211511181879718,1.84757964759067,0.5623162458414201,1.4334815186452692,0.3374253329046562,1.3818404966637634,0.28012927345900185,1.339134708306183,0.36343181210923936,0.9691617526345091,-0.10275951010401504,0.7376727228268155,0.107479016146388,0.6380232898926157,call_120d6007bcc1,1,val
-20.20350989194046,10.019653833751422,8.323730578848911,4.092696974277425,2.522707695703523,3.4119027920872624,0.531182011595654,2.6403971222685185,0.9784879503083997,1.8042433219614773,0.41669452184547223,1.5463162307715321,-0.09917451030821586,1.3165963783184955,0.06741020980881116,0.978251628382227,0.23805578106862962,0.9416611393900021,0.07915248177368873,0.7698506886961254,0.008005331203004666,0.6919609587635601,0.15909258746355776,0.6021075194447151,call_1612f093f8b5,0,train
-12.283834757134837,21.350711663600197,6.96483737046065,4.642060173162182,2.434991146974996,3.9959279566823542,0.2642580517426566,2.5708090764750664,1.035087878132659,1.8943330012886295,0.35200668316139583,1.6284375367393176,-0.08598951695173329,1.732892119043441,0.604189862599039,1.1220157490260119,0.10514801681071026,0.9155439306069733,0.1581693006554612,0.7531920477077793,-0.07795051584719424,0.689709520740448,0.08350298271827196,0.6496281670111073,call_16581bcbc272,0,train
-28.700733818474667,34.29401089403236,7.0574948300722795,4.5516343633763325,2.8390313276537333,3.408543655504266,0.8855815087289332,2.3836344082203262,0.8158449984424685,1.7065485427585732,0.5569447709764548,1.4845496008109424,-0.06303138706007488,1.2912253868167594,-0.08158286206953098,1.138912892647439,0.07478532500548418,0.8223969619659305,0.166047419018139,0.8483753790238732,-0.0031214402995159325,0.6273159495127719,0.005920696790944015,0.7043301085070288,call_1761edbd6952,0,train
-9.507504667179363,14.703036492512036,4.934696909986096,4.08647885001254,1.949208324337231,2.6967262657452244,2.894460901825288,2.9860976027562587,0.8814839319489227,1.8995216981444645,1.5777881188432517,1.7507789309441153,0.04618825222989347,1.6433506745182287,0.4427235776053716,1.2775671274157288,-0.0835468868256416,1.070799087366075,0.12491545368673662,0.8290244194621178,-0.29555642768550355,0.708214065635981,-0.07915403752546274,0.585095642804913,call_181a5049ecae,1,val
-7.969647113203841,14.790746324353526,7.055045592034009,4.955851962668867,1.2811508285514144,3.037261439732209,1.3693377779604472,2.5223528379062246,0.6957193249752464,1.7019026358692626,0.9751239737419177,1.4764805937727374,-0.07691059737996672,1.320338789417176,0.5370063248487762,1.1795594423462186,0.16239090822021582,0.8708831130572185,0.35736481663875574,0.7301228617317518,0.0076346333370067646,0.6533045787018579,0.07223645606722273,0.6120476907258601,call_185e958a253b,0,val
-5.624642948736497,8.990423894771213,6.603907295106923,3.8788258509860873,1.127198978344822,2.712686511929176,2.013182636685288,2.5762873515393006,0.8123229142742304,1.807156662750711,1.8363467024294733,2.082597480208324,0.43249634120809155,1.6700952871228605,0.4348830290581757,1.548196961431661,0.44979956887352235,1.0426698181830523,0.5156073445798085,0.9139119255345438,0.24789050699876541,0.6705451813392065,0.18424037250449565,0.5775709859067638,call_186e9d6ee732,1,train
-9.62376752505235,7.435857341488085,7.30798673211644,3.4562536790544467,1.6789564736868798,2.606373261527931,2.799721939552477,2.2404414654909446,0.9104538917396918,1.7606965391639142,1.071703144518969,1.597777082745476,-0.001897093147418455,1.593738415963837,0.0021924118626379663,1.1347387311570585,-0.3205686537524577,1.0175851049421618,0.23897330894980762,0.8117985296697856,-0.2054405855597694,0.6963236627143422,-0.0063355718645085185,0.6384118576984473,call_189410107163,1,train
-4.353407189258551,11.035353047865417,5.780510721766929,3.760075998858556,0.2513885736957789,3.201839517745003,2.919409668830758,2.7357709723269514,0.13654811776949966,1.9223307520237514,1.5195459168015668,1.5945697064426416,0.2600952253807335,1.336293236879221,0.2150799584359545,1.1786383929029183,0.21417645908566127,1.063059719765991,0.21535573836938487,0.7922174727158938,-0.06808428641543401,0.7010436460481828,0.06493896857781477,0.6018765551554076,call_18bd3c505fd5,1,train
-11.38477655942723,11.6401149406161,10.392868827110796,5.350720197102118,2.383625848974337,3.0373085483822697,1.4516280253392944,2.249190933763457,0.2791765311591826,1.9281647828495858,0.6067940035460286,1.6421353198685311,0.331552981379032,1.3204905596357988,0.5785375167784906,1.0133726737585256,0.6238402703756015,0.933449762595471,0.5061206427552023,0.7575092321667362,0.45652684241023583,0.6889821139099558,0.10696086835679719,0.6031486562973497,call_198ef413fe4a,0,val
-11.725457598155145,9.816719843355887,6.178895977907526,3.972845669539167,3.0331333018564943,2.431484566739498,1.7728759805034136,1.9679681412694963,1.4295666148134734,1.4167367059708758,0.7086483114992639,1.341295244597761,-0.08841107358817821,1.3113006375781409,0.19746576642129873,1.0744817378674991,-0.24867745560594284,0.8550537135840802,0.29435659094137134,0.7161862412762656,-0.03224054046385868,0.6060039554546196,0.22007958409957917,0.569423762200299,call_1a2f3635b411,1,train
-5.914776876976993,15.654167659080837,5.514169991977534,4.639840342495931,3.009238033739571,3.466803753311435,2.6573751473976652,3.135891652656351,-0.08426499094100434,1.887768606908231,0.31173520400722077,1.841745087427292,-0.7584138638278968,1.561956949433846,-0.0877355827444144,1.1412549286222355,-0.8508669383073386,1.021782237064714,0.08210016104107568,0.8794471146504146,-0.3963533937895661,0.7240151547894313,0.006619237024334396,0.6363297942442598,call_1ad99899456c,1,train
-13.442519842835626,10.145060711775274,6.387055819098803,3.856645839077036,3.160592373080664,2.3603972326971725,1.8148148842356533,1.936508660431323,1.5644833362946495,1.5700109458000933,0.9589484861331554,1.3502963428400707,0.01037494010320452,1.3152082835188665,0.43995501590891695,1.1413907179998593,-0.13466912197756048,0.8895222226622405,0.42636853129116303,0.7678559715555804,-0.021718176622116857,0.6324841462062762,0.30843236884740216,0.5950259326493711,call_1ba56b3cce45,1,train
-11.020906879167384,12.271678784060406,5.28317116656628,4.815283366259079,3.2564646509765303,2.9996003778482803,1.0463081730161112,2.8743705271919557,1.24497844364643,2.0261839841419023,1.9005817227144275,1.8079323605856643,1.3321567346108332,1.3590313847711417,0.5612179561258474,1.152131425224109,0.6963650381239881,0.9580717683814036,0.8144086318556376,0.807315905441766,0.3181495072175812,0.6857303592928709,0.09016537259188953,0.6366167535795437,call_1bf0aa4d4324,0,train
-15.770623869994816,13.133653075346661,3.7601742084514873,4.219788974754749,0.6265784106789194,2.717384224088082,2.7732732055434273,2.472090255063357,1.6838953390259317,2.2533832511231804,0.5748271111427223,1.6954738826148026,0.7584471080621102,1.2765611923680373,0.24162888193106075,1.2130802426480924,0.23029265445981312,1.0688964863907988,0.39994544241651475,0.9573529528248546,0.1810024010780165,0.7353760755495917,0.17326229845197394,0.6279023911779548,call_1c1c0cce9fb5,0,val
-3.5199780442637447,6.185972655827676,6.774267491032446,3.266918298979816,0.3066692517730828,2.2478808722749095,2.5107360337189,2.2075915485789515,0.36685966709140205,1.9044716840935623,1.7238872675494326,1.5610486948316307,0.318867033241073,1.4610096368233334,-0.05278473286670753,1.353583803685396,0.10242049800914108,1.1482901532161494,0.04526623570244395,0.8612253882943589,-0.23013449831523863,0.7817806684805618,-0.0941810342155171,0.631963435601211,call_1cc930924760,1,train
-13.804649056953398,11.255712687488748,6.242159412256071,4.329157596185049,3.3187498648306692,3.5511642026316084,3.021511139892554,2.7708530137673013,1.6644987153764297,2.059103908664561,0.9489163231438493,1.755300072051458,0.2055338230649144,1.6212892937337589,0.2187653796993915,1.1642602319864521,-0.12539637291092215,0.9733291564548033,0.2997111666466145,0.8788980503169448,-0.19914490861720435,0.6733985049541296,0.21020670350927606,0.635106891239269,call_1ee2936b46a7,1,train
-8.423193697705482,11.467918708708707,4.707868750178331,4.491432030510459,1.470375065960472,2.5405256631062545,1.8624953014872097,2.6829711601880386,0.14393017564596616,1.7317485671578419,1.1325106012909583,1.6803747486786857,0.5189477325422756,1.2578615223208356,0.05509914012287409,1.0907335049109428,0.5791530181679742,0.9449158051330837,0.34600194064451584,0.6942867321153467,0.11476429660421011,0.6093053719557098,0.2338781954079649,0.51053614822373,call_224586045e67,0,train
-9.004818199058004,12.841230196278666,3.482753232920622,5.166143916715789,2.1443580510964617,2.905639632157184,2.101095433153978,2.366304594309484,1.6177985650039775,1.8810662306530157,0.5124682723156821,1.5955203774891238,0.6988726844235771,1.5152507565986046,0.05094921462924977,1.255502800893724,0.2586975860768971,1.1128808802924937,0.3304771927425386,0.8394201827499457,0.11083020603899482,0.7941569091120577,-0.010266761508287398,0.6310128215450685,call_22d0f235a47e,0,train
-12.253862661254013,14.641015464219231,5.3723025580018735,5.068773507814812,2.0209940907723407,2.7092097341323775,1.4722007135413548,3.2043551639871874,0.9042979242688459,1.7095955455315397,0.8306387980890667,1.4977779593696048,0.03422866358887791,1.2928218382930998,0.47099750443810706,1.1898354357040082,-0.18095622132861156,0.9328302798391395,0.07043201690717604,0.7727320413781812,0.10356374630045381,0.6725198997293884,0.08901328115520721,0.6259697097529505,call_22eacbc23d18,0,train
-7.185782364094933,14.04506452119823,6.479429646105668,5.4150867631098825,-0.6942338718696821,3.5007741549033886,1.273668474092024,3.4325957447739897,1.5454579266795097,2.1319836822640577,0.45918253249017055,1.6148299303366138,0.17765965119004073,1.4117334768177814,0.5474804057331981,1.1222372391642368,0.4192325863959092,0.9949261677174559,0.4011124821892734,0.9244991637965234,0.245542787011421,0.7526475759716394,0.08327674349102729,0.724841450659122,call_23991b635849,0,train
-5.403914924276298,6.846478408796199,7.03379544261148,2.7451385854485744,0.27854048858148567,2.1577992429976436,2.1591376796644086,2.0316868902245293,0.7670698377813988,1.8658957939654088,1.5601059537181399,1.6079074400825584,0.5876028739901551,1.4700977192199258,-0.03908962409177996,1.2697979810753908,0.118287821839762,1.1868277823649036,0.10786551336889455,0.8983893023517888,-0.14450231077040507,0.7582580375413868,-0.02578737811278109,0.6735806484778037,call_24e1989c4d6d,1,train
-15.507752836055326,13.10868250057698,5.546243223619706,5.056949587911017,1.6093927884623687,2.830193006405379,2.502547764642034,1.8946527303341643,1.1909821663428417,1.6654404200769826,0.8286677033840515,1.4495648094200728,1.5384511806658252,1.3231817287548515,0.7094632881379999,1.197701110652408,0.4831821444090414,1.1463443446769412,0.9210861348249417,0.8811091314556979,0.21007305557795491,0.7960301962765103,0.2720138557478988,0.648259457520537,call_253156878935,1,train
-0.6092203245418829,13.704891056131864,3.1369268115472044,4.186255588076589,1.8315506657914886,3.103766013360166,1.6552097445510192,2.967615056062452,0.5343797141376048,2.003658676945643,1.6268264871447553,1.919714213328414,-0.444259208087751,1.6423906752635251,0.22574993413275063,1.3858043706705618,-0.2664067457548966,1.0284227381387108,0.27441827473836555,0.9290958494728292,-0.12470260951045835,0.7988634858611794,0.098430351899426,0.6957176473064984,call_26be2ced1f65,1,train
-7.682353531616549,11.938254523292622,5.973596884356094,4.3629820311142815,0.10372387123486553,2.558471169453227,2.2671172015248677,2.7907327553118484,0.5069815128075579,1.5456183419719387,1.626483437793476,1.6099855549300075,0.34737553353364603,1.4990433307595976,0.4533116606307811,1.2165140453964896,0.21124405322636652,0.9397215583351353,0.29067251799097205,0.8272182431236205,0.1287354014412633,0.6846482622653186,0.2617075120792268,0.5607249712274635,call_2741c273bfcc,1,train
-13.777561399770303,11.857731809440898,6.703796726209715,4.954254213566412,1.6173438248614311,2.361153198933719,2.637392647836071,1.7591449104580483,1.1124058485710608,1.8012848965598294,1.3065299356445175,1.5948903534792336,1.3630750441323314,1.3632342486603086,0.497041659213853,1.1955820076679144,0.25573941242652815,1.1673982507379537,0.9730157000630195,1.0756772866843969,0.26985192615298403,0.7837145104537413,0.3044789525772844,0.611312938433582,call_290aacdf95ca,1,train
-4.9774738480599385,11.089844984389014,6.249379920008085,4.415725755865226,2.0810507234828424,2.9379317612532283,1.0885338215267035,3.0149698141934334,0.3832128624824167,2.1256286543228526,1.0435469750149644,1.807310862550968,-0.32103640669395694,1.7523617721900395,0.4849217416586227,1.2534044202300025,-0.39413424977394107,1.0708316646055,0.32434423308642635,0.8748849874335682,-0.1829576400260402,0.7684692384344394,0.1415989008105422,0.6778124139084598,call_29a23dea3118,1,train
-21.13626950082259,16.8011504395798,4.417436603997067,6.917333757552193,0.6622526999059035,3.2943098078250497,2.013467155032099,3.295969255075965,0.1864155916680091,2.124079743136847,1.423578896016279,1.597617686568553,-0.19739037800728448,1.5168574432502737,0.48123664380855685,1.2836998604273764,0.18110767636179925,1.1431606534221108,0.13484153627541626,1.0321126520166486,-0.20528834275507496,0.8627242601807272,0.0381557668623876,0.6846189341387213,call_29e423c5b8aa,0,train
-4.2289445974924735,11.292245444654625,6.027441595454594,3.71631246278679,0.227014864842898,2.7500121446114596,3.0211380113294473,2.527255467910424,0.12381744429492678,1.8692927516883573,1.6228190540528304,1.5772318437876778,0.2817985194505947,1.3997601577589498,0.14881472084570582,1.2583933273583512,0.17138837264420798,1.0406417539327857,0.21723622329881406,0.7908541648625301,-0.07575657329668779,0.7015772068765128,0.03536080727265389,0.5863007297985953,call_29f2b21b3d8a,1,train
-11.121925763813618,11.383073881308531,7.110512629058471,4.196967707358323,4.645738356725901,2.9700756399654575,3.73526570809378,2.6971617028842947,1.6529300085242784,1.607882553317872,1.518706618072461,1.3912480814834145,0.3973522474500378,1.1928392350203891,0.5660057616446619,0.9997104591691273,0.06454257589394524,0.8438935115554539,0.18954343487803682,0.7513041504034047,-0.08377274894089166,0.6643647546074817,-0.1253382554488307,0.6282850430576927,call_29fddbedd6a4,0,train
-9.131965682197862,13.526674101785943,4.537738439894574,5.116494145135197,1.232679362414911,2.9362575592411972,4.272107864902095,2.25645830583775,1.3688137043740376,1.6474421832866388,0.35503721217344525,1.664978774154636,0.8710598880549478,1.3962993979352454,-0.05838286690491376,1.1292374428989946,0.09950923291978636,1.1690984880605488,0.27249733655556,0.8087443368967266,-0.06544008642961813,0.7091044898517426,-0.4210259837608624,0.6798872596080764,call_2a34be1bd407,0,train
-8.428904841937841,13.095308490967286,4.610007967617857,3.65086943916947,0.6041278586246013,2.2613626949384646,3.1311185346395143,1.6750149621823802,1.1049529609216813,2.1115606545883248,2.102666520602067,2.049256127600132,0.8050105745461396,1.4421446033337921,0.07117303095427371,1.2849442061012826,0.43674173614615064,1.1718007157735555,0.4258038099040914,0.8416170314231066,-0.12261979214835883,0.6752737313314631,0.0020520867882976024,0.5916593425418394,call_2cd6a0b37e59,1,train
-12.401945205208524,13.087147679399637,5.33218604314912,4.859435465597256,2.3463664737479424,3.0782597535987524,1.6278945282923507,2.8037741850363544,1.7901162028514959,1.9399133417918841,2.257306595625077,1.8687351025236751,1.212445777569902,1.3700848180815355,0.4533506348682384,1.0889787677599434,0.5877051242473665,0.9892170771458576,0.7266662339529439,0.8566843344229345,0.3124604896320613,0.6605927304086897,0.16550474761197898,0.5846606288374783,call_2d2c74bdeb7b,0,train
-4.466220515081215,6.451298777680633,6.733111585263758,3.021539475827125,0.937619960134735,2.2264317306697268,2.228532416568993,2.2775038828212293,0.7964615430402824,1.7878763830772455,1.6338180589230908,1.4929673870012206,0.14567882226259166,1.5499032672803488,0.060595316736088076,1.1856626016093217,-0.29007079106741196,1.0590521043312946,-0.18780009749203364,0.8573203298271176,-0.4886448015660393,0.7379388400996919,-0.1655717168579729,0.6622522771048397,call_2d4374d86df7,1,val
-3.8352833080816073,10.29359228791892,6.300535872537255,3.856501234814818,0.017598312076136657,2.9293812821173586,2.9280456345303056,2.572464875441619,-0.1588450296305654,2.1466116638659307,1.6728725090206646,1.8106617309438164,0.3231811148082833,1.5001370478653342,0.24558347210779166,1.4462538642856817,0.5730774168935951,1.2338344813710602,0.32859976451446427,0.9543166336612041,-0.08709067736151742,0.7487879669233651,0.08671852632847499,0.633095941092724,call_30c4f6565eec,1,train
-15.778266943700139,10.55039298737245,5.23548134111613,4.109855326796731,1.1828378690829018,2.1341901528666924,3.7990659603053776,1.7322821964620394,1.4421953497388877,1.707405562645049,1.494647674826532,1.684393789459916,1.6395349007145714,1.4549306650992893,0.951781804864545,1.2854984361047268,0.3545963118873451,1.138903444829568,0.7638291147361217,0.9086644819506071,0.22685329296417764,0.7364545093022212,0.26502201801692277,0.6197680908353159,call_312805f2b67f,1,train
-23.46238659710321,30.601306025072137,4.645468773278934,5.0888167428475946,1.4170665743358817,3.25209312401121,2.033876003221546,2.6510646084185163,0.9627266865440502,1.8169131761459043,0.9267447539213658,1.9419495066892476,0.2783841264967535,1.827598520503537,0.44187267215201403,1.3380881759223726,0.18779181101336567,1.0388785653032857,-0.023814379478155637,1.014131009674001,0.0575725036443023,0.9177165504381513,0.07963475307977488,1.1958131316400271,call_3332ecee2806,0,train
-12.041570536198984,14.394305604180506,5.288785220674606,4.317339803874683,1.1353598472943307,2.8764051854013704,1.5762662640845384,2.6584925469311402,1.1229336771581528,1.885284431017994,1.0199288141282326,1.4350785432794706,0.7355657552204498,1.4804597574470473,0.3469846062355847,1.1581121235173513,0.2637267865278214,0.948140743588312,0.26124585935236655,0.7345963948562517,0.18347655602359264,0.676756318369711,0.1334530230401711,0.578272384496045,call_349b9fddaff0,0,train
-28.73230736702073,12.659603601981237,7.101099806310793,3.8032505923072146,1.482896910181005,2.6224592146099868,0.3809832858242128,2.832239843717524,1.0350194158486352,1.72679136372527,0.8843049580346687,1.5381636715928824,0.14692840421292086,1.4618732293004906,0.32244435813780187,1.0920453863746444,0.13327409083335615,0.9257710964449343,0.18219832705857536,0.7714002333646495,-0.02704490387056216,0.6798456062183008,0.08318926479081488,0.605381832855832,call_34f4c668dbe8,0,train
-19.55459840113148,26.524622560105,4.059368113156901,4.724930817714966,2.1362686848798855,2.9588786436806065,1.7711109679215316,2.4962460068402543,1.2904792205907236,1.7401475402308977,1.2143992945941524,1.3697009535587787,0.4056199155697562,1.2568071773685976,0.5155396979108762,1.0946259513029397,0.3323906048890448,0.8462743217177927,0.2587891937418666,0.7516577783145614,0.10481489536455595,0.5854356464367151,0.11511226631096066,0.5902390665441984,call_35966c559fcc,0,train
-20.22017901289528,14.2185474806601,7.3270305005181395,4.171950944163179,1.3477910895652911,2.767206316884462,0.1406219354873692,2.6019218174811076,-0.8878313484939719,1.9203116891088572,-0.0410807831345331,2.3590487875054014,-0.6424499180632717,1.3186607950413525,0.01938295173715389,1.1590103819755815,0.024380815107156353,0.9762901392864575,0.030987288805850277,0.8443134144618049,0.041851773937026465,0.7102473622938268,0.026793401008535583,0.6675763195502551,call_36640e327eaf,0,train
-8.32387366964004,13.110231761917442,4.916123666551899,4.514956367834215,0.6490992964584597,3.354221670098477,2.7157717175211804,2.579332077233197,0.24369229577239893,2.110758037458453,1.4548176211400898,1.8828726836641436,0.741668595617554,1.4928351379606621,0.30724281980869617,1.380335059866186,0.40466181007253316,1.3111217156199924,0.3935741416708428,0.9555362925154715,-0.031145577885391747,0.7890434927338082,0.11422095092636442,0.6151177282791294,call_36d72e4b1aef,1,val
-12.35939304628819,11.346541721868713,6.6878007052753325,3.281775083461419,1.1019995620650493,2.038930608088856,5.278344648462385,2.7974082371225486,1.223874640245264,1.8066942402877837,2.649834199645655,1.7487771183970204,1.1736265496590894,1.6093087854615646,0.3923141340437304,1.5312295144047547,0.20000674845052774,1.320171857609854,0.08348420394784839,1.022456818965909,-0.186708143413382,0.8509966833140679,-0.3753124844739362,0.690558874995678,call_373750027ccd,1,train
-10.557761191790233,6.711513978486335,7.032197616820942,2.7224315823517746,0.7115020395618372,1.8229577080845134,3.684289136015853,2.5296952275804823,0.9605484851234438,1.9180152559105932,2.211473915778531,1.6998952894097261,0.9001128214999643,1.5554580162277671,0.055718011678140084,1.2167510417650813,0.216615243312144,1.31961353654156,-0.11516194023050333,0.9547593425207738,-0.29971588337169075,0.7875195681700431,-0.2584890327058519,0.6939556934096056,call_374f870c8124,1,train
-1.6211487986587663,13.404411089035047,2.4843614431112835,4.0672447861749985,1.9820886779256266,3.02403506237337,2.674776994086705,3.0710309308839685,0.6654008583681867,1.9313649939327158,1.5696078346702351,1.9305258781441552,-0.3276522622271326,1.6032936737195143,0.29533852398350313,1.2719296454898121,-0.19958708969248673,1.095161693651688,0.357542052216245,0.8558026314291167,-0.20344575502404674,0.7289389577068841,0.1208559446703692,0.6852217998722478,call_37e63dcc8185,1,train
-10.162794327743837,11.054047491809323,4.429589556299843,3.88086159243887,1.173544723724917,2.193203095870891,3.7592270029501598,1.49013237032594,0.9356468463800898,1.7392836850930566,1.7195099082542011,1.9059181346177674,0.8504330052143454,1.343818897151053,0.23930927912895433,1.2065289982961644,0.3886943451316993,1.1240355786100393,0.3434175126177622,0.7606763285496422,-0.05447734565859837,0.7086703857166333,0.12793770608589344,0.589149201870552,call_387c5493a07f,1,train
-3.0663844976660615,8.32737997363809,6.4819988137306925,3.6871650858203395,0.21071569168580243,3.0455974960850103,2.879413605448817,2.5669081922363244,-0.23369211088174346,2.1414429017806076,1.809164946405223,1.8362332663876413,0.19677527967957636,1.569452519386938,0.13816808512974044,1.4815508330122142,0.39963057545314296,1.204318530015419,0.2687371992688462,0.9134777273696754,-0.11084088127309412,0.7416848206904623,0.07324349592610913,0.6587363779793372,call_39880aff21ed,1,train
-10.179574082264523,10.45829738346907,6.80019606020914,4.634240270887641,0.8776595072136422,2.8411771926694036,2.954563160584714,2.8274001814432745,0.6706709743307389,1.843596918728777,0.044769101251784016,1.3257998507961262,0.37964309983174094,1.1265460497391162,0.17090120609830006,1.0795743482250177,0.1327042442062744,0.9300594958856837,0.5166351423422089,0.7141174461207823,0.14121289787916436,0.6141297840005507,0.14480329259622132,0.548546071589046,call_3adbf4ac0f30,0,train
-4.496873359375259,12.93056990150602,6.399494280416289,4.299117735695434,0.481626791001793,2.6084074461281856,1.1820592221190989,2.6305351542957567,1.055855096042801,1.9651380482874587,1.3586139764280856,1.6499916523724907,-0.3391730367764387,1.3819349919788892,0.13308399927103168,1.3079512530140074,0.7280629745026614,0.9050119663347522,0.4918501963106172,0.814899429675392,0.2892770818151908,0.7334757190359379,0.2805264273159781,0.6490159143064201,call_3b1bf9fab29d,0,train
-12.22441598084427,17.065506786516345,7.2167329587250135,5.076503606898888,1.315544421894177,2.9526392374808204,1.873500881953849,2.6105637060826834,0.770847272074672,1.8673624490397558,1.0013349463629981,1.4764252846978174,0.04306119435600462,1.2270127110820948,0.46037675058681415,1.0005867792878986,0.2395467143983505,0.8141835327499468,0.23233709841634032,0.7011780943585718,-0.01651998082608145,0.6195212112569239,-0.005229903688148685,0.5859679905992116,call_3b9afdd4a2df,0,val
-14.7011159647271,13.501188624806018,7.536087081736669,4.68074496896174,2.058974336242434,2.7100150351450414,3.4486354341698435,2.5936790532769356,1.4335649667668733,2.235612342355751,0.37230778757667227,1.8050343583830646,1.769596907936938,1.6133818632124552,0.6769163685477477,1.340470139045294,0.030254770037905776,1.1044919152509756,0.5377623994691874,0.9734148712716453,0.24640631326410437,0.8144074509955659,-0.054863235050416584,0.7196825481965493,call_3ca96b2dd5c4,0,train
-8.850316728165831,13.657099511593977,6.171530568689549,4.57796315018576,0.04647932819845943,2.5869713909037655,2.2413440937167493,2.93427297666104,0.3622988257346101,1.6923345786943604,1.3944334155682574,1.7335306863181876,0.17581433771256386,1.5390155940794745,0.36184179379233766,1.3390952010187616,0.08066105627940928,0.9920769527871025,0.2247470303515544,0.7868342159151449,0.06840007613550277,0.7024548762353283,0.19686848813843713,0.6120954530541248,call_3cd08cbaf55c,1,train
-7.699040183902654,11.47907767237692,5.076140722840962,4.43951363484689,1.538268424472245,2.4180049938974784,1.6948947559729683,2.5504918232067206,0.23598575820149148,1.6842915899325952,1.2105262009276698,1.661352649804485,0.4647198391020071,1.2176094581587915,0.16885009442102356,1.0932176912170464,0.4369092514166597,0.8701738420178273,0.32539199831094723,0.6833011317053737,0.06726190662856248,0.5983194123723131,0.2105565011828833,0.5115456146026568,call_3d69be34ef44,0,train
-8.644562807822238,11.46844301365154,4.66868242041026,4.32105526549688,1.0942581670140956,2.7575481248221667,2.591789029484245,2.880065385677603,0.7331811081009431,1.6860884204840219,1.308231735968829,1.6177224989165673,0.6695005427749746,1.2536355307496436,0.24373398612348862,1.095407417108244,0.674849382040531,1.0012130125381349,0.4330324991259082,0.7433729539115246,0.05347556538025344,0.6276771021749172,0.2856255886625882,0.5486854217911719,call_3f3ac4984431,0,train
-8.078147686192038,13.735256920569894,8.453777762490796,3.4880775481139077,2.3576359625873775,2.233720863550986,4.003895564580558,2.7575771594594705,0.9495341899390674,1.7559904551285048,1.6286983625692735,1.630688332256748,-0.6644867244197736,1.6142846521489085,0.05253774434401618,1.1609404625163264,-0.40562809996531535,1.0264717666956351,-0.0030310850256944216,0.7870056717752358,-0.04234187589874698,0.6657890509735976,0.023774136221231056,0.6377480265832653,call_415d987a1504,1,train
-2.5805665452378914,11.942502480203604,6.2909816565304855,3.893735074671824,0.08706174086928646,3.208525727879214,2.9101813689807283,2.8293342287908643,-0.22560165318138994,1.9713114708662518,1.6734881586460781,1.718913380768525,0.16650970042291335,1.5202412013556048,0.11882501006757142,1.553417986600625,0.3088002939187845,1.276166787062424,0.25723509936677036,0.9451104221497698,0.008087239777911618,0.7506539658406617,0.11541004128165501,0.6709630095972684,call_41fc5fd779c9,1,train
-11.41725898752328,13.216329025048768,6.545715926647857,4.400004581869126,0.9172847205353051,2.7062041077006387,3.453137871752537,2.718224237257417,0.9739514209310712,1.7274090751642286,1.389419991298324,1.6956561209471677,-0.3701714254420201,1.6900606079145983,0.15954377949398507,1.2486489485260892,-0.2908861792876365,1.0298316719171317,0.046318149724314917,0.8531519155786609,-0.07471753986471988,0.6884985120729569,0.013669072380754547,0.6561462417998861,call_450b4e13468b,1,train
-9.749436834868277,8.635340243020217,7.971467645982456,3.500070475641659,2.738562475774569,2.3954311263306707,1.42655282932768,2.2262192683875512,0.9502298974067519,1.7089916204083073,0.588949847713931,1.3626181253346783,0.039829883591764634,1.3665270681589834,0.4300876672357109,1.2422477402022263,-0.1797073335718511,0.9366134596169496,0.42914643870440394,0.7544019369258834,-0.06805463845930163,0.689584986306209,0.1550182591527155,0.6014163903549522,call_4789ebd9b148,1,train
-10.421785522680302,10.735397905975253,4.81554499991784,4.416975798313844,0.9375898489172958,2.823800861466072,2.1894200807958666,2.028567833138366,1.0457568941964812,2.1248198238447085,0.8165170494812413,1.5565226577270412,1.1568984112207872,1.4636356784506122,0.48890516011962604,1.2692654818725555,0.10566608567942481,1.0608182696332273,0.568043599825284,0.9798101723414058,0.03719686115434327,0.798118498791039,0.11400113707747635,0.6436765323091879,call_47bef2f628eb,0,val
-19.68566914129392,10.256402704072917,7.751709388261558,4.62172104386826,1.1414532549310197,4.025016261639528,0.20746510758272058,2.8744890528531286,0.4763452362294963,1.814439766836746,-0.08353124756998298,1.6711630538494873,-0.23036796812480287,1.3311940031802578,-0.003741834757396492,1.055388960593096,0.37390544379727964,0.9572392424954024,0.2940643065167352,0.7335532219571604,0.1368605508830968,0.7026093786533231,0.2175097915348792,0.6188446526426118,call_486215b37ca1,0,train
-5.8310355806167475,15.608179778967395,3.5296609869150175,4.246128919293076,0.41986088536396093,2.838902659247086,1.859737842966232,2.871139933808302,0.24620136199012732,1.843590414962044,1.2237873490972444,1.739578970646062,-0.17312554289195287,1.407472213501995,0.7719299494668279,1.2171773240617227,0.6378193991176757,0.9448504312788122,0.6076900340125925,0.8177006899179069,0.4200631943568553,0.7047343327859066,-0.04990643237231218,0.6618001712240577,call_488e7b893457,0,train
-11.852364873811121,12.522986178299615,8.189121842371371,4.195655132357475,2.946422171457372,2.948979416604224,4.0667754026466145,2.74543448046046,1.8174864549171228,1.624439172915731,1.4562016420461217,1.5097302178808223,-0.45704996459108616,1.49964240501693,-0.3456439249783612,1.0823356002228877,-0.13366123167345345,0.9043401053808687,0.023783991364537627,0.7801715043933511,0.15562238946590878,0.7125686548960788,0.12882415829905391,0.6014961485707341,call_4ac92327c83b,0,train
-5.870737592251894,10.650877990721913,4.780348675746385,4.241030298969348,0.32433507158527636,3.134438675267523,2.890335996189408,2.625493800813806,0.41057279499058313,2.0376031680730895,1.400850411649139,1.914817510155544,0.534939149334283,1.6384430384293587,0.20347681627939507,1.382532364688423,0.3822587552283565,1.4238518932138249,0.30711548512170467,1.027778297387796,-0.12053883083891391,0.7735574089046902,0.09428300999432017,0.6421312301616433,call_4affad158a4c,1,val
-9.081370501763162,7.580751660086857,6.284833509166954,2.8833979572438797,0.466637014721508,1.8417853438306993,2.68208149019552,1.5886309324482335,0.7769637907203708,2.032507683331621,1.632449565109906,1.7363691568698243,0.5211049442939971,1.4302882052438781,-0.22099756736907258,1.2439564357076065,0.033511001993727224,1.1486347210791898,0.05781163795741574,0.8935190225760721,-0.32493806828393584,0.7523631868338225,-0.1096683757055857,0.6741429703613422,call_4b1bec58d02d,1,train
-11.522798645620215,16.72659652414804,3.5565620251449355,5.294750935222907,0.9823379210488381,3.2118814260116992,1.6103153466507714,3.6313410786201965,0.5438626482849893,2.20147261820447,0.5578815554991964,1.739834664690974,0.08568295754438199,1.3788319882041338,0.593614092523864,1.0848743095221347,0.5389806670221173,1.0015356352964058,0.3288773439499827,0.8811032935960301,0.2825718695400211,0.8012308592539406,0.2492759819300806,0.7128896762555598,call_4baef170cf46,0,train
-12.333876338031763,13.06436812800209,6.6528076752838885,5.0552758358207175,1.469947579320133,2.8231618881531095,2.2117216935309227,2.7216460212436058,0.5122787312123365,1.8490600640811328,0.8347196911083237,1.4975602036949007,0.6531420758278704,1.3600418607229423,0.31468353986415276,1.0334129918043666,0.27454078670963045,0.9983285927146415,0.638251974682304,0.8436475646821755,0.4244878980969523,0.6328793296087039,0.18138202877219214,0.5651551596398843,call_4c278007298d,0,train
-13.19545287385985,15.742130289557975,8.358744046254415,4.484010976133098,2.8643580192034204,2.7261356440797098,2.1186015303155346,2.288286807029819,0.28819611005221857,1.4532336983924847,0.6648952637964456,1.7574082711656482,0.7389489398805034,1.2400330246235283,0.17578361157143343,1.1071857975069426,0.3328389963347671,0.981801124961507,0.42340332189100877,0.8139415219854744,0.10903890281486059,0.6603720595214362,0.13441887314371492,0.5914264909403137,call_4c8c40f7c2fd,0,train
-3.8136726976821307,11.179999619955877,6.506332396989228,3.736940580226136,0.06866061568236959,3.100184286704758,3.1732601127066253,2.458892595746965,-0.13684724295700268,2.1015124672970766,1.637565517667407,1.895677837855341,0.35141689353120265,1.550149239320653,0.1622397367715169,1.4510734398802714,0.3389823578495562,1.196944986356954,0.3983247294728083,0.9613538869964736,-0.04966213026304032,0.7409150480846052,0.06413179421281823,0.634383706875175,call_4cd5b14fbe3c,1,train
-2.8997101109471233,11.543844832147023,5.849156348672531,3.912830159887026,0.3637159766706748,2.742555101806345,2.9635031978572024,2.567103741729517,0.027247874952458048,1.8920163958934042,1.818303682714336,1.709861905223999,0.2932475501622296,1.4874279325514252,0.20980161552688326,1.4111861273289816,0.29599589585758046,1.152853543808051,0.40339402362879523,0.925421369718605,-0.0672281308145085,0.7340972947185218,0.05075868579513476,0.630029931784893,call_4d8129939686,1,train
-8.819155781687972,17.36795045430859,2.9351548948287443,4.821155012510717,1.6521630812700292,3.2945010124233316,1.435860516637064,3.0584769669474134,1.0356231137991845,1.645353489011055,2.112019966830526,1.7084881632565894,-0.22193500013368395,1.4138218499718174,0.4715423058065592,1.1369056458312765,0.48991672611354536,0.9359736264841942,0.0823340392328451,0.7630936926660032,0.24706316471861123,0.6344146536008384,0.08412029077331724,0.5558256884012494,call_4e60206f7e8a,0,train
-9.369612877465826,10.102563779087436,4.072251946574692,3.809328058268289,0.8686772440797288,1.9921926813745041,3.9086412875065104,1.374860812491411,1.0956918236547484,1.7692685092868223,1.7937178535706444,1.901835110128722,0.5974157080563827,1.4065060493778423,0.2578865981348538,1.2267794861436816,0.34722719051884143,1.0945178328355314,0.29498165360616635,0.7748532679144757,-0.07244652221175385,0.693726887106786,0.15391517660655307,0.5294215002057115,call_4e9cec0da4ea,1,train
-27.550819953264625,13.551299367275796,6.711093164673196,3.984645787578834,1.7525944667121465,2.8231712352363516,0.5956166344396232,2.930142186343734,1.1498705355963148,2.0361796909511134,0.9218200871483574,1.7464133140834455,0.0807725858407165,1.518334559593902,0.29270349795436096,1.150006243572527,0.07057605103093936,0.9505146843782387,0.1373393203232337,0.8065837809688438,-0.06254911302528857,0.7475984881986039,0.06730400883003562,0.6306504189525564,call_4f0dad5104b3,0,train
-13.6015662302623,58.000970826156255,7.428566923984835,6.099326742176836,3.363499796396308,4.415769150046142,1.6684620043450153,2.7468193301538837,1.3672576144088917,2.306766942498591,0.5175231832713474,1.9666605218893158,-0.24021867823931545,1.5663364603861323,0.15426492763040484,1.5053879011914015,-0.044403019143862424,0.9907769461906213,0.0896920481488635,1.2469781051639832,-0.20997615514318274,0.6971815201601481,0.0032330965667444374,1.0226840900180674,call_51851f91f064,0,train
-12.950286312476651,24.146253600896383,6.520675764367797,4.296081111426273,0.4747719145864372,2.991885141116737,2.9138417492823487,2.653219528942948,1.56268184714058,2.3255991583820768,0.6576637732686126,1.7814972163774156,1.5044799102655446,1.6159361115238224,0.7491841477800674,1.2768747269911331,0.47886446685698314,1.255725653021286,0.5982323735749646,0.984555508985048,0.35790955761940724,0.805382405951105,0.1879150084441529,0.7506876597989701,call_5273f6be303c,0,train
-7.0664847442561385,9.530026126208659,7.473061889069487,3.7168532731508765,0.584571239352601,2.6017332911550666,2.0325288706539997,2.6517186667052384,0.3290989044160776,1.6246928456276055,1.276683925677779,1.7946435076584237,0.1273468543620536,1.5713586435835583,0.45445847314224186,1.3648537870620296,-0.007261572987480425,0.9862676131907155,0.4136862022417958,0.7848522058118442,0.11160825546399245,0.727829241251874,0.13648033098372112,0.5802384882207235,call_52ba7c3bd761,1,train
-8.070992069407009,12.7103463600754,6.081031603607787,4.460430092334861,0.17430425571588704,2.689460442725087,2.5997743343956614,3.0128972310622175,0.5214636245131892,1.705964157044671,1.4553488582883964,1.7733021743014945,0.2863470166825479,1.6807890821346316,0.5166999101308342,1.371827849312347,0.06425808150116397,1.0542408252669175,0.3155753253694386,0.8627192830629415,0.13467916804615268,0.7137156294900502,0.16150477982423705,0.60226964096338,call_52bfee0220ab,1,train
-8.707495781949692,11.629331580698436,5.793660956480411,3.812875539618134,1.1475378388541218,2.559669172304487,2.728379008243568,1.5415849950292424,0.44104737024439755,2.091325355417813,1.5545982490023182,2.1005916952010906,0.8679353066942349,1.4175302509123904,0.28673559574124996,1.3506121665279278,0.37708859996920785,1.1565140011841704,0.4939199687934067,0.8799079069480094,-0.006843443334962786,0.6837856681787701,0.10238054421049375,0.6158535931135886,call_54a09817b7e2,1,train
-13.196784810310069,18.03542287014777,6.146606599303133,4.77585904014415,4.065937255283069,3.2337266954197537,1.433729375948935,2.4637541597919332,1.4574089566446937,1.874865249684121,0.605884367882112,1.615714024057967,-0.32477638943028514,1.3235286812587954,0.16155158121995894,1.1035104351959302,-0.2378762639643489,0.9835583664518007,0.16772629940951367,0.7797531902956845,-0.170348798955804,0.7305025889808133,0.09632660987416161,0.6083261933298657,call_565b6523733e,0,train
-10.047444021596032,18.565299268033463,5.287033062809419,4.616541590074268,1.8329627820770393,2.933707163238875,1.2598454763363665,2.8032635076963794,-0.32366712588894936,1.799157025881799,0.3239801435848517,1.6666068081315057,-0.31058923397949334,1.4512635618452896,0.6692801728900983,1.1582434635089647,-0.11205271695092464,1.0220829187053153,0.10151901538591804,0.7867264795177005,-0.061025775577992825,0.7168800173152761,-0.015196205819014041,0.6607523383872794,call_568b5e814bc3,0,train
-11.690324224911341,32.77388997137586,4.6432197118100715,5.210907186998209,3.156601844632573,3.881870006752128,3.1745726575857223,2.925558697762753,1.7243358630816163,1.8903301998957576,1.3981209194294435,1.5606751718204248,-0.10446300458989197,1.3711441756979181,0.13652247399115686,0.9908548420579197,-0.18488853287699492,0.8108150870489672,-0.06935131174153455,0.6950452846307218,-0.2653680472730946,0.6442836157469328,-0.08139707545750142,0.6568892563967803,call_569ffb0869eb,0,val
-2.1278044964657967,7.872205561151976,6.383010823682188,3.5042536735551026,0.3022951154415988,3.41875138661462,3.0421350756925696,2.795540148775697,-0.049342283462838865,2.0331459888362704,1.7583894326542955,1.8023496076409165,0.35252042950624923,1.4814752537022629,0.389241927836334,1.5570674698283922,0.6284670205537706,1.2656443557088086,0.3849723801177015,0.8934215789193156,0.028300437220774848,0.7760803304856662,0.1053478745937142,0.6748266718765698,call_56f58de34ea0,1,train
-8.823737000645554,13.789467000605363,4.860467518723745,3.5714775995211236,0.7290430239369472,2.1828046629775857,3.244896155110167,1.7038627332968803,0.7750042854833687,2.305706037088608,1.9391659225673203,2.0625685135127747,0.6398487808808349,1.489985839742753,-0.10236433297924086,1.4115743093769082,0.22017508080033837,1.1708399613362332,0.3492892308150335,0.9519495744969579,-0.0995812574403239,0.6992324350535893,0.012244135180733473,0.600225846823923,call_578504f9f39e,1,train
-10.949722370857515,14.413403288054544,6.2790560856593896,4.384564991781224,3.343731851006007,2.3613912870395635,3.0353986797303776,2.3191227643753902,0.721276524113146,2.116517401372924,0.7336776440370838,1.6791061838281092,0.31408168165844963,1.2480663462275539,0.28537755397464126,1.3191536209868118,0.7418356786811904,1.1709445572187436,0.24262216117730226,0.9491856262297736,0.06858174986449173,0.7500172119082132,-0.14367469555696796,0.7546312243438231,call_57f113803718,0,train
-11.87473198976319,11.424007095011365,7.170860221604196,3.4320072915867144,3.745943514989807,2.641939721767911,1.960031044089626,2.2714583724436617,0.6689053657588935,1.3928879622881827,0.13130590968536826,1.5038174507113833,-0.9290927263223049,1.3846344767242535,-0.2018897994533359,0.9849943600112825,-1.0659995688095563,0.985794814924852,0.15072476620935388,0.7531654872382972,-0.3339994191920545,0.6612894077696784,-0.0033865368727561407,0.610941015506058,call_5823cd70919d,1,train
-11.166417476484941,13.739067647363553,6.439170159291726,4.415722184987636,0.9413498648802545,2.9036451942216925,3.451019717736237,2.9285270993203136,0.7304266051931346,1.68329931472447,1.4794773464553463,1.620363725046083,-0.40310429248374857,1.5945001880860137,0.18287211488650099,1.2969357967101094,-0.39731257691687827,0.981839105691379,0.12287141888879105,0.8257224384981933,-0.11804498974990763,0.6987629728997988,-0.01228703066350817,0.6298416725225714,call_58a0f7394bc3,1,train
-12.820932584988737,18.947812366233755,8.824507540578022,5.14555418121751,4.431145098124583,3.139138082406166,1.4332502652652015,2.5874610342722355,0.8161840484016751,1.8257368081001395,0.7352165337635754,1.5549272262718925,0.13772828340322305,1.2623407227043681,0.18078826172075824,1.0194602999816644,-0.2150252825391687,0.8919187814160575,-0.04879100026159436,0.7113494918614489,-0.16732725569961573,0.6256521885483011,0.03649673346397096,0.5764033434584558,call_58ed2170e352,0,val
-11.487230179366252,15.08068509618766,4.552058840674864,4.8496936858445165,4.54619761713537,2.924754242151719,2.738409393556152,2.6926861728652627,1.1689075574240757,1.5634947731594366,0.538223361119293,1.552614501845449,0.22194483916169688,1.3233523241670673,-0.037101736914981115,0.956539669495062,-0.0692807291251874,0.8822689476261997,-0.032124399962878525,0.7480114880883499,-0.20877813854870253,0.6606650787239013,0.026240592808235402,0.5576271015374349,call_5a6307557d57,0,train
-8.167948069675807,10.477199946758228,7.154813087425944,3.489642951583028,0.7539900254546708,2.827059480816848,2.2798850634177414,2.285227568895548,0.2588302964946042,1.8838632534066124,1.4899196573768168,2.089689880982338,0.5531934361318437,1.5303858416190304,0.22571124886523158,1.4061964670052067,0.3503263018338067,1.1309704793815654,0.5721706440536021,0.8403492456643715,0.18054362446596472,0.665408011598783,0.1834547645083925,0.6219357108789692,call_5a7a7e3c9588,1,train
-29.0645436257268,12.45200974756789,7.807283373554843,3.884759888513201,2.2007782761170738,2.5534725172934656,0.9069312341865715,2.5327300228526903,1.192057607324811,1.8231212129042789,0.9733035133618229,1.5455320453391062,0.21851877130668068,1.4568437169813762,0.17937218273377015,1.1605425065410329,0.09065621704218219,0.9887295393693036,0.25653247117412004,0.7621269716268092,0.00023721662207204378,0.7660876776290876,0.02876353893306488,0.6975237653053612,call_5c9d19646f57,0,train
-2.3614884303058017,8.02145578219019,6.898819593121298,3.5583526513767967,0.6274121749223619,3.010334701631318,2.960001716352377,2.506011280932188,-0.42561306609509175,2.061949981896725,1.8666270107087977,1.8818318766007711,0.4576483792335975,1.4694138209419076,0.3743409131121561,1.3841013804645281,0.5203179374391487,1.1651722167204825,0.4118992709383453,0.9449674777427071,-0.11300749880243888,0.7919188681950804,0.0644706597717314,0.6419350736690514,call_5d86f0ca06aa,1,train
-6.616394234471175,6.433310940391061,6.837345349312766,3.24002288301298,0.00959375990916286,2.106087650389528,2.5265922208894156,1.8325145672726408,0.8057294523090135,1.9158019696962747,1.2599277391601333,1.5193660274940424,0.587664961724288,1.4330313971620068,-0.21799925829335676,1.2170369374586605,-0.1405591554867179,1.2242322770392016,-0.048141504653666914,0.9059632734978711,-0.33930663798162897,0.7510848436897483,-0.06647023189647126,0.6674870685080482,call_5e4539a471f6,1,val
-20.686573377925235,34.99576815404521,3.375485337341662,5.197681875377259,2.0923043299814656,2.8139707107821397,2.0676556242489466,2.3378702847417285,1.545982699945473,1.7115471175752144,1.243041269297585,1.4071438250957304,0.49069929248521194,1.1551290638349514,0.6406693434675788,1.1091013160960268,0.39050458924033365,0.8239583013083575,0.3127799603442511,0.7139213788124724,0.18680060717240782,0.5893408732325184,0.10162603351605118,0.5417986045114853,call_5f7a4b3e8ca9,0,train
-9.11531869593398,13.619383068132386,4.96286764498966,4.706067002929019,2.9348033209593702,3.065435593790446,2.5673552739293366,3.527147983958677,0.730782268619842,1.9214265325434063,1.6457196137640644,1.763610584448093,0.15949216534293237,1.5231729016112894,0.7415982488701658,1.3052325425859612,-0.32558788317951737,1.0411565973040504,0.09908208321237422,0.8656913584138756,-0.29752820417271786,0.7612650439656082,-0.11019396428628783,0.6508369013836125,call_6058d9c5c82f,1,val
-7.368350642171597,13.243043863041088,2.9359553799975417,4.330774735173447,0.5569263985853974,3.2200791125494646,2.0930981085475704,2.4800314439356805,1.1995500369390237,1.7211506711492455,1.2009862319246354,1.7024195570888474,0.4139795959827338,1.2061750454913145,0.07580142394989564,1.0322214050892349,1.022084756061276,0.9652559922865597,0.536037239195982,0.8364364161119239,0.6754596835612888,0.7170705306292823,0.2511936450717764,0.5864700432025618,call_60ffdefc5f5a,0,train
-12.973448421334844,12.664234603827298,6.629809728314312,3.698876358271121,1.0090022483601544,2.098375474871192,1.9078697480070814,2.160110722296644,0.40673345866829447,1.4521653411811215,-0.09219371500344845,1.229201677149492,0.034135718195127375,1.1275525785294167,0.03524840398032664,0.994409212760963,0.1229232737465899,0.8834027389346236,0.28854967829463773,0.7503550788891343,0.13330994539940474,0.6647080029885729,0.05003105689083173,0.5406981057855699,call_624a4731ab56,0,train
-11.735822462470816,11.967730237227322,8.58718796338058,3.811486039158468,1.892089035189192,2.550923794855297,2.098710353306932,2.020642011743436,1.3457413485555754,1.8329035495183865,1.0837288471735853,1.3750919659580738,1.5419073650793922,1.3872222624588697,0.9307891048018597,1.1711745643544733,0.6022109071580782,1.039810752766683,0.4378811723713094,0.8192209500242399,0.25486781152250904,0.7143037532710308,0.1461923180962892,0.5424440676174348,call_63a156c6b8d9,0,train
-21.703918528231846,45.96375440732545,6.12715646574172,6.32255383910906,0.9275612774743421,3.2110651958937932,0.029182544854161524,3.093272093818812,0.5867873959128435,2.2922049137333538,-0.17206924430087242,1.6833765024060365,0.2693367191116905,1.569222980962507,0.42074919314327264,1.3950894241806222,0.2697980394778742,1.0063380551452998,0.14368738793336916,1.1365834829202957,0.0923419024548773,0.775216194121671,0.14608535669231237,0.8015098257134085,call_64637c20ee66,0,val
-22.205993399621565,15.921171431902915,3.9592958162860628,6.554363625139538,1.0378539318038393,3.5918765300996167,0.8931279286769951,3.6896171232257635,0.949063889135281,1.9969681409039814,0.7755670191685454,1.9632592228116124,0.37835028937023796,1.5342236648882535,0.21467030721984348,1.2658230831177515,0.18913793096324188,1.067883328994242,0.17145308272583065,0.9368922800908913,-0.045071799360045114,0.7689490448634536,0.08873303213448534,0.7292420596777646,call_65a7cdefc22d,0,train
-8.636578603669566,12.817966708939224,5.003889011527729,3.492719007533571,0.5159868119864073,2.276671829920696,3.1207487819758986,1.5471131776493763,1.0016045265094369,2.133704309311487,1.9173082040846965,2.1762039681236462,0.9633007696367093,1.444848555264554,-0.1613205280477908,1.3163178494236598,0.35074385191616164,1.2255131573259939,0.49255834149840205,0.9336751543039578,-0.07222195264587275,0.7186390592725348,0.048396167880100496,0.6335229673404646,call_6756c4a91509,1,train
-12.176300431805007,15.908078691121633,4.817541087798718,4.765434781758986,3.085809487223088,3.243684073789214,2.979076299863126,2.745980387285905,2.2005434879661845,1.7353573461202143,1.251113256056843,1.4661093651228811,0.5073219944142446,1.298949942025744,0.38013124345720994,1.0961806588523677,-0.06824028256441012,0.8961317569868964,-0.0577983482374783,0.7529554959377199,-0.2541745404962134,0.6866363867859435,0.008856697878374287,0.6493181529488949,call_678ee1dd2242,0,val
0.726966068120328,12.117908333684845,8.313348407017964,3.304580405347981,2.3239623622221073,2.2763589395817667,3.5618935237243354,2.8494005420466575,1.1360163075772385,1.7341291143472786,2.004501298451451,1.683627319341078,-0.6289787563286906,1.610129381181018,0.01838515160976531,1.318556923945346,-0.6101293061838302,0.9122072058672244,-0.10703293354282664,0.7625581416600699,-0.07769286484794893,0.7358289686687648,-0.037153046788697235,0.6126013343265913,call_68544c09a58b,1,train
-14.438086088040551,9.465354518656737,5.931822029331344,4.90247756264776,6.377001607960771,2.6752702064634937,3.6728355150765535,2.216145541803271,2.053585184328182,1.508680874576619,1.1300981055269528,1.2652657837395078,0.34938327401462854,1.1436751557113851,0.36527098597167373,0.891872001132822,-0.07854234505343119,0.7621264794528597,0.08785097070500597,0.6604395079012358,-0.26493573337191395,0.6045130391619501,-0.14914775846150446,0.6001103866923404,call_6971b2685c1d,0,val
-9.422534696278401,12.809630393300843,7.495160865950754,4.0995567719867445,1.228079915859995,2.979601443979266,3.4371004427940335,2.8277686293675623,0.4472454209509713,1.6968526533483688,1.2077559558240063,1.6245642954498356,-0.22507671550560115,1.5376611788295556,0.10186295888512087,1.278701380217324,-0.428653803729116,0.9993689390520218,0.11899176723085433,0.8691525046451197,-0.20032770983494233,0.7261898047103855,0.0152660535207529,0.7031827847132373,call_6afd8cabf618,1,train
-7.779353287852726,15.860805636833968,4.518238962702407,4.194067628938472,-0.09909083770103158,3.061673647320526,2.0116655721417027,2.7344877807248182,0.2942693285942368,1.8497191752354105,1.7231374265152453,1.7903003939413495,-0.4062306905237094,1.5950076298439282,0.6468429137490379,1.217202356832171,0.7687937237727871,0.9930502483584744,0.49073605746127513,0.8486863799265599,0.2870041169896604,0.7727989893807213,0.05649630595951477,0.6543653900074937,call_6b0cc9c966a1,0,train
-7.180630767380869,7.065789354527478,7.506473521465503,2.5462755871488802,1.2569917737463367,2.1894896144288345,2.8032300818491445,2.290307351407304,0.7387838373530892,1.7874472222718836,1.6181055572687417,1.4302101198447728,-0.0357601183550772,1.5827783705781626,-0.12545339247125242,1.1407687634017714,-0.3672130405316565,1.0696701746719401,-0.15860569306203337,0.8370251625714336,-0.3198715538367553,0.7121109121438767,-0.07791927037204996,0.670290085422013,call_6b31fbd81fc3,1,train
-1.185773364208571,15.383510871677874,2.3565806252839456,4.038453662683475,1.8694997382185445,2.888857873015893,2.401932870784724,2.9879817308320047,0.7453867648415865,1.9936154699411015,1.62329063625287,1.8675115698856983,-0.3273831593649579,1.647283695053438,0.4557792527770371,1.3035994868090033,-0.2591044834394287,1.0861132964729567,0.3094875623651819,0.8700463342911668,-0.18027610977484299,0.7426239612010559,0.14956399336996512,0.6697007740649408,call_6b6499e4474f,1,train
-9.304677613935663,13.98918501612678,4.2190562426023455,4.500265661157643,0.01333171947318515,2.8952475728852156,2.9590903960447923,2.577567491024107,0.48263276609617156,1.9848015232706073,1.4007942602982397,1.9045679322462765,0.8059225233755627,1.5561831807025337,0.14996607897599099,1.422710060915441,0.2549417402239935,1.3311263369969102,0.3930104893904718,0.9328084882475259,-0.16305341041437868,0.7480185127762844,0.049021175062426925,0.6487997002916364,call_6c8d4490f8d7,1,val
-24.490480121464106,54.17809193178551,4.897050067963642,5.666189801478264,0.8736692854508781,3.82164606802907,1.3289111698164073,2.7798854456048216,0.831331942756184,2.004205348493022,1.1010074652151616,1.9892505557829068,0.3995722102139626,1.52957319451091,0.2926403935016495,1.301448417467669,0.14813480476304175,1.1148668553354022,0.05925777429794572,1.0498219578566,-0.030701978210828713,0.8043230398023171,0.11287250357844433,0.7862026131346488,call_6d88a2e95795,0,train
-7.2388391141423964,6.712532931771019,8.016564558724893,2.849041974430321,1.1914903022123666,2.056958187531586,2.952893440318827,2.243177721582132,0.9024431460404504,1.759352808590652,1.7802473305855526,1.5175555450049776,-0.12828879320790018,1.603023787620582,-0.22411827199883927,1.139708964420545,-0.3572431359545011,1.0488760367259646,-0.10364328617592547,0.8068692004699136,-0.24656739974424385,0.7073824763033768,-0.06134658027432403,0.6617679388438747,call_6dfa70c50ea5,1,train
-10.101105032742788,14.855626751624136,5.4085895667846025,5.189108130965208,0.3802990649452569,3.088089863419907,2.77024821477658,3.4900684319952777,0.6885508325435139,1.960521778813851,0.679767763890806,1.603331283255733,-0.03437762907157721,1.418042518927673,0.22104242900384352,1.1264657214972207,0.6953105681985294,1.0236930445063335,0.4005358672342487,0.8224492523333302,0.0816763672539192,0.7419166006494413,0.09782140986856563,0.6278278086906006,call_6e83cb807322,0,train
-7.558122261917248,10.748791437860065,6.528104536439975,4.540538493324258,0.25101503051930896,2.682090359900299,2.2421541539085528,2.8889413393174648,0.5008091120660845,1.6018597425683352,1.2898669124347348,1.574608249445079,0.3655519554825546,1.4798818313000093,0.4913832341580529,1.2279298780213816,0.1516696156274599,0.9557140760429396,0.23603168517898948,0.7879548125140742,0.04423827603390673,0.7123790883620772,0.20450906688268447,0.610065084941862,call_70101b573bb2,1,train
-7.440623828724034,9.476124904805367,7.603652925213773,3.8008298786249695,0.287352217949806,2.627199809457159,2.244119418260943,2.8205456144730388,0.16826370375196387,1.6259705208148525,1.1923390843003534,1.7007030603441455,0.07569949011358547,1.5387529329328296,0.39733575801943255,1.313652549699393,0.10264613514205753,1.029116223502358,0.3504615585893423,0.8448788661360127,0.06392097187727315,0.6610815313818548,0.13494423636545017,0.5880286077954212,call_70de89818ee5,1,train
-12.371130512962736,15.438709263022252,3.968242473839493,4.820683795521445,0.6419834539346281,2.820388722286989,1.8177343968450759,2.716348283421238,0.02549366987862528,1.7855819655025738,1.6197050127798662,1.8186078750247154,-0.06789927019399893,1.3645209969854342,0.6691877836703871,1.2006853433120295,0.6305596668181576,0.9117379968445547,0.43117575124850793,0.7775449654359883,0.18696700713568298,0.7278657720036394,0.09108396692838529,0.5980036345277263,call_716d56beca2a,0,train
-8.658661330309076,12.493444045773858,5.90293744355045,4.9905769292778785,0.43520597703987607,2.82491819553696,2.5333313283197727,3.0116790545765775,0.6658652859702195,1.5773491276719447,1.3811690346674383,1.9209891753288917,0.23242950793311878,1.7089662197300552,0.6866111105314313,1.3848139000369133,0.08536133281058272,1.044205901857985,0.34490390632562,0.9073303271400331,0.09973813610037582,0.6772486102350511,0.16161909171988723,0.6185493595492519,call_71fec5a6b017,1,train
-7.462254510892692,13.115364365919849,3.6201740764667205,4.540616935855245,0.14947666786623856,2.9965141815455056,2.9276628902452506,2.960785138543005,0.3350201825776026,1.9746442281035872,1.5891498454076358,1.8011928477080525,0.5459624081523633,1.6425072879478038,0.2553049679660165,1.557518540546771,0.06069751245978291,1.3019537952268418,0.2730070488220375,0.9197922033650775,-0.10162689156242188,0.792254639050487,0.1450350028871012,0.6988369297129627,call_743448b8a861,1,val
-19.24822495768205,15.07155338223166,6.131451491668166,4.558104403456477,1.5114927099482047,2.8031765359048517,1.0035028920775042,2.7013974427579868,0.7805057326541384,1.8402582619440955,1.1221311723542122,1.518947622667931,0.15946229234798837,1.4082296404942494,0.3756192618475207,1.1420579729712885,0.14834467758784178,0.9492939095630848,0.3970744867268137,0.8166519250013135,0.076007689969712,0.7092604215474588,0.15086936301822607,0.6701963541225286,call_74b20933dd43,0,val
-9.753609952620035,9.548660275492173,5.062788683903323,3.7833953485027796,1.7175155021052841,2.351572876603533,0.907601772958506,2.998468899352706,0.9274225439881717,1.596622547801553,0.702034899191214,1.2671832930640856,0.6472562712115967,1.3057423530975307,0.10335275154246062,1.0109422046623568,0.30513803887192925,0.8690478603942171,0.24446928723985584,0.7354262408278441,0.12782289127003016,0.6591334291593743,0.010039750896943894,0.5489337167199858,call_750153d8eb40,0,train
-2.4471948959612835,11.377139542136105,6.520194475654208,3.4825823995594227,-0.1274583734298542,3.015236101055178,3.0239332736085274,2.776858240283422,-0.01957412675883924,2.3014918172313505,1.6443467423817872,1.7858155442358108,0.32140526540107534,1.5773864385941672,0.023502336206551178,1.4484238342137037,0.2962077758535032,1.2464259764127898,0.29981007136211296,0.9169131199459786,-0.11510429322532355,0.802681842063129,0.05641981787707889,0.6580563093111494,call_7519d635bbbb,1,train
-11.362920758535891,13.412454423453754,6.452716819189622,4.309078243846166,0.9323226495317543,2.738874913365154,3.4146730199342414,2.7762095959977433,0.8592631823618879,1.7244602413459946,1.6018885720349758,1.6594661179783778,-0.1188058496299447,1.6413873730744524,0.20391181441337125,1.3204180281888542,-0.31904272546299184,1.0985786765305887,0.023355314234902003,0.8489224440145826,-0.11660916203221883,0.6915254176107803,-0.0028856804790823865,0.6366236392410723,call_7601ac7d4fbf,1,train
-10.609842946023957,11.985313984758891,6.464242850050757,4.567643203834695,1.3608488630746782,3.0723284925453953,2.182578638723567,2.3796500678030386,1.1309529456668503,1.8547398896447629,2.3346835829659462,1.8936260093353043,0.4763927544557417,1.3971334371564448,0.42913171681912665,1.2258020803343925,0.47360543613781336,1.0384290512082555,0.47383446551649056,0.8143610518673067,0.17465849168150369,0.6220024723623943,0.1235245679099864,0.5678309948882051,call_76856257e3ef,1,train
-21.970654887738828,11.900658278369692,7.5285619673491215,4.74921154662427,3.6015429940712256,3.4174141884316946,1.2824759442170286,3.1936757436822156,0.9169144489814264,1.801260264375818,1.5575496279740142,1.6344102395976834,0.6590659867745898,1.2902976784124853,0.44362179585240574,1.1888032420448258,0.22586027545039544,1.014433820104149,0.17002410897612902,0.8814030469921402,0.031028984183074117,0.7952177077076406,-0.06112589643584165,0.6142359070197942,call_7744ab92baa3,0,train
1.0641427803005938,5.314481621117935,7.508250970188346,1.9335369801015545,0.5875736413350316,1.757388725767877,2.0473110043590745,1.4403138664259645,1.011266893075313,1.7848116179206872,1.3637345690657128,1.2636940355253388,0.2882031820684131,1.3501845008672588,-0.16359085568171694,1.0766022936162463,-0.14909630495205387,1.0259568933574434,-0.13501506266316043,0.8625329285315273,-0.3641568538916833,0.7378066093690514,-0.11084420619111315,0.6440100306058814,call_794031bf2233,1,train
-8.62579321700261,9.39077590355623,6.713447667136271,3.8053322649523538,1.427125148597749,3.0413250028923176,1.961482132264372,2.6651894243118575,0.3912800931893263,1.9982000815786498,1.712035399798332,2.0687279987558354,0.66695405539535,1.5554395042601705,0.35476684822090016,1.4259095742834949,0.4064416160303102,1.1026302964284387,0.5365907115351344,0.8620016186870385,0.22547652037466434,0.7285308278599786,0.20624395380210336,0.6319655344227467,call_7a250598cb8b,1,train
-9.672638433476363,11.441777131191168,9.183109734154012,3.4423068622937447,2.4074730646196176,2.2426222960004667,3.2008856283884577,2.880101132052402,0.6937425888673237,1.6678513767217396,1.8404403973454029,1.6820402365784777,-0.481451242509297,1.6098487872516518,-0.03872025657115902,1.157522805405184,-0.3976241976366388,0.9872165705894167,0.01426502860253822,0.7564107375201046,-0.11267188556092092,0.672906277065833,-0.1338561137011095,0.6396075465976804,call_7a345e2b0f37,1,train
-15.912634634433418,11.202693662776312,4.732808342191244,4.2831689253443,1.0078101843730445,2.3514056558353276,3.628308520474895,1.7200030313493746,1.7787494664301122,1.7015815725471721,1.4447172000658859,1.5622402560346758,1.3581122720721424,1.3676804942809706,1.0569324816542647,1.3045004613803193,0.36397395263628485,1.1131844516256677,0.78845336146766,0.9332185703589526,0.21510844854649083,0.7409728700178079,0.2932820699496449,0.6112400689080905,call_7ae75e4aa32f,1,train
4.09292926212699,6.082492512583811,7.2212376684411215,2.3078455608496564,0.4722207560117831,1.9653334489013783,2.1097966730211937,1.4613528803797546,0.555089120639951,2.0055884802639374,1.1705890888285753,1.398006824364812,0.15872284801721767,1.4577242580566705,-0.24662499441717262,1.083416513612213,-0.11123686268229108,1.131842328101093,-0.24181156178949792,0.8304080023198681,-0.4053237000889131,0.7359272340318206,-0.12367843132668732,0.6919011180296911,call_7b14e69a57bd,1,train
-8.1326911470852,12.203962391278623,4.0927081524530085,4.592473260224861,-0.08924718629083937,3.028367884901747,3.187157690860687,2.4981587013568376,1.2261664131668142,2.030757957810285,1.368395914017212,1.8754794724104142,0.834608136092649,1.4975888156049317,0.22197680431505296,1.4022603026219749,0.1802713512498456,1.3780115128610613,0.30280419574418754,0.9793968178899435,-0.11686552212588926,0.7334849925522027,0.1312997638340744,0.6299817352164692,call_7b1e73c133f8,1,val
-10.906699637077729,14.472914862061788,5.873346062441827,4.436956884922283,0.6538738990267507,2.9593612576915427,2.0220383931141246,2.64906157037207,0.8422783309035475,1.9683106189176478,2.094780877806566,2.051486776904259,0.3307301886272092,1.712279401032416,0.04546722891052124,1.5192995226834076,0.277837162718493,1.0776471078031136,0.5284286272319558,0.8960576035326677,0.2701371573278318,0.6817816486424446,0.21243302985127827,0.5978805950926118,call_7d4f3b80384e,1,train
-9.781822833168444,40.402419500946976,6.432790406195797,4.174517895792507,0.8407806726351645,2.5113699831403125,3.502464025818215,2.7925214062467236,0.8859202941430848,1.7044416570828465,1.4873227897568255,1.5922572954977017,-0.4547992475080131,1.6473014313705712,0.20605582689783605,1.3195726398470211,-0.3978560621922942,1.104939060409087,0.001543020117672128,0.8680730372839925,-0.09755367144841798,0.6997694802665254,0.0022306872439753073,0.6680707208101954,call_7d5b26105bb5,1,train
-9.644880433532919,35.77505925407033,5.155009861119415,5.1030419763411645,1.7571846855839395,3.799361136169711,1.504377083635184,3.0564277857857447,-0.5165218162856904,2.109110486230466,0.7661520781476963,1.7612551003921821,-0.6903282816033078,1.5527265043397576,0.4203168979273728,1.2885144985790942,-0.05871976390806953,1.0050301324178852,0.10703951331575416,0.953680203599875,-0.0711864650913167,0.6854267332728936,-0.03379818977369767,0.8208271252820211,call_7f82debeb19b,0,train
-15.34742561559978,12.264740463438345,5.748858585484894,4.622731507574145,1.3311563317479727,2.4659402251387617,2.6631416624473845,1.6587464609653058,1.4074013284094185,1.6829372333397126,1.1621153105055253,1.4833714620503167,1.3581589127831815,1.34851307848117,0.6670860736807706,1.1616997148276158,0.3225791601254424,1.1167791820174744,0.9606080361123083,0.8808077066844242,0.31083004251373836,0.7780089515315155,0.3520611683544415,0.6103475721343908,call_802282383eb2,1,train
-7.679706903507731,9.987764370632258,5.891822646508839,4.457206448285701,0.02429790797715832,2.8039500258621564,2.629243132871408,2.491308931317554,0.6248015611606806,1.9957120287375079,1.0252373924789042,1.9392975859782275,0.5933668556343661,1.4400668696337535,0.013942478026242324,1.4364311571707447,-0.011468887836418532,1.3375316893756057,0.23579391271643532,1.0058042318017133,-0.08367350626038658,0.7094078366998559,0.17845278230694744,0.6391708137720592,call_810c24005ecc,1,val
-6.447515436829335,11.965949967778926,5.72096618531429,4.188272658486923,2.2010500941104922,2.593638780175127,2.800674147818242,2.77832996751009,0.8668239716033406,1.5809418017762509,1.9089775668847586,1.4508071437024832,-0.20422426958275103,1.561339770305817,0.5854047682563487,1.0798115219031792,-0.15459529610950504,0.9538469513714162,0.1015826005362397,0.8051134025699295,-0.22474817894065677,0.6529447384883958,-0.0803877525250925,0.5453063158107418,call_810e3066a7b4,1,val
-11.728988976276185,11.968135650776132,6.413404085650956,3.3985450830196564,0.9941764437795826,2.080313916840651,5.272142798102609,2.8897806996870052,1.2452461356073217,1.7876189252135581,2.5712342168722526,1.7265157818335148,1.156963011689838,1.6728507997948563,0.38100951945755435,1.3860736300133836,0.3682293556665639,1.4242336109960787,-0.05197190084404217,0.9910997577925681,-0.20542434412105093,0.9038113129225656,-0.28529048554191416,0.707279816517993,call_81b12145be34,1,train
-11.395992173712411,57.871253947036045,4.5685966007325005,5.2245797089786095,3.1945232982587592,3.875744202988248,1.722532040254261,2.812765836378149,1.2101160072756958,1.8174454068290107,1.6513575300302046,1.9468547362008872,-0.15219462375030132,1.5773835369398053,0.4697931624356747,1.309164988090998,0.3558367235365081,0.878009817849746,0.2890420504673168,1.0083444947246822,0.21138211824938385,0.6121130031396863,0.14318550466009092,0.7780444197054938,call_81b98c77cf99,0,train
-10.86902960031333,14.291258803685926,6.586351877471226,4.294510230915403,1.0706962063462622,2.753555403698446,3.0884544331789776,2.7931635573002014,0.7547290247236127,1.7325544354608227,1.6205896161983309,1.5833193268969294,-0.32980340336729214,1.5883410330593242,0.2753463130212498,1.3263026812131624,-0.4564061290799318,0.9948262007459776,0.050419478223399795,0.8492842577374091,-0.09560418953861576,0.7024415043145401,-0.030497382921645777,0.6121416029249408,call_850d796d23a7,1,train
-17.948260162893487,12.505868710789043,5.5430326095517035,4.516192149073654,1.170680141796009,2.515182198604261,2.763217399889546,1.8862213329862554,1.313913863320864,1.8602757117165398,1.132455666668221,1.692305255306205,1.4971251266848045,1.4193810793982613,0.52772502322938,1.2580050523776936,0.3964293127654608,1.1741428839574903,0.8502463099928437,0.9733673359939609,0.1675249531898068,0.7783284769016525,0.31471095913346625,0.6216885473104711,call_8570ae0e7d61,1,train
-13.972502723688219,21.99143410652775,7.482167937091759,3.9354782769568657,3.889394690646583,2.4974990453762502,3.5427458191544927,2.4951356420017374,2.4918607916692035,1.775050984721747,1.5177724645110608,1.4960018686458036,0.14102656177961065,1.4813518177603962,0.48795568944958034,1.0863852908716174,-0.008485160798893568,0.9042892283388403,0.3931666824639577,0.7510751013958363,-0.07904347008187948,0.6306451664781547,0.18571802169801077,0.6520668847344223,call_8834a90f11cd,0,train
-1.9393464326688514,14.386260513726226,2.6674370998465973,4.015936145852283,1.9835392854687652,3.0308299784643435,2.3008756092396876,3.0020116823551266,0.6000326064984112,1.9910226892185034,1.4335566627369107,1.8499084578196607,-0.31697939547947307,1.647614194743142,0.34863820950249746,1.355671306634141,-0.2899538941694604,1.1000041265318021,0.3378857146028752,0.8953893892565228,-0.15930581018905482,0.7211461834179328,0.12325911088467134,0.739694803319814,call_8893de2fe204,1,train
-16.13255147204169,12.284691317624484,6.034216551292384,4.615738091360364,1.2077008073096327,2.362204247076494,2.712064041768703,1.8872183653871586,1.2579532550257442,1.7122153154715294,0.9860695122640453,1.5405727761497612,1.596217697196714,1.4002470789582002,0.634700936365828,1.2484720437467718,0.26362655473738417,1.0569030822077112,0.7851404324182765,0.9047585744025678,0.2409622699503375,0.7585562414630289,0.2664555586169475,0.6321103501854661,call_88cd54e1e505,1,train
-10.93893204495925,11.055679895049963,6.605534249004517,3.358329683002609,0.9545473862709188,1.948518847349614,5.323553910316593,2.674197539571174,1.291125531455275,1.8690952732720787,2.723731290754101,1.831877405622976,1.0948333208526566,1.6760405495779238,0.2532025743873382,1.6419359913937484,0.10831009886270321,1.4139427206468886,0.16613594043732055,1.062145234737606,-0.13210707679905914,0.8767015084127248,-0.46679095368859946,0.6835365630623097,call_88d7858b7921,1,train
-13.83624124869174,14.191735714550077,7.4349697244685595,4.588108167277697,4.354922088810232,2.9585077079001603,2.599468943030762,2.367916724988671,1.6279030941771038,1.6926353428567507,0.8952699083153888,1.5291281381902144,0.1447356869195383,1.4690125624853012,0.2172124759274317,1.000541088112956,-0.14151369619460696,0.8382110874659822,0.047702500931582195,0.7327715963222913,-0.18400171399656542,0.6984114294045104,0.12492857529439749,0.6200436941584738,call_893d552b156a,0,train
-9.620448675911987,13.960074063866186,6.0084434269442015,4.970854058049295,4.350648649395609,2.9685951985703944,3.445928291400525,3.033469783309897,0.4301852213032856,1.6992837807844408,0.9180874334405114,1.6534684853525305,-0.2227035601775823,1.4592997639836487,0.018768478883728845,1.051376086244629,-0.13214996392456083,0.8613231817327822,0.13236658866725692,0.7156207823678071,-0.1602757394936436,0.6740727457366831,-0.10655692103909564,0.6325506493518791,call_8a3996f823e4,0,train
-1.8567163698817746,13.439544036038932,2.672998392375473,4.100899261482271,2.0180925934451013,2.9004564250998692,2.4230374992703907,3.1237136088241075,0.419868457886449,1.949028183120384,1.5615551011580875,1.8918342910749852,-0.2863109956969595,1.6444426721256449,0.3726395798755875,1.3153557578415718,-0.3123861236277849,1.056240470724733,0.2962975310111332,0.8850220175228151,-0.17968621411747512,0.8202198827801501,0.10419547858399947,0.7527609786963804,call_8a570a10920b,1,train
-16.839389832981688,26.532295454600668,5.603254506319309,5.065934703621502,0.5544480101677165,3.087270397454674,1.6996683802349284,2.9937060572684806,0.769621894811568,2.056458378735122,1.0456124515575207,1.8676158168173498,0.8540765327954172,1.6277785972271095,0.44613667169089316,1.288511994524599,0.05991141301503522,1.1261482369034808,0.14304370752646256,1.015734976365645,0.03313163157142031,0.7599067566500995,0.005422645519521013,0.7664135895423374,call_8a61615c9927,0,train
-17.803360390766628,17.700642253706715,5.622193981482374,6.2076873056755515,1.9512263190886694,3.901769679773022,0.6336857939642047,3.3988455849573667,0.9717417731574838,2.3410140672224506,0.7294221941367947,1.9031222393189873,0.2872143636792272,1.437594511292848,0.1514416303232564,1.2154515246968722,0.3421848200471135,1.1112234225344562,0.1279873963641941,1.0760691831013338,-0.13654844613253989,0.9834171024750267,0.13703335697964558,0.7911382287947649,call_8a9391c1823b,0,train
-12.354303947805226,14.041946840192347,6.021310013161033,4.3332214687102635,1.5056080969444605,2.8825530103727552,3.619361522220143,2.9369936258076974,0.8603511664907963,1.697293141491437,1.4694804765563774,1.4669238496412709,-0.3093832499077055,1.5527454163019636,0.28632614417349367,1.2151327356689696,-0.30441400871461266,1.0701272403728732,0.10948868418690333,0.8251004729356598,-0.08356549758126021,0.675981389164161,0.01321226142819143,0.6504504237596597,call_8ade6f74aa33,1,train
-14.23924242895213,12.120040900144831,4.735866905870434,4.164141941226434,1.0956833127004697,2.301188249842418,3.4796562720995476,1.6605886815801771,1.5966200028077306,1.7464413701136312,1.514531263643425,1.6047297647122107,1.4697555666258948,1.4459200863518784,1.0316072318237983,1.2814036510821845,0.27487012113996584,1.0220775285309445,0.7435187303373423,0.927535379565991,0.19982197736103266,0.7732728940461089,0.25495048257088093,0.594674695472488,call_8ae3fce602f3,1,train
-11.493448702297892,11.225903250117597,7.3867949236417445,4.067616400536883,2.695942642443719,2.9755613105928695,3.201486352596672,2.9612841692652707,0.8859380592585762,1.7208925302604214,0.6148091155533029,1.701235565377058,0.03277479300444297,1.7234676498881696,0.07631657304082332,1.1410856748015694,-0.4158619172059097,1.0017205459650549,0.3863750822018796,0.8459757407572521,-0.0721745831931154,0.7249281564636622,0.06255018394009024,0.6295979489171615,call_8c2ebe3761bb,1,train
-13.211128923820946,9.560533517022973,6.106233920638388,3.971046537335416,3.195228316937313,2.48099339373176,2.0104325783243278,1.9501685905695647,1.5305742202143373,1.4621666158983815,0.6335682880578104,1.3597432721264284,-0.08673587287824913,1.2922609257499715,0.18303139319974174,1.0822880932911167,-0.2424052599753796,0.8557288553563721,0.3702802750273465,0.6973763490097719,-0.004965661876182832,0.6118770090976984,0.24957116878608057,0.5916272245681796,call_8c6b33721067,1,train
-6.891788364609461,10.980503260115421,4.837794530816214,4.675880404300842,0.12189037213021886,2.83098010167667,2.7868737138488022,2.6327210612588687,0.29124631955945857,2.0029492799021344,1.5176268004821862,1.8419630871367394,0.5913719080801747,1.5613607336626325,0.07289576767068388,1.5326025074740086,0.10109791076041721,1.3705651566249717,0.3257447039940361,0.9476976726897326,-0.06767469236194744,0.7410611724072249,0.12157632970562171,0.6602129986881121,call_8cafd2754e55,1,val
-15.625322509373396,11.794197302720576,5.237662496682117,4.352895136141778,1.0818669845638618,2.4397328908775253,3.7886710601737374,1.6933337566670197,1.7120142767047533,1.7391829619713606,1.4275743365649054,1.5412807901390524,1.4205725325286025,1.2907919311363074,1.1095256152181143,1.2410513903884046,0.2528750688205569,1.0876522751831195,0.7605775360136406,0.9398643480716001,0.17946459207708643,0.7498490383121741,0.24815697220921823,0.6580894974027937,call_8d3ea77f4bb4,1,train
-14.910368627540834,26.310222131635683,6.855772094778226,4.34361857232994,5.195917328829634,2.7381124983754273,2.4987765997343274,2.564897486337358,0.023398973905726872,1.660516046087281,1.088412664194202,1.488523576555929,0.28712113596374295,1.3085937071199503,0.5219508014677807,1.0553592807565955,0.25560999683992536,0.8714938015407004,0.4776901789030199,0.8153447309064271,-0.01147053442837409,0.6187083535908948,0.12779919497317577,0.6533961194961952,call_8d6cd93e02b8,0,train
-7.683401729357628,13.705009429497908,4.445627517629424,4.627249559451626,0.2348750591356604,2.9453840881075433,2.870348019143301,2.6735724252296533,0.3976949905971141,2.0529243842655243,1.3825300648882006,1.9120179938536475,0.6668519246454646,1.5705766120498836,0.37664557001615073,1.3975836694902886,0.14175262363571567,1.3335085068639199,0.3429799993395799,0.9036129805691081,-0.08902488837437214,0.7478472965600462,0.0883379746854053,0.6507728030731027,call_8d75a71e6126,1,val
-8.381777094468443,12.028158121029616,6.392718285260217,4.096057141782165,3.4124997908656263,2.5788737827299073,2.7377195881532757,2.7524721297451653,1.7069821883455316,1.8525817578776171,1.2694140440994326,1.6148739805572925,-0.7788801932888587,1.4581932624898555,-0.12947334981359873,1.210091684936265,0.32794650282682924,0.8657360556877156,0.1470990649175681,0.8229716594459614,0.329056305189129,0.7055361098603833,0.23691136937594992,0.652144188635588,call_8da8b9947630,0,val
-3.559076347759632,10.970693697411804,6.478045729064491,3.7298135010366216,0.4074499659416514,3.025176310689549,2.848811524606898,2.4147403726864116,-0.04023907510268525,2.0297214077445043,1.5528182417368468,1.5453485489582175,0.4641802563164679,1.3502501485097502,0.20677618234920214,1.2549962065884572,0.10607437691281817,1.0344756844888885,0.2523601284130466,0.8142822395459763,-0.1689891928306579,0.7006961593255179,0.013352274292488475,0.601641640184461,call_8e6c9fa78a21,1,train
-8.9413995093633,12.799538167572814,4.739499197607927,3.4932439112093143,0.6002433978927761,2.2433632295390606,3.1421154186692144,1.7253095012228823,0.8684209488510325,2.2121646447469905,1.9523241566237193,2.141312498323216,0.7676910682809943,1.4394720449070568,-0.021673822894117775,1.2357982779745134,0.4121764240221587,1.204946525660553,0.4431569950479427,0.8736561645508027,-0.11470924462072694,0.6906582341393144,0.023418740976686732,0.6312352692078914,call_8ed994ce484f,1,train
-11.580683229984421,12.413436013757222,7.453100441214497,4.04784566085241,2.650488593418572,3.0202979887984824,3.364636383656932,2.8375085411772827,0.8671521989255866,1.699640456845267,0.37112259142714227,1.7312230414706906,-0.08649549914478821,1.7218000926864179,0.10073889629003785,1.1977984409389606,-0.49963643121610724,0.9563204810106339,0.342916905397501,0.7954844742964468,-0.11319938666775357,0.7202469569977294,0.1091645714917457,0.6343176090490052,call_8ee1e10130a2,1,train
-13.863765305780344,11.232187700065332,6.117249787866854,3.860774682257831,3.307800894072581,2.5459479452797154,2.166112408043925,2.2605452698415482,1.4470916600852588,1.7930818295956965,0.7716800684093412,1.4156131189950747,0.1042831321116294,1.442993535782174,0.4069697002445537,1.3110562683694937,-0.22378550260078567,0.9861462176771266,0.48548418229824564,0.8319452771260741,-0.0674693778839722,0.6893138260666127,0.2645565194875844,0.6027884958318281,call_8f8e2145bc91,1,train
-10.399461567814999,13.428606388371296,4.912913646367061,3.7855000901581213,0.6994105714257233,2.1842166657625883,3.0978827345370403,1.631793348043698,0.9705985645279007,2.0689020666315745,1.8360250766666826,2.2037640267644294,0.7200012721607345,1.392441015191153,0.02981102636868857,1.330064941512295,0.31295082110607747,1.1372789602220401,0.4047868236625277,0.8468754678292766,-0.1106461972642665,0.6908360541940384,0.04292054018868463,0.6225028564417147,call_9083846f078a,1,train
-9.334401343353859,12.896968823600691,7.804891711499244,3.5765776967903324,2.7939470162295135,2.4920947279129497,4.2119243724073865,3.122253911027622,1.1868952951715832,1.8092924201423837,1.7502642922323424,1.6586789689455417,-0.7171139992430539,1.6298087459095776,-0.07308915392225909,1.1167302862867752,-0.5572924575859608,0.9455401716091958,0.1346584661625279,0.8250671360047825,-0.11282707010189076,0.7618925993268878,-0.004837212389273291,0.6296487624463941,call_91a25cd95998,1,train
-11.284611194476023,15.899072610577816,7.255983758996111,4.10223832671957,2.0580834400347205,2.455815373416142,2.6499661756335002,2.436675872958998,1.2159135570302735,1.7670857199910432,0.7260045136735527,1.8240981336333424,0.5869763039391424,1.4942895185204401,0.4542493814972769,1.18309658502333,0.35412239012917657,1.1150015945798393,0.3113308802554425,0.8957880651553263,0.24355125021303298,0.6655549326807817,0.029746432067597056,0.5739775767863953,call_924e8a27e4de,0,train
-7.51328613568619,7.617918126899069,6.8593880080584135,3.363327666728143,1.3448209606439003,2.5509831035979866,2.3239530160186566,2.3776008901766374,0.9083679903069796,1.9380628169007406,1.6560938264751888,1.5694688255439733,0.18429150215768314,1.516436363860098,0.14552226203418267,1.248459895845071,-0.17831267586527366,1.0796495578110228,-0.043248088391998646,0.8501140970503073,-0.39349206064767583,0.7359000998740988,-0.10427855131889417,0.646060271252199,call_925ba94f05a4,1,val
-18.46980984547895,11.790597620769791,5.65511593027884,4.887363007345886,1.3580743991885964,2.7887542146034368,2.784871388243439,2.112643607063795,1.2249937257562666,1.8092069304340768,1.0150918645677482,1.624912720979306,1.6836037181184706,1.4467073921617462,0.5922871414711264,1.2428392701959137,0.49177198151167273,1.1582375069182285,0.8977289610976131,1.01477054062777,0.20806075099838098,0.8007937360482951,0.2900439151853349,0.6789134966056234,call_927c1f5f2007,1,train
-4.555051990018175,12.218046551291255,5.888508283723166,5.170442432924476,1.2634582012550348,3.536186039509655,2.5613427090835668,2.6579671112307874,0.890744563620154,2.0302154841877313,1.7474952694226884,2.0375238700046947,0.901173681080383,1.582581034444666,0.492347174481503,1.4521723626310337,0.7196241781355166,1.224979408400504,0.5803202594037365,0.8593915876844045,0.3144838209218198,0.6591474455903579,0.21721204922195453,0.6424117530573575,call_9491f635b944,1,train
-12.122705584993856,15.32813711771626,6.770584108719641,4.398539338006361,2.891963092306397,3.0677864764607956,0.9371991819293837,2.3859764509065746,-0.15128033124094695,1.7443044533137313,0.5226670977992418,1.611921614661723,-0.6432367396669629,1.2974462269524796,0.39283922443696817,1.0236915760000238,0.15298763232493376,0.8008282856180908,0.29925806531033,0.7312504766794017,-0.18321753908680793,0.629002967366221,0.04978420538290388,0.5941495191647599,call_94a8c8502249,0,train
-10.525271319111601,13.764544458117328,5.479139524371627,4.350254373070513,2.2308206195026337,2.936177343054119,2.3774291521649396,3.2013074840091114,0.9917400180632132,1.9594160803690324,1.7006814042768,1.7177900846684866,0.010985435230693896,1.7413290729685227,0.613686539134942,1.3525916778599454,-0.23424043718205528,1.0688408681197517,0.07687185781884845,0.8704717517583394,-0.30428529470810584,0.7230270708912864,-0.01355852128537019,0.6506154165428067,call_957a8384caff,1,val
-11.299555678373537,30.882179082084498,7.34726314553815,4.70884548682329,3.2387814767259737,2.4413043553415106,2.780043670842028,2.484733573700016,0.19232080412741226,1.7744710412294182,0.8879245427046425,1.4611965990363234,0.21090442201833887,1.4266747615124173,0.38280307039360073,1.1403344004080778,0.2941303440867931,0.9569646404080984,0.11593221297940698,0.7546216410316083,-0.06846678574734996,0.7031956843656681,-0.16159381039152837,0.6248229508676835,call_95ccefc6e4ce,0,val
-11.543687358787325,18.552561195130046,6.837015121775357,4.20988824700238,4.2668550234339175,2.649374730497129,3.6265671383402616,2.6120927819669784,0.9412844836911349,1.7341575209515172,0.9429310206600792,1.5532666150046968,-0.07659553217641263,1.475423557419904,0.46221591640372117,1.0316067898886596,0.09698013169393332,0.8395330352026128,0.174748491684041,0.7218770532242068,0.11666763316586974,0.6839747688203055,0.1738856533323892,0.7283528959354628,call_9741efdd34af,0,train
-11.40316800111122,6.221425929338101,7.16979989767149,2.7719012809467287,0.6400169890271625,1.9162272193396026,2.267364889784683,1.6401250245812826,1.0047602845986259,1.893419553590446,1.328292148230267,1.3133363638845446,0.8779314341930673,1.465411749820574,0.005828152707506223,1.0593681821377914,0.0021266018572022316,1.0520484771292626,0.11355215560496314,0.9814801178780547,-0.2731484386451277,0.7971124890771727,-0.02434181350354038,0.6899187452402054,call_97701e543c60,1,train
-12.831527321314322,13.55163638413999,8.118104097669066,4.330370559734793,3.648833277535412,3.216186001982795,1.2032174073246487,2.305406172467821,1.8722070519277891,1.674167872888314,0.3171961328688079,1.5498553281362561,-0.21903069070125672,1.547895041211943,0.353332070628563,1.0822239165980052,-0.06048759994901623,0.9179855203009848,0.1864707441591822,0.7671234513539243,-0.034416284836281924,0.7001128204488035,0.04594709898483881,0.634698177368241,call_989dad5aa1af,0,train
-12.857009842526537,13.336471771393153,6.114747249208669,4.4476958573223975,3.2626621844104466,2.3243224944631318,2.669167010972675,2.6853145585540967,1.0143853076822003,1.7000745519024802,1.075952277227688,1.5082626254309153,0.011622021324114565,1.3661120678245244,0.4041415879543223,1.1287444933459072,-0.09561329630047477,1.007398278928943,-0.022386743509538565,0.831432664152085,-0.06131878214231188,0.701511419108691,-0.028327289970893954,0.6355326978395844,call_9a3d5b0a64a3,0,val
-6.968871524903383,16.335261694763446,5.014381077848121,4.188882239639706,3.139593226776287,2.8370990675106653,3.591008701523239,3.300754189552348,1.5321164377598513,2.0727482335567986,1.2972813847967872,1.4366259865140742,-0.3002803725314174,1.5742574872987398,0.35789069346869773,1.249064272410832,-0.3230334915941743,1.0396380967012793,0.29069991809964346,0.8114945175876536,-0.09918615842094458,0.7721994316483674,-0.06272015030527861,0.579842116442919,call_9bb847dfc83e,0,val
-9.506422423544823,13.701704756907708,5.837116576009761,4.350683909944141,0.6553996803124577,3.0664319926863843,2.353716164778369,2.583392050024951,0.649976668739201,2.0939007831154655,1.7653433978172584,1.9832334484390193,0.7342469035813984,1.650991827775492,0.3257322821489101,1.4218035971194725,0.48585697025269287,1.1640910695118658,0.6131799277517476,0.8800740786629009,0.20485132046597318,0.7216974406276421,0.21088050496514302,0.5995181432140099,call_9c2dbbd1fe2e,1,train
-9.513576943873872,11.500407036086187,4.233482727899581,3.5728049843272953,0.6044801821348005,1.9793949965631197,3.7776352031819007,1.5013736318575355,1.2804480895813952,1.638942692423408,1.801784089393971,1.8689639247086667,0.6675614529424465,1.2530188028209337,0.16604188587982593,1.1759590321117641,0.2718120468858738,0.9906547568883162,0.3088169636406679,0.73047858601336,-0.08916870173979215,0.6260636151041613,0.11683695340171145,0.579213192011038,call_9dc1a304389f,1,train
-12.907698186836349,46.32174864924431,8.183367396972395,5.777626342687088,0.25271671269921947,3.7556111882765895,1.1181533993401482,3.100858934282043,0.6211944200138984,2.2932339536909776,-0.2934967669458076,1.7773687950596304,0.5170132241136274,1.5455427845657004,0.4188652709422047,1.4560359465565536,0.20372233199481687,1.0649105400002927,0.30852917287737847,1.2048645570262562,0.20809720222938932,0.7551580271974067,0.14250365552595592,0.9247035394847143,call_9f11e2c5441c,0,val
-13.714955268248483,14.611459550250428,7.01062686302908,4.970173336885738,2.190436836496369,2.769603948284649,0.5743219405777975,2.577163021493307,0.6568815688735447,1.792517094899364,0.897484732405545,1.352933321846658,0.232422063635706,1.2069971189844855,0.2841245319847623,0.9607871182721486,0.4319131161231775,0.8565520587170676,0.2392607485959952,0.754651351956925,0.20432995621931616,0.6472544469725865,0.11209334719723042,0.5753152225281469,call_a0fbbe7bfec4,0,train
-16.772555797553945,13.499590665213137,9.070352062735914,4.829451158385691,2.368694538900356,3.2201232902188117,2.2094627399163342,2.5763924575413926,1.3631946447640724,2.172263620087875,0.37954650718146743,1.845932490695075,1.6056524557871013,1.602218641908104,0.6079073523139715,1.3591320715908521,0.14207632948973895,1.0710698469907327,0.3625618054129197,0.8530692690077648,0.3132734434789373,0.7959056885151893,-0.07221111017329795,0.6696847672163291,call_a2aa58c1750b,0,train
-8.571007705522806,7.1651361715046535,6.46021335975388,2.992151576233395,0.6006019094683492,2.1139495847042156,2.5122542252474163,1.493900084825743,0.610672047004404,2.0748707088728784,1.5390697840009053,1.7339450556307499,0.6580401771322073,1.4298293446640586,-0.17104482998591478,1.2179862374056252,0.14015032120274298,1.1951624875212001,0.003346029973038886,0.89120363900531,-0.288181267183387,0.7087684287597662,-0.06971840072290122,0.6539637948539448,call_a381913d938c,1,train
-7.804527251761291,12.291238343912298,4.495642955712279,4.773792914304993,0.5991168402512079,3.4044726059766655,2.7754704962763634,2.5544689914508028,0.4604557142538114,1.9969061896340616,1.4920050107752294,1.849725090109006,0.702765345050659,1.5015391727632788,0.23581744068374882,1.401733410126045,0.22261595555133668,1.3874332456702112,0.24351814090688945,0.9815836254293423,-0.09646250023417227,0.7677678615919862,0.181476832160037,0.6217795012509687,call_a3a1f51a4bf9,1,val
-7.025974912467683,8.432274264187598,7.183470754392423,3.578151330223946,1.371020915792013,2.875280862013258,2.0246053684848215,2.288320516803495,0.6945781533256685,1.7523737851716956,1.7742824685156457,1.751037320089239,0.22491132300608394,1.3809265310844658,0.3946777668690946,1.3788980059139349,0.40898938313277855,0.9721414312294956,0.407379271246604,0.7754748293231846,0.3053559765644256,0.6404101742686119,0.15938446878894214,0.5353313640509898,call_a426226cf8b9,1,train
-7.981902063481722,19.369216822085097,6.015736155244529,4.640522678879707,2.5308809083095047,3.044967939819984,1.1837795416937107,2.904261064548996,-0.6837332319266938,1.8163025983505903,0.4656701716471723,1.6685547269355088,-0.3599169657340288,1.4257772529870356,0.8334055120708793,1.0491830415187493,-0.07500033634924005,0.9307064277489869,0.11296583045685571,0.7416597728655963,-0.08270978539054771,0.7336411285194206,-0.04719348261074807,0.6476703922255092,call_a4683528fef4,0,train
-12.159979846819294,13.664915086466255,6.354810032226032,4.623591783554998,1.9570432671047662,3.019794615307088,2.570915535829866,3.1556166973730044,1.826539144849273,1.8740777975036171,1.8454657169248345,1.863211058836251,0.03594403497630628,1.6943939597991866,0.8280283526450678,1.2820007970335991,-0.32810692802753794,1.0266880134758047,0.3713336787074839,0.8630037638493299,-0.1349667769285567,0.7240310254444374,0.01769377926222061,0.669215876041786,call_a49598543013,1,train
-5.368919524705765,11.914868412527689,5.929926494439908,4.300613230662018,0.3180830840806835,2.528990166234188,2.429654893740043,2.9264509238120087,0.6820658497306058,1.5487684527155159,1.640306268292484,1.8430190313760266,-0.19477019067239487,1.8430615851559347,0.6036171378621525,1.2962433632097932,0.10472784545503105,1.0549993938098656,0.3406737442112707,0.8739787595709277,0.06840454408078919,0.7213099503632038,0.09695857976373196,0.5938755492901687,call_a6481017c744,1,train
-9.94415595386726,11.507740213053902,7.441001955312855,4.076245582132197,2.6581767431161074,2.9838519871835896,3.10252570767375,3.103728196216766,1.0996450883223738,1.758265167743928,0.7791417906105338,1.6907801654922727,0.08094996685512224,1.6260752338158488,0.35352700777635043,1.2334959082241266,-0.4034675193297481,0.9793090978911433,0.5802269069460347,0.8319984186345063,-0.20301651042442245,0.6575233424590968,0.030417534908803723,0.6351832475512449,call_a71916766a4f,1,train
-17.73597253571474,38.54591761425369,4.134231588452677,4.788874688635986,1.876936544127509,3.1727063521126837,2.1090866721390817,2.4372199481941657,1.6363405981360621,1.8790696863238687,1.4187363055045499,1.545823670133258,0.3630222649867382,1.3583240514129007,0.6183661094417473,1.2418829903988466,0.380949906015998,0.8273471079941371,0.28089074315693496,0.855402192024242,0.09192794189953092,0.6026695860177906,0.05206777378414834,0.7139941795675917,call_a766613f8c8a,0,train
-20.657234389760106,12.715240690564722,3.961105361892204,4.217940832028403,1.2211013951890792,2.8461226245496816,1.7680117204024475,2.2441595623126345,0.9944848907744981,2.3848544193336596,0.6617474678150886,1.47238552415991,0.5901688936217471,1.5961159561685896,0.3280727252300736,1.2604742577217822,0.3756361784939424,1.0250035839843856,0.2261670687308726,0.9659489510484732,0.09310292086141797,0.752055296449399,0.062245424396593696,0.6778056507005346,call_a7c95e99f3b6,0,val
-14.369896279446396,11.34808457954195,5.939929688896203,3.936202337955155,3.1593826516204633,2.597177595588269,2.095174513407179,2.26607436339428,1.2618726802380098,1.6832822905740046,0.7238014498804367,1.5197564010947895,-0.025601149480033218,1.44128474829191,0.28556498138310743,1.332855422041337,-0.2186548441702842,0.9521293658490994,0.4409508869664763,0.7783524606488226,0.005512588874464839,0.6456806656285013,0.2909837716262428,0.6121698170372037,call_a7df1d46e72b,1,train
-7.778499036323745,9.147050074148286,6.734995339056294,3.955442006202774,0.7840339809381522,2.368008056647769,2.556945684749293,2.82371682619194,0.1599672833596758,1.4486708737123113,1.2611838963782778,1.6817290732776942,0.017507880150588684,1.527495309930851,0.5558574373796656,1.217298550118652,0.15037937776650592,1.0299276555906727,0.39921541720963627,0.8344254445900878,0.1538241459079785,0.6746011296300597,0.1801952722980537,0.6019236109360216,call_a7ea289a43fd,1,train
-8.18600132441335,14.143985453290007,6.669544521329691,5.2355082149888945,0.4121629639498589,2.9078289670470423,3.695750068836481,3.0234498278123536,-0.3079810885342966,2.1354150372011653,1.6844039034373997,1.7560458302992632,0.4958447074609581,1.5762076016203,0.34373391518584623,1.5474232699001436,0.3521235588200614,1.2323732764321484,0.2816750483858618,0.9697931092607524,-0.06225268566778722,0.7955287676499243,0.00750583289872242,0.6388946616613593,call_a8ca5b456ce4,1,train
-7.212316062061413,9.28555510773696,6.3308892042708065,3.300143310846976,1.0083366143126102,1.688623899287782,5.979755594471358,2.627794331853126,1.2518637103869747,1.6460020658230667,2.6165774802376256,1.5427507520117105,1.1358287762607167,1.807519572608626,0.3316664707918278,1.4393746283912061,0.4255791735971307,1.196696165353274,-0.0724093007626177,0.989299221447413,-0.113723415749961,0.9159157316351721,-0.40255201949440333,0.6091731273413515,call_a9d29125d786,1,train
-14.661280086834648,26.54627845060037,7.686775464726131,4.881851681519441,4.604388629897772,3.646958060999229,1.8144754498959865,2.3816460896739504,1.1148223674835216,1.7350985853736227,0.9796521025372371,1.6368616274635586,0.14677380372977883,1.294512434588392,0.2744993087995258,1.0562005299903168,-0.06154450328654937,0.9455306162233955,0.1691801479292135,0.7675790984038617,-0.14695779185177135,0.6675544028870006,-0.05059971847578306,0.5848833613291847,call_abf730747901,0,val
-1.7507430210120845,13.423001457005407,2.6770496353937494,4.698850497690642,1.985614565791893,3.170224036763925,2.0729629461073955,3.095504257550681,0.5369167288895826,2.021648935787451,1.367070726369053,2.0305561311259237,-0.4065389378823228,1.6919109425399785,0.3415195980594301,1.2858020447967702,-0.2908610723518173,1.0646226738885272,0.3087108042679333,0.8878670481031763,-0.19613193563545542,0.7773437888146997,0.1531624677018949,0.7516988320679345,call_ac80248cae29,1,train
-13.412723068139975,13.32883186066858,5.592748712852916,4.6601571090778995,2.161995411067397,2.9166755927941455,3.1821464780367172,2.4998085484634904,1.6684859739098474,1.6078808268678424,1.3625824425877218,1.3104684894465868,0.8513913751971514,1.3447250514923905,0.45651827337797435,1.0272810064019653,0.6707693542399857,0.9592624028282286,0.2840143486587927,0.8643726165892751,0.03889056031288228,0.6909876664393476,0.05063372457841116,0.5824705642455397,call_acda78859d0d,0,train
-7.374493543743382,8.988068794804535,7.119101123855021,3.5980829502826537,1.064597610071612,2.62888691207025,1.7990526522002543,2.298211786192673,1.1260635396364194,1.7437447220197784,2.171353047586763,1.6528780095250937,0.21468912251226996,1.4554826944356265,0.2341115622251359,1.2604670611604274,0.32061705369971744,1.0274430759299444,0.3421072617207733,0.8223035899596571,0.2216045988952194,0.6512919008166284,0.22115844911479454,0.5735499617996301,call_ad8e23b11d98,1,train
-2.4073777147277178,9.139438555590875,6.379876386071018,3.790440529544451,0.7937882631801774,3.09268016165766,2.6285051260660923,2.733670325790481,-0.32769604212697473,2.001730923164225,1.6252458352518535,1.3784568993549302,0.4355306668635276,1.3128975227753272,0.4675077670672,1.2833782756025667,0.3690672896393209,1.0691733243874222,0.17843099298661608,0.8202171573622482,-0.12295090580785678,0.7065558755462849,0.036314722196014754,0.5545090073572531,call_adf30039caa2,1,train
-10.32976852654741,13.805295502002274,5.7571499318531805,4.826636438486816,1.1153333502271279,2.991040706201576,2.035341325912934,2.796903731892052,0.5093206574309572,2.014221527738531,1.9501666978556926,1.9871415023895667,0.5267059083046579,1.6866180463723017,0.21428495131778727,1.5535904186365141,0.37675112724918974,1.2031145755734098,0.3655493851598296,0.939010717988594,0.20029757309730598,0.6678752692678025,0.19585494101483927,0.6460659576099307,call_aed9b45d6c31,1,train
-9.479420421004937,14.256016921796443,3.7358518898136084,4.627306752572867,0.012624107704541365,2.978303664575735,3.044715770008203,2.7026965692974914,0.45387309807066956,1.85290848072693,1.6289173050904147,1.9244027662067864,0.509125593013959,1.5245974402634332,0.13510318567085944,1.495168157413856,0.14980751913978543,1.3728425493500445,0.3307463666997602,0.9221642785153499,-0.03116177203506897,0.7187691891187721,0.06942290634304193,0.6169979394186612,call_af9ad367dcce,1,val
-1.7895783308514939,13.703447402636193,2.4935485602220058,4.19615259193832,2.1323495972382123,3.0179215806465125,2.0550674204883483,3.158809225884677,0.7520720512875891,2.0016668120520458,1.8028556715835213,1.790879069751737,-0.21026548679386273,1.5724073167273804,0.37314093454742125,1.421739856622783,-0.32716353664215164,1.0990851912829094,0.3902254315311967,0.8625222504516178,-0.2154302921183528,0.7020983122783395,0.10418416735700926,0.7272807035968522,call_b0836ff3142a,1,train
-8.20152567294387,15.499463800375889,3.5489129331717386,4.42403893950676,2.138042571111084,3.008671270703463,0.9671746319081983,2.479313384979742,0.8423839448835311,1.8187699702309499,1.3024405818971643,1.6422402565600362,-0.23231842389184315,1.5910576481252259,0.30668216282510696,1.3037286491974311,-0.8442698255193917,1.0882491739618247,-0.1622479692327776,0.8284568451623843,-0.6510176629124109,0.7174687965701236,-0.20942730479740354,0.6005029344179283,call_b167dd907a80,1,train
-4.583140578215023,10.832188047193428,6.276827104706323,3.8356320936420376,0.46794078155847796,2.959707597666573,2.85637081683707,2.5354975300863813,-0.14845214540613078,1.9784072987605958,1.7205389760619474,1.5518155286435724,0.43681219490037315,1.3379074460455405,0.2435291838093557,1.225935954592033,0.23147640370724865,1.0604515359229942,0.22950046278270686,0.8652876532772668,-0.11666591396887349,0.7245071986177976,0.07376919799810086,0.5985997351112626,call_b2594d9c3ffd,1,train
-11.192315780648352,11.17606332535163,8.110826623492892,4.5756729557358895,2.0761731171428046,2.2805347819947417,2.0396917164850503,2.1219195360887224,0.5241459713394991,1.6808634453771925,0.8064498917874016,1.488823891644667,1.557351548878613,1.367270714492299,0.8319880967967295,1.1963580256141397,0.7692072526368731,1.1077384053225094,0.44149866373416435,0.8402627379810923,0.31510200878971256,0.7036013511459441,0.3312495926920338,0.6035993977859223,call_b382ffa5187d,0,train
-2.0987037434724547,10.051504954618775,3.1528935548257815,4.286046596184535,3.0723610073598295,2.9248977383483883,1.5514883070702543,2.6228801410492655,0.7688927856209667,2.035840660896377,1.4772664628634207,1.7622354770490785,0.04093541962262978,1.5169263155068684,0.6187564237242178,1.2681575508797172,-0.26846130626042386,1.0655403091676248,0.36409688250190797,0.8426402378667711,-0.22644667339771457,0.7633527952100474,0.10522398935710639,0.6733751170973191,call_b3f14bd5c2b6,1,train
-21.458769072204145,10.96952627784269,7.267074656197309,4.393915700030528,2.3553347601421493,3.7585008513025664,0.5504752541240691,2.764077845263259,1.2629233521761472,1.8110257469878572,0.5771432596954023,1.481919374595326,0.05113512818238286,1.256621186827974,0.1453573772580428,0.9782995671083222,0.34076683173818045,0.8213176913604538,0.22282365783279032,0.718532431427943,0.07589373151876838,0.6470043125212589,0.22088432632783944,0.5839674507921306,call_b41c86402714,0,train
-9.12592601232458,11.289733987486544,3.9343167208044694,3.605442128539425,0.5561112281868683,1.9789650079679328,3.954511334577905,1.4599094929703027,1.574820056247468,1.7145805225041109,2.0150935595117287,1.9033627445333403,0.6158478070650093,1.352047619349382,0.17501583474052332,1.2884663079888015,0.3183460281080391,1.1359379090315809,0.19365626152444032,0.7234033280956038,-0.06764252794286682,0.6604179856073796,0.15003073712219128,0.5686357488075262,call_b5840ec7dd5e,1,train
-8.233545030429562,11.840085983478554,4.803154209138105,4.061447287216028,1.8639327544697775,2.8784361780643986,1.6193223274471955,2.3485524625555025,1.484224395206866,1.7977135602314152,2.5664532638865705,1.6867321765318974,1.0857115976408562,1.3070590520630607,0.6930737168403851,1.2455548332732218,0.4959608598872005,0.9797277431529965,0.585748791033812,0.7191415312991211,0.4014118933359846,0.6584077464964749,0.23154395184341842,0.569182648834726,call_b5c4803ea37c,0,train
-13.281703100068128,17.661363000717046,7.871340338218959,5.726502291481301,2.0008246235568588,3.056813043703258,1.430607935149559,2.5520035613459298,0.629086152313303,1.645311678759043,0.8643218984197947,1.4417791000411522,0.19772344881824533,1.236049419019571,0.3880861568221222,1.0534843031667025,0.16229089476724207,0.8436197461685647,0.24872071974717064,0.7497722422554344,0.07445795452258151,0.6107382588308377,0.06530899246257516,0.5565136835331361,call_b5cc1f8d8fee,0,val
-11.432686275150713,16.22119351966541,7.6562646960749206,5.313612382569675,1.8338568469879664,3.2358642967310467,1.9958954492129901,2.592432849819231,0.10167506578296358,1.647967294962058,0.7719410201223827,1.5442708206526485,0.1488683146202828,1.1937297060153278,0.4835829979490978,1.1019419209124788,0.20278175138218824,0.8830476401074929,0.4135341400879594,0.7265565979517743,-0.026425268851451876,0.6236345410165473,0.07579802146514535,0.6124701647821441,call_b658b1155216,0,val
-7.313388348175417,7.078568122593495,6.453503788219461,3.4593330546837455,0.06343634034593183,2.4347873989304114,2.5060336785121873,2.0875735135345717,0.5822173572075133,1.985034392837428,1.586868410473482,1.6556494851900114,0.681269842204103,1.5016625569524984,-0.04048545123542427,1.2752248143301845,0.03002762949294932,1.3064394798855472,0.0614187366559366,0.9296397716551054,-0.31584162680537753,0.7522498445982013,-0.05546997366354771,0.6602606698687379,call_b712f501aeb8,1,val
-10.128786999483037,12.945349671999212,5.849657511141649,4.716086356433697,1.1820561702531722,2.8150583692662945,2.496907739569646,2.6253850094866222,0.7105717615376881,2.048460529430174,1.6398449741135273,1.8849927593001328,0.5699198363876622,1.6604330078544596,0.23977326643992328,1.4634033578519932,0.37589149901868013,1.0905928572771455,0.5439223208409074,0.8391175432125055,0.2600685286328476,0.681601920524932,0.2429906166830762,0.6196125711168543,call_b72eccd91b8c,1,train
-12.952500755956034,14.98062395041777,4.434002363687038,4.276790482511566,0.8575736349674782,2.9151376728671528,1.8908855580752517,2.3410378781168273,1.4390310343313124,1.9884215206907165,0.8853212925656668,1.6655220801678616,0.6952499402745587,1.3685955888605135,0.46555450869296183,1.210450946397729,0.4953465699122267,0.9273214779196925,0.3861786280820704,0.7091853287355547,0.08482734993428538,0.6535375062667677,0.16310890657132013,0.5771308843360701,call_b78e6c8e05d3,0,train
-7.3765429192902365,10.910071159060212,5.2377363981961444,3.690377218234572,0.8355970261818775,2.0479648792909,3.1210368521787797,1.7478948190817498,0.4274973386094126,2.302577130252226,1.7499834821043585,2.043476418681476,0.5739928361423654,1.5497225915633823,-0.04699926335995391,1.365566326911368,0.47230425546783406,1.2188064638903515,0.39722210492300913,0.9068313174865527,-0.20706561297706,0.7022704744339402,0.062104241463645016,0.6246063760781442,call_b7c3a7552903,1,train
-15.590490462482451,11.351479933256064,6.28620700556141,4.788410523662152,1.3031196715881543,2.757422050019625,2.5539508493727907,1.8856157940368108,1.2611924625609934,1.7705108323373342,1.1979668878967655,1.4573436836689364,1.506867038320224,1.4070212228720325,0.5239680306662768,1.1456216868619746,0.24804283185584497,1.112396609043783,0.8472753672814706,1.018541506401274,0.21769787318697692,0.8126155786026995,0.2952793384110415,0.6389038525969032,call_b956718b62ae,1,train
-16.003208967428016,42.75396709602285,5.017796502266087,5.061830967810803,1.84525295694274,3.7129292395112508,2.2826216347919983,2.819630845912429,1.0851054880559885,1.939844776045212,0.9879987509033011,1.86099859477622,0.3695613337543714,1.6758841069131276,0.460508797201129,1.3185690358208502,0.19333144766402915,1.0851124187080785,0.19331257779688144,1.1485250822795088,0.13051651052364932,0.8172165128594883,0.2628646459034783,0.7852231666038972,call_b96e9305d9a2,0,train
-18.40650635384047,11.752986887483337,8.868844823287525,4.543231643142614,3.686073917600485,2.5652517773038275,2.3317079043324647,2.437964016262216,1.1627801198362062,1.7740819364505482,1.409342250595079,1.6281859385458086,0.6933076933188069,1.3644038666863,0.46970197067365344,1.1904195230824248,0.3689564083632549,1.0258582203832614,0.22336656673208,0.8183616320666554,0.08098067522068972,0.6899187693222015,0.03934514053089423,0.5928677400606341,call_bac44092a11a,0,train
-7.886563804688139,13.437770793161263,6.304590590079983,4.645321493106964,0.2295148775006536,2.7449703978100044,2.182842501308522,3.076430923833012,0.3244202008435436,1.7133226810060274,1.198472311275916,1.7824911920804953,0.1889262514773941,1.6324417639116666,0.481975281841068,1.347177677599199,0.02602396369296818,1.0347843383158384,0.2973920234260059,0.8344316527606999,0.07282207226415749,0.714503047906596,0.1299722866546853,0.6056160650895638,call_bba20372ca37,1,train
-8.341227548066119,6.790218606280543,8.453621456804807,2.945851958698639,2.55355360971339,1.9104235269123353,1.104116570252609,1.7477584781152584,0.9631121519267816,1.3972299370800068,0.6177471107146596,1.1608276342489057,-0.09252618028324719,1.2774379182712048,0.3628608414701524,1.1027214134992298,-0.20180819742284373,0.791406056943607,0.4380277492387454,0.6747237972843465,-0.10355834710306827,0.5588593509097306,0.23661825732913572,0.5400801680511776,call_bc24a38d8bf2,1,train
-13.86206707645147,13.862779441883669,5.977669178258051,4.298344945534237,3.0842834226487637,2.8013478936438108,1.8331292554015053,2.2966618864059787,1.8914835635693916,1.5888489049116459,1.6400262643349441,1.471867332682427,-0.14399481942024717,1.2855648026739415,0.8269861052187796,1.094697821067098,0.19493321559193372,0.7779957926062807,0.3678874571445693,0.801686289740745,-0.05024641728340216,0.6624444725298028,0.0007210003010618138,0.596237749495975,call_bc2c7c34acea,0,val
-6.8948742475840845,27.371221905695275,6.812144646291223,4.648537713575654,-0.7462367689879875,2.9365096738898666,3.0509710937623957,2.6796439861921626,0.1554458130302447,1.8150529336247778,1.1570694528516074,1.7770569666926728,1.6616490716033627,1.3891459359883003,0.41189087313198586,1.1853877182378316,0.3295088490271194,1.120231708566509,0.24312850820402543,0.9609578138189646,0.23788945900446729,0.802213926500725,0.31021574336385954,0.648971570720935,call_bc7120020303,0,train
-9.696712686372965,63.16822872193791,7.644737552790648,4.50383864173307,0.6057549759237847,3.8115443240824676,2.7126032779054414,2.8542073006171784,1.6203159569027108,2.123471953268468,1.186148155057789,1.9061199205786137,0.7850318118261392,1.5962651171403859,0.11449949575638971,1.5892936193124114,0.1381529802163899,1.1792246373175452,0.21086672926727068,1.3023794727159006,0.31213821164978767,0.7426681049190951,0.2508885073259156,0.9593432740873973,call_bd2262567810,0,train
-11.320781012332592,34.40898223979529,4.59184659240136,4.326587613890729,3.420063639710422,2.6786046487600337,3.2511586665544625,2.835922522929004,1.2408669775872792,1.993134111886347,1.140654543121242,1.5452381574092664,-0.2161184527860247,1.4984382024138831,0.3077959295078433,1.155606246227423,0.03337228088954278,0.9100163007732309,0.17489709752410973,0.8470627185324432,0.07604817258575602,0.7000279555940485,0.04262699826805469,0.634584581794369,call_bd98a8224da0,0,val
-14.267017992800739,12.957280572445379,6.709286914354087,4.64053382628439,1.2791121823341438,2.6191527974692295,2.7614101546256347,2.818240653376565,1.8115906614172015,1.6906718701060297,1.7255272070047094,1.3923950449559819,1.688493770884893,1.431096783746487,0.6380853236897489,1.1135708978545102,0.40311404294261177,1.0252462474416122,0.2530575578747433,0.8194932828866694,-0.09391616417430647,0.7038449401748401,0.03695476322125679,0.6315348808864494,call_bda847d77eef,0,train
-10.511791013171148,11.605928042972755,9.334585174719138,3.5232398011876556,2.2434285459412253,2.558560080925256,2.8399480469815215,2.8109724915946233,0.4429577729958985,1.5255476761723792,1.4276922000625825,1.4202401474201198,-0.6685773286959771,1.4371125743628341,0.2096406723044995,1.0863898277732735,-0.2920204811472791,0.9647086132845268,0.15692968600788015,0.7438274720563489,-0.06575183086655868,0.652263548737711,-0.08201624606758576,0.5972824682768526,call_bdfa814252df,1,train
-11.167217199107514,15.24968805693286,6.735776111712324,5.625498545592876,2.6995935403133404,3.0143453396881816,1.203431462739909,2.9646369529457504,0.4228436818264627,1.7264022698220254,1.2398618274296098,1.4272853805013395,0.3894163668134813,1.1680264305398282,0.487541762319081,1.05926488207342,0.22053926431179066,0.8215694304599684,0.15278246498700343,0.6865514319077088,0.07843848053126717,0.6175962582049623,0.09695126975553855,0.5743493330974843,call_be72006df132,0,val
-13.244153057882396,13.877693969588178,6.742232621552379,4.5509342314494665,3.92803648647839,2.6420269196265727,2.380397672934212,2.4683679919002066,0.8932679986046899,1.6286631026372194,0.5177611912896032,1.5016047188422346,-0.17092326376386552,1.406285116139552,0.3335105081368848,1.1158116583856534,-0.03795967710980355,0.9685383838862547,-0.023055206696292074,0.7977270033725717,-0.06012781288233881,0.7522770274197808,-0.10409836167525605,0.6524424853306681,call_bf0384ed27ed,0,val
-7.497968374157685,11.79358363323994,6.319570682966919,4.080591197149749,0.4403810993936078,2.3120888508443183,1.1758174048866057,2.9610572769310943,1.070610254002607,2.0420890446751585,0.41969624732425465,1.3751753981349455,0.7829806045394962,1.2800076375473215,0.6632729491259639,1.1331388391213586,0.17187946107517865,0.9642367545550111,0.04875808326178044,0.8293042910972184,-0.016194775078928,0.6657156326497993,-0.05761237022345056,0.662520228454856,call_bf4ed1a05c84,0,train
-10.8447780748244,13.823392541642693,5.204411954560827,4.468054762346472,2.3592833031117673,2.902527979686542,2.4267672704787913,3.1279800221471312,0.9448167254536014,1.8801943091447546,1.4894737823514894,1.7498309942669612,-0.0895181233025476,1.7560604278948144,0.503319067529618,1.378532962056988,-0.24252229479691034,1.0839028671336894,0.021665477132567022,0.8393211842308403,-0.3148029196878765,0.7369011455724651,-0.07372436346196365,0.6386381193346001,call_c04725672945,1,val
-10.53668354355816,14.498153910165627,4.855178801453751,4.055791578709493,0.828355510583912,2.127245461893671,3.1134445885576776,1.6534738845285,0.6245955446676219,2.0999841555589174,1.5684163012941188,1.8694714714466627,0.4920590014193358,1.5410176764335781,0.07708183251404112,1.4134156362760557,0.33576831926267214,1.1351527918166406,0.32540774968765357,0.8195436858974326,-0.05282931368454155,0.689583008342142,0.04020068432914245,0.6074214556208012,call_c1cbe639d50f,1,train
-0.26047130774172034,14.2807658837412,2.3408637264138386,4.012406047866363,1.774211521445952,3.200376979666103,2.565664936521483,2.9221799643882043,0.5203492536751392,2.0207506517170124,1.4462605886643622,2.0102870878631296,-0.3515118429498976,1.6176059819790978,0.2883092393514954,1.3150085509702918,-0.24346538017360375,1.0247373494627454,0.18708629144596675,0.8705420067100835,-0.1456400306653117,0.7042924176495959,0.08082319706930224,0.6997899582427282,call_c1d95df7a179,1,train
-7.76761476574257,12.263996162629045,4.363771323924307,4.642341792429629,0.234508693224943,2.8538174631540465,3.0609142499522104,2.439765876030321,0.3225565818134484,2.048019735825757,1.6215464982218002,1.9874941192282167,0.781210479022596,1.5692045149475111,0.1427839239901077,1.4672598634357366,0.24812884170768373,1.2799463114948928,0.43459175568450714,0.9577626146921367,-0.05614939342947614,0.7233348192285881,0.07279587941029536,0.6553134187184964,call_c21f9cf2390e,1,val
-19.066588651682668,12.51412857336423,4.04007308587461,4.697320495967607,3.619214784305105,2.929427536578962,1.6953174105404876,2.830413520185521,1.2544102585447345,2.059197211218297,1.3930154745306829,1.6530583209174292,0.3216194838579278,1.313426787239959,0.6156632047313674,1.1578267723331508,0.1961338132965917,1.0080201922494856,0.2666253137868706,0.9008224217378821,0.26250818729617,0.7914320417130004,0.17154046391821381,0.687576294039203,call_c337629bcbbb,0,train
-8.387388199758991,13.222692484513262,4.529807475211584,3.7801866551060184,0.8302250015835326,2.1644452112776618,2.9990929227648255,1.6870544859463148,0.8525441782627186,2.264706706626278,1.8306228129435194,1.9040385389958838,0.6369205373854407,1.4669658177496916,-0.010904646557832715,1.4211602453805905,0.31988653887006524,1.2650703563800842,0.38961603407089007,0.9050698142116005,-0.054305790223963174,0.6401586542556943,0.0738299368996245,0.6020004210116756,call_c3417b995627,1,train
-17.947946059476433,11.887122489746165,6.164126305854535,4.775146894535401,1.4263128228357798,2.671123020405096,2.659795911800851,1.828008372196675,1.11522331133507,1.852889624171929,0.9682155840094488,1.5109202968572122,1.6514784485070344,1.423999052830956,0.5616703878843008,1.2256062327885309,0.35526849773004354,1.1338037235675065,0.9853964102293336,0.926537144019512,0.2750197088929409,0.8257374381351817,0.32480344976043685,0.6474133029569016,call_c3a3ab5fa472,1,train
-7.550488828423635,11.227726936654948,6.371799442512067,4.211090568035677,-0.04549252464889611,2.709363781612542,2.3791421462316142,2.7593013797814083,0.4747037027215669,1.6293868905773317,1.6808164562050592,1.6118682067861538,0.14912687754908238,1.507533536383638,0.36242556062463016,1.2515355686207759,0.2585904701915923,1.0093723496032898,0.27703168982344206,0.8052195756256257,0.06431841166822855,0.6970998648295984,0.2385666687331053,0.5869065818309063,call_c3e9e24958f7,1,train
-6.6907675779073665,13.030683053190659,5.163494243221364,4.0628301460229395,2.0603901194545147,2.563884115912686,2.988252946037494,3.0567988084106723,1.1439435463872436,1.9948145738093679,1.7280502354992784,1.731800471397313,-0.28586224873759386,1.7947357100635366,0.43200677448159774,1.2822193851374355,-0.3060795592302302,1.0156251014000275,0.08066875757693995,0.8611438606883809,-0.3785714103510747,0.7636660708324051,-0.07114220993460592,0.6492340305890386,call_c49b6face6c3,1,val
-11.59908766307494,25.987887884820253,5.213547243680065,4.261494705336424,3.19824045028745,3.112591822469476,2.576257877302537,2.431971161919652,1.0332195258110022,1.8270594217731293,1.3247641151686076,1.639624227877143,0.010056730257563682,1.3240324523343805,0.5702992259186008,1.2537164579406206,-0.1136321849680438,1.0886661962219464,0.32970388235308773,0.9241375426564972,-0.001753648639271379,0.7563106169736297,0.04064258064508472,0.7369285200750463,call_c4fc8a865292,0,val
-12.584800170798017,13.51341624118639,5.60960574969307,4.05872309456992,1.07585578319373,2.514912369884039,1.8698532228492732,2.4042749300840334,1.5153127307328746,1.706104742678827,1.399297439907244,1.5296641063278964,0.7289148422066835,1.3859574404821218,0.43247691800906923,1.1344436401049705,0.5821408189739841,0.9845636985781898,0.20663898165420558,0.7511600871447512,0.09368974124351759,0.6811140929941587,0.27078113679432203,0.6019178668652118,call_c509bc8280ae,0,train
-10.37944640448529,6.208687350166806,7.253995681497003,2.8680727548678737,1.0098770083547635,1.883613435075781,3.8463365545546906,2.5448551113155733,0.7883022386822172,1.7532284737008674,2.3302916897538926,1.6817826875503443,1.0899718666958846,1.5944607100503996,0.06710082498854059,1.2841188216924142,0.25440396763892326,1.2497237115584476,-0.09808346206427462,0.9787089012994195,-0.2850687120325417,0.7874733695004541,-0.23905361640166486,0.7097672534775846,call_c5b04c36bb62,1,train
-9.79619326561292,14.473918997434566,5.153890070013622,4.357220383872282,0.6238972566247465,2.844832529797921,1.1484883482205208,2.676003519084323,1.0630000635147536,1.8089310674244736,1.06948766197337,1.5866642236820607,-0.14127051126557466,1.3814118963461197,0.4327370394509745,1.0595159231659115,0.771075577531789,0.8529397087646449,0.35811719347114646,0.7953122075980043,0.26096032222004734,0.6637452365918152,0.09851269648799964,0.6184789161698557,call_c647ee088162,0,train
-10.526055037261907,14.051340649877249,5.226379313063026,5.364342679466905,0.82018703691904,3.802222903225317,1.838988089762084,2.6794960751268095,1.0779262748337342,1.7806443813180344,1.858275171682552,1.7603042965255573,0.1341809539455594,1.4642918439729464,0.3206020957168103,1.3008029113003303,0.3585399396467432,1.0922014410850405,0.4203820238432294,0.7657624950796645,0.16149984183310429,0.5931381450864573,0.11943900148232621,0.5553855717576726,call_c67ce09b3316,1,train
-10.494479767846531,14.059163502822615,6.172358437759109,3.9832482891951124,1.2613296607446194,3.2127603111858716,1.3533852572081189,2.1403484845928147,1.25062592063405,1.6012265659747569,0.717665539196094,1.6013713603983208,0.6263746232589733,1.4216599040098994,0.3637744702502459,1.0926811800722143,0.3153414290278307,1.0351720368205304,0.17769877081283353,0.7335346099909954,0.10270516910999819,0.6769634927995481,0.15812594949731068,0.5701649593548884,call_c6daaae3eb0f,0,train
-13.39834921885311,23.504903879402473,6.22490028414036,4.584342436349878,2.0972794154514944,2.830371829168545,2.366766937511859,2.5219916161411757,0.9825683012992839,1.8351700266515105,0.9013268074002723,1.5772355852502942,0.8450058285598068,1.3705356152858497,0.7564523040958377,1.190274721152777,0.6060125015319175,0.9462874610739412,0.5793008248752909,0.8124481450521279,0.2238587690728662,0.6845747647352053,0.12736423547528458,0.6219143225250431,call_c6e878157063,0,train
-3.6669056383595935,10.29367788894831,6.184220092563127,3.601566575113995,-0.10940450645710068,2.9744170468963165,2.97094711079801,2.688378264031533,-0.03411214859955623,2.0713334291019665,1.6161133940995702,1.8299541787767428,0.3664559191530788,1.4876348186145782,0.2292757440905237,1.3871391893973002,0.5463048937546415,1.1869553675112032,0.38036545711894554,0.905721461834006,-0.10281519398970866,0.7342395254421547,0.09391020702499894,0.6243615135354372,call_c87e905eb0d7,1,train
-22.90069861016154,39.5055487340666,3.819384038425685,5.527450721293371,2.7745580010503668,3.826874425606918,3.1099762864839438,3.275321761655245,0.5291613751558752,2.0550786285806293,0.9628219848932374,1.7797909202037785,0.11944552198123869,1.439794675504421,0.09722097510392752,1.3024129266783422,-0.19750888404810507,0.9512085705533904,-0.030417520394750486,1.0752293260763024,-0.29113719243970476,0.8345047541724149,-0.09031800959526443,0.9251941506474856,call_ca184bb77a63,0,val
-13.594085493945837,12.175247649487327,6.21202502017249,3.9672011098023536,3.0775505134449275,2.6274365096413614,1.8388405487981099,2.219844825484059,1.217176811474602,1.6851956521057632,0.8032424502299101,1.4654982050057683,0.05481149533599462,1.4849450466956833,0.2644182593768234,1.2610910773284716,-0.16427162769592873,0.9808559182883684,0.42982447535898083,0.8110891942244908,-0.04395350544029319,0.6615303404322487,0.21797985056699273,0.6330685864332766,call_ca5206a4f854,1,train
-0.37890225026302,13.05627913729697,2.809050312257509,4.071363283221044,1.8839042301343738,3.0939043545805465,2.064279416141514,2.9713877246047984,0.470295506770495,2.082081332933281,1.7142148274329005,1.8420838937592567,-0.29416407168447783,1.5729012486057925,0.2691078193352947,1.350510832118114,-0.22526942218530638,1.0697558896546357,0.3578638980363585,0.8411053772422821,-0.1336421728722228,0.7694353158128846,0.21322880593058186,0.7157797015294421,call_cbad95f3aabc,1,train
-21.084839992702747,17.066707074816275,6.6128545736878825,4.5420512366870085,2.106145895335843,3.043403571512803,0.8133868044658603,3.2474754707621303,0.4376279053280582,1.804639256766077,0.33584365900688357,1.6061225936280763,-0.3156728117655063,1.2453478365705004,0.017639612749525108,1.2541020709694004,-0.2200839966987906,0.9963375623490426,0.041412397086573446,0.8460179164733378,-0.051887844728160507,0.7900090878580919,-0.05310928414828803,0.6781109250008762,call_cbb902adb22a,0,train
-14.994355760241469,7.795134706280131,6.247769505087126,3.6014549652082324,1.2589085492718262,2.2400451123649225,3.2093936266291347,1.7592444428893919,1.1323762139332298,1.636869934557739,0.9353341343010585,1.5488126092936152,1.3386876612075136,1.384429083516177,0.8263971499765064,1.2931346723086212,0.25991332073629736,1.0888556575346908,0.746654293817919,0.9472969668766961,0.19925266212669862,0.8140724473634592,0.21154068457178787,0.6315940406026769,call_ce3072c8e106,1,train
-9.704422767769547,11.182753518134916,7.044948535802103,3.8351249616963323,1.2682688920200755,2.6835305033372583,3.665722083646442,3.009121892801726,0.4086303203071858,1.7900427720243237,1.22452053679269,1.721646679365819,-0.3088688126026987,1.588800147414597,0.13123242016282394,1.3116896207894686,-0.28077161144935525,1.0994669230776462,0.09155234399729405,0.8578679360334336,-0.09981120936968577,0.7056809724395253,0.0010316075461138524,0.6818997334978387,call_ce6146a1c53e,1,train
-0.8789993825144646,10.503337112923377,3.29184634159692,3.8469947789865473,2.366417365246566,2.774382552550997,2.199808015595599,3.017191655198103,0.6511555394232682,2.1024306548902185,1.8586009845230371,1.858922210143312,-0.4404302572320641,1.7698293420526003,0.603085599030529,1.3563420325113453,-0.2814654249585388,1.059034528985295,0.3412718839144523,0.9136795023863463,-0.23317374462731416,0.7587483378337976,0.15301309997863285,0.6941782023491156,call_cea74e96e420,1,train
-11.369928492744576,11.8760489047886,11.17958638645764,4.583760636672231,3.0405854172491815,2.7703376247754803,1.5613300997180535,2.3916243893058606,0.7752550422642519,1.963179850508092,0.686196118415485,1.5974826007422538,0.28920985042898373,1.2737317890876259,0.5209190884863545,0.9365825545307306,0.7027786021992342,0.9476520003503925,0.4011555231069282,0.8097209630123334,0.32563867185830264,0.6247089180208865,0.11891655347331784,0.5550491786461506,call_cf313f91b995,0,val
-9.070157887357777,7.351393010645326,7.664330998217109,3.245362927228242,2.017924166328426,2.483647426146362,2.789265688988939,2.112989361988271,1.0593047928085393,1.7168512819371853,0.8703835457160225,1.5325982142473953,-0.38900584646477565,1.6297834421122426,0.0639166527413706,1.0798878794319189,-0.33614597774961147,0.9552529281964373,0.49431132350225504,0.8528663283686989,-0.08701503828084986,0.6997529527195001,0.16355785761383754,0.6442470111399171,call_d0442c9e97b7,1,train
-14.878198089260867,9.055564240229392,6.629738555564366,3.644878242684657,1.2888211081923449,2.2023266047899224,3.3594719678747103,1.671217817740463,1.374859494492112,1.700002359166071,1.2070483884454277,1.5949248606958806,1.2238177792486615,1.4171152818119879,0.8386557320718899,1.2766316084333917,0.2600192161018945,1.065572891437408,0.7799093349414676,0.9085201285258552,0.2545766308993584,0.7249219233170766,0.30616595726769913,0.6242616028213234,call_d13864e1e455,1,train
-14.26715248357573,23.263030316375104,8.48073588929543,4.870974061888159,2.1476812935590517,2.828859545135928,2.4783136558288685,2.28104308108224,0.2124174001619371,1.9127820934751654,0.49584863601560986,1.4983376495992193,0.8914815372750993,1.5161946324495095,0.25276806402695917,1.1893929654985385,0.49790239808170234,1.0654040824972166,0.489470510112898,0.9317771714680372,-0.0145900381774017,0.6942476331857522,0.13408040302827529,0.7143432586447928,call_d13e6463c6fb,0,train
-12.427132326239452,9.469580348886359,6.723254208352139,3.8482387173514154,3.056735577673371,2.4816655325230985,1.7577153622240869,1.920809142124837,1.4812246549154782,1.5134395277380805,0.8672353764796016,1.3733061674158469,-0.11745210589542424,1.2573190988100915,0.23299960381252868,1.1259793005764391,-0.19633543717976562,0.8980143585256022,0.3782196463892966,0.7413086455971115,-0.02330960486301694,0.6133246757993233,0.21660315001404795,0.5594582861925285,call_d147a02786d2,1,train
-3.6080726692966314,13.066478081998266,6.45509258212595,3.7263520030544584,0.5318847472367053,3.004586302060059,2.8834027271773506,2.517954396503485,-0.04025461266617997,2.0195896808874654,1.7734953707808436,1.7896860505646242,0.1541346367061461,1.4531022007142755,0.3600580321529767,1.35364861628147,0.4197378231697274,1.1229459057851547,0.32630625592384355,0.8782422570622954,-0.15225557175398965,0.7468884510656529,0.014152390839967943,0.6205145194477517,call_d17b2416d506,1,train
-7.5621380829931795,14.937746162042451,3.3822740470730723,4.276917787798899,0.03450736616389052,2.780499295159224,1.3369709396252478,2.878628471248904,0.45386912074531094,1.844943628775084,1.7213280791637129,1.7575155897133374,-0.30553030404067616,1.396623818491769,0.6096036752350666,1.1998000747237085,0.896452382804326,0.8948249853408883,0.3802558683864837,0.8094069740988574,0.10792686429797076,0.7684428424615805,0.16554542489970225,0.6352294129126284,call_d38f7d5159e7,0,train
-15.908382793660522,52.36871154877347,4.765763314540633,6.374757703312271,1.8559216275622508,4.297069656402876,1.747210506770234,3.039142572892866,0.8543808705982647,2.248852068232217,0.2976825905373188,1.86254259917653,-0.07266953011921624,1.5535990094178795,0.06707271999021186,1.4218961255535774,-0.035483717173933296,0.8800701949357118,-0.05154216362863433,1.1727625386110292,-0.24067923024222673,0.6897284940852775,-0.047239112044960285,0.9508340017256088,call_d3e854cbb77d,0,train
-3.3500038075228593,12.301721717732494,5.538964688465837,3.6448519400608217,0.017843052015830474,2.8252399792681673,2.990090372255502,2.713556820506254,0.22755345681782735,1.8360804668573056,1.666556110644547,1.4503271478723967,0.34521972304328574,1.3294448999390915,0.20221472295778858,1.1561392298493338,0.2522488077093954,1.0198721631818937,0.2959814838716808,0.7641938301325871,-0.14649988305505704,0.7183071074863718,0.032414900795959434,0.5975984388871634,call_d437831f4543,1,train
-9.242632938607258,13.140811108054487,4.550368292815605,4.695552992344755,0.12605099662354718,3.0225190524266248,2.7926495237926927,2.4477783796469437,0.30899514088829594,2.0647148441517738,1.5605502867971646,1.8856745055415163,0.701232511551652,1.6541548316607524,0.08296360912635822,1.5239227117538587,0.14579510692073983,1.320894525517225,0.3594706496603706,0.994137980260087,-0.10613216090510044,0.7462447178640219,0.09274708407221746,0.6335761663610879,call_d4518fcb700a,1,val
-28.697212384131042,15.029628062898325,5.6388768992832485,3.8324466215386375,3.3547496572166287,2.1267649242670887,1.985061987237421,2.0990725555465275,0.6980144367287815,1.4372188501543715,0.6502864858879898,1.5344040950197668,0.2525550605926936,1.0751680868564895,0.4203590105799006,1.0175433906128164,0.4976378319561193,0.9408639309256455,0.23272414156888027,0.754705394021235,0.14666617900191278,0.6510566169822415,0.011830164673204344,0.5810059319508735,call_d557fa43925b,0,train
-34.759335193112605,33.654246584857546,8.34602459272942,3.720744332119915,3.1792991606039567,2.6314558335656684,1.275373815337738,2.4449726184203695,-0.4200170878818264,1.9899693650715018,0.3634423527615989,1.7658835552697365,-0.32753602038569807,1.4088552120475892,0.2259179087055525,1.2092595240969737,0.15723131436544396,1.0574652051415387,0.0022638749930906643,0.9468262238695887,-0.2820187004040854,0.8506545630873138,-0.08544707219528003,0.7316934720237276,call_d5d00276dd35,0,train
-10.328932534252257,19.315526243232185,6.57118804663445,4.594633493251085,4.003051197775996,3.152817339711134,2.665451135354994,2.6762464866201205,0.6847116267367195,1.8454818923762566,1.0651090206299092,1.599874781804393,0.2627613359997875,1.363833307220528,0.2517707115086163,1.1430787547240424,-0.1655600215247213,0.9935883888223517,0.2528300411811201,0.8581845615870061,-0.003685023444823553,0.8179095559197138,0.003381427241787527,0.7200790722747935,call_d60330be1b1f,0,val
-12.705788071603727,43.67889602282889,5.3044468617530525,5.245444416367343,3.4860847272236812,3.1022520482662523,2.284562685555784,3.099657790834752,1.3152987593746062,1.7714117756098746,1.4315423485958334,2.424147544057345,0.10066710250316596,2.2215062757084403,0.315682877681714,1.6019984582718487,0.2706813868702044,0.9860346436304241,0.1550396544000695,1.144738015796245,0.29615752339291623,0.6530727426009049,0.28659482358082766,1.5882240796017042,call_d72a7cb67eb0,0,train
-11.727604606124995,13.349004106755649,7.850292160468197,4.0118632607601725,2.437613389768358,2.985984391362978,4.384910248269628,2.691774825173629,2.1977080457982696,1.6512034127574644,0.8568149658207174,1.5358994426993315,-0.5449922103166938,1.4136539296273776,-0.012368942603022182,1.10002614602205,-0.33227383146712686,0.9035208811834696,0.15995877307656559,0.7136254454065595,0.18569996114384357,0.6762029491029556,0.180295448524492,0.5931856915991801,call_d80d9f6f7884,0,train
-7.267632151770208,11.366285236003785,5.191937665635064,4.577295853638675,0.06843929310343456,3.0033531682495993,2.758426664176637,2.458314810009997,0.30598613365622035,2.0428823514634376,1.467756338762763,1.9186957120470831,0.588493628467303,1.5746656100421712,0.12899780990533358,1.4339274829880235,0.14323710821241084,1.4063883699532518,0.28749595883408596,0.9816046298003542,-0.11437371585737711,0.7544854631108696,0.13159211292236872,0.6851834467874969,call_d88d3c23953c,1,val
-11.646811934367673,13.378708902827087,8.091464867728714,3.6651133488113405,2.5546773805137235,2.4949635114254205,3.9504070007809355,2.7625351372587796,1.1204554594410654,1.8477333791469237,1.750466931021449,1.7704824635750656,-0.45733827847236896,1.59058631669962,-0.07439793934069408,1.2377369670335565,-0.46793283056837054,0.9884891011830677,0.040227986019672174,0.8037840033281333,-0.05801586064049476,0.7051848059679572,0.0013118543269502875,0.668477827344398,call_d88d8e15e430,1,train
-12.198257779426397,14.048898138181919,7.5130777771474815,3.6115800998028815,2.3938024318406486,2.420514112202201,3.813504488116889,2.787634109830049,1.078882209601809,1.780241497066485,1.8155410825218654,1.6451575947899737,-0.8111857428310452,1.5970015301488896,0.13823260546086585,1.1227094964330002,-0.5114154008587496,0.9404855526225536,0.07263256658677592,0.729599650168695,-0.045814148286413996,0.6643079363163157,-0.03019991509834212,0.6208041778315099,call_d89caa393417,1,train
-9.612852594121883,13.893441813306513,5.2824828246309465,5.030640660591386,0.33637409856667955,2.741334527810264,1.904703156197182,3.058799441183221,0.24001018675994923,1.7122276847271902,1.1387956485181943,1.8090059396313674,0.16117077830517096,1.5556773198321527,0.5597334817710706,1.311232453655307,0.08508037447678203,1.034835755370779,0.24629448201166027,0.8727009856797161,0.11341016247982895,0.7044712415151659,0.1981022840209299,0.6024536786358087,call_d9b9c625f406,1,train
-8.516874742701523,13.25729499716624,5.117792553433383,5.3474433828211545,0.7820722218656992,3.106699827874067,3.2427925683824186,3.47223834974238,0.6547544145068066,1.8757346113707793,0.7058467569142488,1.6248440157426156,0.3805580430887407,1.3518230289670004,0.39905025436380687,1.1191267387413988,0.3348581572142025,1.0222863717251531,0.2277492959669224,0.8992549331178676,0.04002074803811425,0.7133970148860022,0.09997331153705136,0.6365107586909012,call_db5326bcb672,0,train
-12.140266237184555,26.684841689216753,6.917625039954057,4.731048742241809,1.087274061654507,2.9991002756246483,2.587487988643896,2.814440757548228,0.524765579351803,2.0958125692191714,0.9003788324095094,1.893615585016618,0.745230708100649,1.454148831414964,0.0950611847057734,1.4431867519921189,0.14216527404907012,1.155323778699023,0.15851325129278737,1.047753947798175,0.03913200958854416,0.7196063424048745,0.08138310501480517,0.8165234995336574,call_dc1a55102190,0,val
-8.696954240289351,13.465664884888033,5.658468228106146,4.417520574627952,0.3742827175350817,3.2306271565142826,2.2802843820202674,2.639957628893827,1.0273703102053178,1.9890437563092103,2.1006661873882027,2.0613621277100034,0.641628243621664,1.620014329038509,0.1694295781410313,1.491404629839593,0.3896108832423956,1.1942286279651653,0.5594404387312855,0.8540673732945553,0.21714369591721677,0.7105418355313291,0.20368842601772147,0.6063998627617578,call_dcdbcc7d70e4,1,train
-24.77127258037678,16.992881314665592,6.143503686487798,4.84654507164169,2.972246989051404,3.004039540808184,2.195888542991593,2.770929160790651,0.9406283965938556,1.8036472874030056,0.43270266884249853,1.5542854315275831,-0.16920361757141972,1.2269019445117377,0.1824468586323041,1.1652892249327698,-0.3485511250071067,0.9233331690884125,0.0034998873218719875,0.7805212707985059,-0.06989827569618305,0.6615620382739896,-0.08460141448591182,0.613737915481338,call_ddeabfdb99d4,0,train
-19.567533237842547,31.123399890741272,4.034745733512596,5.038583956960931,2.195504884313945,2.6772383840669502,2.027711644482392,2.4731240456109114,1.5386480781523488,1.7880195704041366,1.2701312235647255,1.437742118525827,0.4338096186827515,1.5109519995501786,0.6214608694363624,1.1202231837411487,0.3593342665788909,0.8760319279205081,0.2748189341872178,0.6446125042207889,0.06663526821988816,0.5935793295877329,0.11208249335525788,0.5295399419095284,call_ddf2da1910f1,0,train
-1.9763433936418815,13.617074369648828,2.8124079484188016,4.076198439789989,2.137792666892069,3.1541742976085443,2.0242577707963276,3.1587583930754684,0.5751865495156216,1.9431094861792237,1.64669598687189,1.9563484501997284,-0.3113569980602938,1.6808529769829845,0.31786501051545635,1.2897300520647976,-0.2623379389474501,1.0627957404185473,0.33603589296562164,0.928707779213929,-0.13999186728282675,0.809449495953021,0.16512954114671466,0.6950416177416457,call_df3e278ab7fe,1,train
-12.166259093571924,12.911633328361656,6.506246647320376,4.41188616640398,0.8241276567961483,3.3612744272790858,1.9455368258019008,2.469490485583438,0.8903212589008336,1.940071818662046,1.8379952100253751,1.814359872545271,0.44085864231773914,1.508373299640181,0.3057679857684793,1.3346225240830065,0.412338765140275,1.08241683361143,0.4927176460525453,0.7948986891632107,0.2453290739995353,0.6522099260778491,0.1544388693337757,0.5620284794569378,call_df75973c8794,1,train
-9.110851614462593,13.02424927862706,5.90967727060233,4.5198974853742575,0.2591849419332918,2.5561785404278208,2.3992093677780106,2.8268772816203005,0.5367950032013624,1.6763084583340913,1.4815051084192081,1.7931941626332497,0.20407306870775493,1.6563602998604876,0.3542911377093423,1.361949198024262,0.06224613625058156,1.0412321560357933,0.32519354938367123,0.8255537649044097,0.10369533661738171,0.687568268725337,0.12233085365557858,0.6004638665050303,call_e0a8703be347,1,train
-11.188355039886657,13.070461764441694,8.281914489629578,4.448105731124111,3.861833491127778,3.206529358232405,2.71923260636225,3.0156130224935684,0.7794216729140453,1.7458646377751268,0.9677506768771176,1.5110799289451484,-0.6143128400325338,1.337880361570001,0.2055478735994879,1.0926478215455555,0.0797173941895577,0.8713470297737803,-0.03816664359069047,0.8391814203985224,-0.11694796609809188,0.7507640305370047,-0.10645992788606937,0.6444843415452403,call_e0c1f661d9ca,0,train
-5.665644833175083,11.806363529905227,6.333607987416636,4.380444523152032,0.030572682980119337,2.751968989477272,2.6890968293631117,2.8482533747988525,0.6305121385654947,1.6412287260102456,1.4115205719548167,1.74837384306982,0.05005507774143404,1.6498182598551534,0.4381814722003038,1.2978163225823747,0.06925732336714321,1.0278108073358299,0.34999964751662416,0.8188668862218147,0.00932900012202259,0.716043861863246,0.16014311947579488,0.5889911503888267,call_e106a61086bb,1,train
-10.480595564491615,23.74188133909774,5.685613563940951,4.966118485001515,0.6687814161554756,3.1391024228811473,1.1958837329552394,2.873339792965344,0.18644658059653496,1.8908595611183798,0.9969109584916762,1.5686529652045706,-0.15280265408847712,1.4428133331628539,0.011310040547380322,1.2437887408203243,0.06194407787966451,1.103034524143539,-0.09986874719299571,0.9343315854583533,-0.025825365262894858,0.843857147068402,0.10657366570591545,0.7331340343657489,call_e118b75d4937,0,train
-10.122962864308256,7.999360397413359,5.9461085145903745,3.0801339403168875,0.42145309877757786,1.9950521959328744,2.7793039992508914,1.6477169938841276,0.8409504399842883,2.1862821921680142,1.7197908144798402,1.8414214642792521,0.7208636621821296,1.5104123740112112,-0.18099755812585183,1.3059450124443057,0.2624892505608064,1.1910478938010312,0.16267536247582537,0.9080279360829523,-0.21989172794958312,0.7506702747898903,-0.07635330366512011,0.6383721026126083,call_e2200941723b,1,train
-13.452567075566296,13.168401344745707,8.854141113354599,4.4317723796325925,3.6650613861854313,2.427425157305265,2.551735364505656,2.4525070555076534,0.08241342574143026,1.802052165439365,0.8087434324636914,1.4279072364424437,0.11444182480983761,1.3464281258310105,0.38954727418622326,1.0597008724780315,0.326264803860728,0.8812984890453956,0.04211589406161416,0.7746054768729091,-0.11859714687471626,0.6947613106286155,-0.18817946386941736,0.6229607792438699,call_e2d538297f0c,0,val
-9.075848866134002,10.218144848362872,5.049218335545298,3.6242511186125497,0.7014606037444655,2.2388509508711065,3.060462930114663,1.7120444151656247,0.7065675292714937,2.222237496128274,2.0275522098621632,2.137223669206682,0.5482306773633092,1.4227385493585867,-0.12961391651116677,1.4031668998739653,0.4882394476430511,1.1982511074733366,0.2970859674840961,0.9107206353664901,-0.11081709114205404,0.7359935803760395,0.16870596371090765,0.6175666395749622,call_e3064936e37a,1,train
-10.15141187903973,15.162112059830173,7.225176828282787,3.327957892380134,2.504255389837707,2.3784650082665033,4.197231190387884,2.6850726748598785,1.142236908350179,1.6031863439073266,1.5576298742081267,1.5296221005856017,-1.1328863640709896,1.480316541639487,0.2326176545520397,1.1854798911194355,-0.5501814109897273,0.9161682348658352,0.08341243124038372,0.7214866603236509,-0.07233641768469792,0.652783123258105,-0.038379417912541056,0.5890470012413304,call_e3084824935d,1,train
-12.345660275993545,12.961569456558959,6.220620036160834,4.7778142216263575,1.844720906111124,2.7429799593412327,3.314033942961112,2.322018416779792,0.6296707882269108,1.8618027125548433,0.7148826884606474,1.5041954161897269,0.95106099693442,1.4869770173232792,0.14713101943297535,1.2449792578430505,0.6400699608371457,1.0351974002000925,0.49476005850313093,0.7780769056501745,0.054698682788338095,0.7039593257827191,0.10165101295952506,0.6390559451623713,call_e31bf946a8fa,0,train
-8.485259690422497,12.967791908853886,5.6267078191304645,4.161515632605221,2.298329705095928,2.57626976587555,2.6140712406320725,2.848732452365529,0.8469814406774997,1.525450023435367,1.706056598021845,1.5255387046143492,-0.11509851117347653,1.6135433557605559,0.5898654475702995,1.1471087163240816,-0.11930139920587313,0.8745130055030153,0.13747068478811497,0.7598174615494194,-0.2122443379028386,0.6280482951759813,-0.15448118074950862,0.561067565481113,call_e329faf2b6a1,1,val
-8.29183569771872,13.649476681279712,5.289859027846369,4.228013370600173,2.025472116324454,2.793677177929453,2.5050843340186604,3.2794481300280256,0.9091681547429022,1.8632186477346664,2.0122536129396793,1.7826147701186519,-0.03844601950660914,1.7332424034246352,0.5692120942992605,1.3780692505108687,-0.2535801645880519,1.0906853271528,0.1974984255475197,0.895091973120075,-0.1479317292806212,0.6969063942796859,-0.09577286619379952,0.6394518844971412,call_e3f555297277,1,val
-13.3263281406254,20.84287109068337,6.320189012582569,4.713994682756713,0.8835560809000798,2.7186210126562047,3.368368474744683,2.346523934110975,0.8577781629660677,1.7354355083406854,0.6616648788396426,1.4889916121533833,1.2057006375536816,1.466715510966994,0.36431138969651244,1.223650401343402,0.5755661590989456,1.0548817446641945,0.43204970753897115,0.8596649900221002,0.09520866644259861,0.6731148749827842,0.2321347141806236,0.7004132825444479,call_e4d9c2e0947a,0,train
-12.319361654673497,16.710172408771545,8.30596404360996,5.562835867983157,3.832499223320754,3.2276994143300763,0.648951293495683,2.527006643833218,0.5314612550517779,1.9185373984407141,1.0505751423519758,1.6484187742811844,0.1077292894253293,1.3110264564791905,0.024937952375138628,1.1107309811411001,-0.1539181809802574,0.9488475521010649,0.07479858987976215,0.8076126717859466,-0.2884890506895675,0.7263657207169363,-0.14280022585423166,0.6237824151550599,call_e58669998b76,0,val
-15.1471377695609,18.05980287633205,4.636366124518207,4.734934958604622,-1.125621447558371,2.909657892514521,2.041039126928843,3.611436893572313,1.342916173816935,2.3503227452559106,1.2661809136045008,1.7553550000241278,0.5240321330275999,1.5828182671221187,0.2204024300956723,1.3328496548383186,0.23877005823366795,1.1181324076056616,0.08750502426507777,0.9084526061977886,-0.03405716098080884,0.7575003735053815,0.011938626298238686,0.6562826162450024,call_e618b7b1fa5b,0,train
-13.442328478288186,12.039501167533038,8.483574891316604,3.6158433509527708,1.8214146013255141,2.449435090408906,2.9930526514083526,2.4064034065349085,1.1568659761221798,1.9641888619868322,2.054570846965488,1.75563617712559,0.6670522419650826,1.6138226485359837,0.12221617088580079,1.3881731758392726,0.5674002842520827,1.2111027147354008,0.4605301683123575,0.9524004291047292,0.18564871219468568,0.7272586262557554,0.03722402297142287,0.6262758863816724,call_e697765a4dfd,1,train
-15.06767246498934,14.489298406058111,7.123390662503113,4.367542140571194,2.765645551112046,2.6325951307061266,1.986353425278971,2.930224953146253,0.6944219477149692,1.8156211983178692,0.18831717222947664,1.5257287180132935,-0.1160827341085458,1.2148138679306792,0.18289491820848697,1.0936408542506966,-0.11354437444206306,1.0069344169729064,0.2534838759486845,0.7597764693154792,0.12489997853150248,0.6929345073301824,-0.10196146741961282,0.6391181412579793,call_e69e8ba551e4,0,train
-12.432007559899017,9.686260809120453,5.441654839119541,3.976367667526552,3.115342303780947,2.6035364205253573,1.907451462406338,2.164213234003348,1.5330137335856926,1.4459932747078885,0.6805703862887134,1.2769028702627585,0.07970862907410194,1.274746826614301,0.45608295246227537,1.1277892880284357,-0.19451225697504226,0.8170320576155232,0.5436173684100494,0.7384076500425892,0.0011891413756026311,0.5874122042565338,0.2880840130631236,0.559303237768197,call_e6c59d28e6d7,1,train
-12.013937314822837,10.739745743344303,4.0058947112536485,4.322011180932975,0.8483133855199951,2.485932106030363,2.571489883920521,2.259647234231358,1.0739930347565227,2.3608955810521888,0.8226087500542916,1.5459178508604527,1.1731588360682963,1.3226196885996402,0.13253274541667215,1.219966800225719,0.17661322810792868,1.1180244715735026,0.5852262419848262,1.1560936312781152,0.08022823815832782,0.7796918614103469,0.1700545321228771,0.6833618583288851,call_e9bd33cdb226,0,val
-9.755614830718523,46.73171313245248,4.200671634854592,5.796932745045952,1.7794858623147434,3.1518942317479395,0.6316724857787871,2.418245453706627,0.31979242234622823,1.9000584027357768,0.9739971979157969,1.6077584611164006,-0.05637626698387557,1.4844076373740223,0.07874415989246916,1.0267950245955728,-0.05699190706480603,0.8779546094334685,-0.04456054544688894,0.758013654291378,0.04442728926835877,0.7567734557347144,0.021650174977176084,0.6328932308982724,call_eb1c9a5a2c08,0,train
-7.73261059320674,9.168545564096886,7.543464720201232,3.493423410969619,0.9334382134419626,2.776780253167181,1.8235611496413129,2.142445816142263,0.9558103801875495,1.8101615731468597,1.9332549269653507,1.8601160571052975,0.4518246054245261,1.4930863299119768,0.34524999603556655,1.2123154029970808,0.47282267800259137,0.9575852673855839,0.42287561336724977,0.7205599421714334,0.21724618713851393,0.6513381332677002,0.14210017291436988,0.5647621256400815,call_ec545493459e,1,train
-9.850571098421716,16.0259488329445,4.412300157311939,4.861605302510544,3.0612059399650597,3.023501555722802,2.0805082643353074,2.958895687411474,-0.08977550837534709,1.7971603298463088,0.38189852089308185,1.7430554541040766,-0.7663938865359436,1.4399013847653552,0.5139860226085257,1.1261246132674312,0.04027910916745431,0.9755071425865194,0.27057224966273574,0.7869837046478522,0.02586498965905469,0.7153031350715509,-0.08433579598007637,0.6313211088162524,call_ec58505fc522,0,train
-1.2469221946717148,5.595065639902193,7.456481696387835,2.1880696229156893,0.9264786336368305,1.852478013864067,1.9491674615670027,1.491304207707467,1.093373466746324,1.665767212036452,1.4229993845987012,1.2985306313525282,0.2825737449639193,1.3615717276517227,-0.14272910352744678,1.1301757525466107,-0.3349340575344787,1.0718103545729225,-0.09007079851335742,0.8607926682363451,-0.4067361675693706,0.7748360918888362,-0.09579890054419929,0.665125416677252,call_ed020e30c242,1,train
-10.090738692919546,10.056753806868402,5.801473276006589,4.3674763761053335,1.884260920985131,2.8188232952714567,2.0048673008681965,2.5234505820314017,0.7288706571473771,1.692217350109307,1.4690115168856825,1.6899702800573473,0.5022923357865815,1.175432980287386,0.23130402073219747,1.0909011188406288,0.5930665666491928,0.9342659545922217,0.4447853429106192,0.686089827004838,0.20755910908191497,0.5732263771634126,0.17639684335107036,0.5134578869899526,call_ed041799aed9,0,train
-1.7464557174059647,13.597066435338872,2.41122754010123,4.25913065027673,2.259019796950769,3.200487901487922,2.2885456953576533,3.1652999397682624,0.5539123206803089,2.126154570757495,1.733957439944123,1.9216153882610765,-0.072949462988547,1.5770999189729564,0.5303767392286606,1.3099818471135634,-0.23595264910197708,1.1567686832605615,0.3851755332429472,0.8779395745957774,-0.16541963589274172,0.7576609425525759,0.13820974144244103,0.7213421991781959,call_ed99e3ea3f0e,1,train
-23.265570357515728,15.785022240926985,5.748457823105435,4.011239906144474,3.090821789947229,2.2956729602249624,2.198838775448247,2.118596685434403,0.7136650909251465,1.5853317320343432,0.6193083517333592,1.5341567560453198,0.4092847500257388,1.2163375747681489,0.30174801631852943,1.154744617897343,0.44912140909737097,1.0429840166887288,0.2669673136504199,0.8410387840030332,0.031948998539781795,0.7639083809271563,-0.018167882896610532,0.6109515264056371,call_ee227bc9d7ac,0,train
-7.136593013233304,13.721803714686299,4.812064675089383,4.329483622045531,-0.04968554368851158,2.6890223414852694,2.758470621477729,2.5231102810706343,0.630935871596769,2.0959514974880253,1.6373919882420496,1.908723084826067,0.5587947580544239,1.6182720106317434,0.09699945856322748,1.534641662053708,-0.013884206117238018,1.3133541041611585,0.2869980884509026,0.9753471720845104,-0.14374115274402297,0.7739243678597001,0.03821267311135659,0.616254075222063,call_eed2c7389776,1,val
-14.187244646779996,13.910206776150929,7.825853255061711,4.412148961998309,1.0034058865241795,2.92218764227994,2.2719190700156604,2.5796163639080785,1.831872319608245,2.3896766825586258,0.8981457744358354,1.6038767787935304,1.5648909193569218,1.6649922157774604,0.32133782341118977,1.30403863637738,0.20211430242598832,1.1233157585915958,0.5960412280272203,0.8785574343810701,0.2548041392889093,0.7478311394831032,-0.09829261485300606,0.6485616025065247,call_f003741555a1,0,train
-11.475012127891796,11.361074847247611,7.399923230054586,4.099356724872405,1.2697049305209709,2.877071358524656,3.7803226550368803,2.979993137479024,0.2422950337952176,1.7035499169144492,1.2736463212991023,1.59062944751,-0.12114428550468409,1.5213719474060257,0.15279378314406616,1.265987991623787,-0.2378439092492689,1.0467267715782236,0.07568505259741458,0.8914664628305862,-0.12210361018685253,0.7880348930611633,-0.048623275454181325,0.7087260602061579,call_f0ad1cf1aa6a,1,train
-0.11335793473198386,5.779442877318552,7.538282678156021,2.127718829947475,0.7983622033539166,1.8137636779220503,1.982066996938625,1.418959814048204,1.0630733536146182,1.7638921760235153,1.297686880203008,1.257729539273962,0.368337171293295,1.3048588026745191,-0.18375115866651856,1.0886706728557347,-0.19034416508489338,1.0308076018952956,-0.017386165964739395,0.8512576543470353,-0.3401631214535843,0.7280754447310291,-0.05917220400999047,0.6725584802491796,call_f1372119b403,1,train
-14.934813283641242,38.92140100784411,10.302393803672595,4.888340228567018,3.9302789709354773,2.845448937298806,0.8806499683216549,2.578253096044788,0.8628721088406627,1.7867682349282825,0.6500087417691063,1.5733186723437609,0.42306135130791045,1.4760719216346427,0.36329326493981495,1.0993584421836096,-0.24508583755660474,0.833428998413975,-0.10800039065116622,0.772839097546227,-0.14613416230348325,0.665945901034012,-0.0208708174566542,0.5729939933642719,call_f1b82a4a46f6,0,val
-18.314173435075464,15.169543590510397,5.322362282229576,4.56770591830018,3.458296950250369,3.4766077906318276,2.189143914915586,2.678173479814603,0.4546421265642865,1.718211436433316,0.6525949481874073,1.484536896198495,-0.053494183027979474,1.2653417071656479,0.4329126758944958,0.9734132426456789,0.14461174450304776,0.8352212877925628,0.2556917200173242,0.7224524848582832,0.009643779171144685,0.6415551135954944,0.0042701354675005465,0.5659491489882308,call_f202d4ff9f96,0,train
-11.197098692209018,14.243049505065327,5.4450603876476915,4.278106045276104,0.6226252485243536,3.2280130947598455,2.276055886267205,2.6058291566215948,0.9630295283383927,2.0104428633958626,1.9176708453030904,2.0857416068737447,0.5123908595400593,1.7174956840763154,0.2886825225286827,1.4309985986891076,0.4407869152122662,1.1573075896453373,0.5474465805295107,0.8505195541627388,0.17722399261945096,0.7095892269923353,0.20515281077532405,0.5864201304462537,call_f23bfe7d0e9e,1,train
-13.54366721908699,16.207449362744786,7.080865848387203,4.621703028858604,0.39004031245414306,3.2607104365994553,1.2359015352857974,2.875014534629744,0.9560571875570059,2.413753711901982,0.8367306917782201,1.9547341956561695,0.42262307412410305,1.8624763227025163,0.20927132948407778,1.5108052001064525,0.5026367477100625,1.3111003688394782,0.36574552278743966,0.8976535009490617,0.20042004009929473,0.7854619256790926,0.2807162966477299,0.6888053346013651,call_f27db4ab1f5a,1,train
-9.788568766149647,10.447593852418182,5.436882446895586,3.630477982748011,0.7908985267877191,2.1279490178333855,2.977460500217868,1.5657879313793814,0.5059518843342029,1.9724624798831967,1.5540502680129178,2.0290668832004157,0.7698996981967099,1.4479639855685036,0.1421101912988279,1.2978765698399917,0.34578939511695667,1.086877328532874,0.3858683316593877,0.8288561183043938,-0.029903864840188775,0.7164780637663287,0.11654162105398835,0.6034205401581193,call_f2ab1c408b36,1,train
-6.71801416805027,14.864899200863578,5.043036795427859,5.199483825767518,0.5477354240920577,3.412562312532561,1.2033678675310817,2.7693773666453034,0.7076068841944113,1.7671520741178803,1.312283928888581,1.7440043407940409,-0.2937024587289526,1.438617191900641,0.5132602452737092,1.228151807390267,0.49219206646906244,0.8774368375206121,0.21030553481490852,0.7987853141132004,0.4403622531360011,0.7273046938402422,0.09169121190878281,0.5861594838693099,call_f331303c4fb8,0,train
-5.633334858145675,9.297914391259427,7.189727102449224,3.4374204498555825,0.6457327449606742,2.9803139133672363,1.992960083709303,2.2808643844422094,1.0488716846034156,1.8792678836025831,1.9199184394986593,1.7989395441579323,0.3140181501236899,1.4165106425019975,0.4044686872890426,1.190538915457838,0.5145555435734875,1.001951662766358,0.3228361886740578,0.7059752870459391,0.22667947408121508,0.6059879404954962,0.13275261982092806,0.5344631252257028,call_f5251fb3b1d9,1,train
-17.595719335315103,11.431797390433106,6.106362150513858,4.835604769434484,1.3778917531541417,2.767118943749378,2.6932442275437953,1.8055156852712764,1.4201242722640384,1.7020624908700404,1.0679603177906472,1.4544448446642066,1.5757693135876436,1.3341346844214859,0.6647641205843358,1.2159155111073319,0.36917752937127707,1.0718785044287396,0.919161425818826,0.9119564864961935,0.3353999546616158,0.7719617591957499,0.3320378370114763,0.6351184615926927,call_f68d3459fdc7,1,train
-8.116249046369218,13.294161848615838,4.671466874812603,4.556376188927545,-0.21784784940094246,2.6490987898871277,2.7248631493003153,2.37105604143749,0.7301913023632385,1.919433532162814,1.3260090625927887,1.8580169730378193,0.564819707416781,1.5080005197979376,0.0019669533876942816,1.6386029960167519,-0.19960339163353694,1.3237592561599705,0.2203316833754877,0.9934204449797699,-0.07582861833569546,0.7218606412491974,0.08286026853178063,0.6268883747494743,call_f6ce5de7ac09,1,val
-7.903336142658556,10.565352582932094,6.679139541788784,4.128323001290597,2.221107161710332,2.7995353251422985,2.2434755441251997,2.974290384377789,0.7881480221581576,1.9437565675227122,1.6749258078187614,1.7516250633820818,-0.2657765930625976,1.717637700714901,0.5494215472104005,1.396354381771334,-0.25943529518556974,1.0381305859529086,0.045060820401775614,0.8670973547090628,-0.3205044320864241,0.7025384935744123,0.023026193449564886,0.6420624107729155,call_f9fbabf70f7e,1,val
-6.7063321469995785,13.810915060302934,4.119135315291923,4.679983118208595,2.867569512416074,2.8031059544939483,3.536682915351012,3.2961047633693674,1.046702164872922,1.9635293878600062,1.5801692112559336,1.5830450785430312,0.06646143658034709,1.3208677077074935,0.48199029244321945,1.0723666774354519,-0.01456621253528503,0.9119611945366907,-0.12000976007374303,0.855465514367773,0.0027626082729679353,0.6647661671028627,-0.19674750857930037,0.6813681566509695,call_fa26d1186721,0,val
-11.113645170660131,12.341801827248808,5.896809401387354,4.689504321232843,1.3627017050956716,2.833343380033688,1.793435058220053,2.8943303161429657,1.0333321203762926,1.8322945992028725,0.9684054266901112,1.5444009980435265,0.6529147155121969,1.2816890681578312,0.6442131329144762,1.1070922881122909,0.6836048298026557,0.9437629410177572,0.5453195276099887,0.7103538084668726,0.302619476895857,0.6462113597670556,0.20006950327737472,0.5898466090250067,call_fa4d7f2897f4,0,train
-10.287438109499503,11.888186043273151,4.914865289373056,4.4777810828394164,2.98331237484574,2.8197278532639896,2.692448636203671,2.959210450004298,0.7739924729668631,1.545652134363267,1.8458705070263208,1.5857701175058838,0.09448113018147851,1.4366267982908925,0.7512290228789652,1.075418261098064,-0.16779889394592667,0.9049745386156081,0.16988095252938112,0.7370424144943102,-0.2572524975006261,0.6188426977970143,-0.12477568501601402,0.6270751984636811,call_fa9e18dd83dd,1,val
-21.40298511763102,93.07471110673177,7.203217139974502,5.599359085522771,0.4819894778379451,4.555417490597105,0.43623729804772726,3.215015612772235,0.7936768096143203,2.5769369648903653,-0.1093736879629551,1.9677923498958758,0.1992298671934004,1.6995216390140009,0.2693774709797194,1.78068890708541,0.2127251840495223,1.0833068878398848,0.18705069751656173,1.5782973804310705,0.14529194872924953,0.7125629584949094,0.14004757744649615,1.2009583293627022,call_fb1405943fed,0,val
-7.5095956135641995,11.417766747735307,5.15890005230184,4.565304604776803,0.24172991763124685,3.0832859475309116,2.8638819300140304,2.500362546549625,0.6874940899502588,2.0886342502882664,1.046574551228472,1.8519639010638764,0.7177068760309666,1.5085515866415034,0.2956382140071532,1.566865516388155,0.1250017921032972,1.3586120063805949,0.3745298626885409,1.0088757058947853,-0.05675698477478418,0.7864525095808562,0.1724257017778043,0.6604736306897235,call_fc8bda4b3374,1,val
-14.907061995509187,19.20532140710062,5.6083967855449455,5.196183063451443,2.197157996067907,3.6281383462036203,2.5589347188602023,3.4081371268705345,0.19876699271191495,1.8439772794717806,0.7867204589117596,1.671850891795215,-0.052392932828580055,1.2935814435674768,0.4492477965457797,1.1300260724074545,0.07887401086248585,0.8730830665966736,0.3455661341772822,0.8116386622838276,0.22041495097113262,0.7885954722908755,0.06547073320778342,0.6665215994421717,call_fce92bad5095,0,train
-10.54694724746355,12.541024444023078,6.22504194971751,4.41144809907115,2.6784383743249487,3.2731428333766255,1.7677440578761205,3.558261893044275,1.44926683313503,1.822981857380948,2.1474110718559034,1.9911977795696483,0.0368712651475854,1.6216286182135065,1.1050282652640373,1.0515080020188394,-0.40425474414878276,0.9872368339412972,0.3331455830132261,0.7781014847267538,-0.16480262895048214,0.668161771328942,0.10073204507540912,0.6232427366550685,call_fdc3a7dac09f,1,train
-12.504249633307657,13.584455171499458,7.112522413944653,4.2541138646039185,0.9750846618780126,2.693308143639456,3.490461934364455,2.81703752032877,0.8685686221858437,1.8101717300465512,1.2608123521581622,1.6860980652539903,-0.2206790748045819,1.752368369642786,0.064009168088878,1.3078518264152763,-0.2699266861982837,1.1207729170304455,-0.03901444461974082,0.8844550811836444,-0.09616175010582222,0.7224986054108279,0.003109340711889619,0.6737685565356936,call_fdc44f969ade,1,train
-8.182856494196727,12.679744332621686,6.535112139175813,4.6691358803777625,0.3261881212135451,2.8687100569085735,2.0672500770173263,3.1288752712322916,0.2786939857279106,1.784200819659692,1.2472857004262181,1.8309685421715707,0.23409610591920527,1.5688357099814279,0.5473301051923867,1.391524517897087,0.04039480446742663,1.0646250026388289,0.36631060289824724,0.8262893321004403,0.044275951610685566,0.7256382989060719,0.15254770352779146,0.5996302150577949,call_fe828697f60d,1,train
-8.718398888523982,7.7512117076881335,7.633114349544801,2.7957520717485287,1.1805981544572735,2.2657026165178524,2.8111321893587,2.4173331570062913,0.9083572815124483,1.8216481735076788,1.6410653429659638,1.4653154567183115,0.01866267374214134,1.5274937750265254,-0.23826215200322065,1.1061414238713285,-0.3153345459441611,1.047690307056644,-0.053612331990896434,0.8399431061916114,-0.28021728808794105,0.7461043513016438,-0.07855951290466345,0.657416271593038,call_fe8e4fc3ef69,1,train
-9.701154426080246,13.279492060637946,6.457199722307495,4.684781204878275,0.48965440035160224,2.787389756831534,2.2085004488000863,2.9258944184757305,0.249316820530064,1.6799060034460223,1.2410956738791359,1.8780251746003847,0.2009133587251678,1.5751647842057601,0.38703834868377995,1.3751787941046887,0.026356479919808655,1.0134905194774118,0.3436564300021684,0.8220198586627648,0.06773112613425877,0.6953524946129541,0.11155801475173277,0.5915567870285203,call_feaca5a8cd14,1,train
-10.679726982266311,14.161209372127923,8.066924155828287,3.632200384662177,2.6178526022871247,2.7540992051047186,3.512778990768,3.3156692181404,1.119268195780717,1.8183264972527373,1.4533532386605352,1.5939034358464632,-0.6274143212959999,1.6057995540375483,-0.11189890880468535,1.1524961151738538,-0.5560616581831006,0.9105410436898617,0.13772422791112068,0.7342726651226303,-0.10256823191831943,0.6706006900923696,0.013359856007721008,0.6096722759777017,call_ff4042587962,1,train
-13.090824631965752,15.199507212022672,7.001506443484769,5.085061578502981,1.8421127970481876,2.790013132075029,1.492220050793018,2.591951110711743,0.341078637873138,1.8129110611055748,0.5928884720260761,1.4856170649558984,0.8961731767292563,1.1939930819104176,0.5486697752857417,1.0787297450035278,0.6003035822354947,0.924158143262496,0.6619673045826457,0.780869471502135,0.3210562789273991,0.6515633475191557,0.15058789923501184,0.5865581380518711,call_fff8cae57de7,0,train
